,Brand,Model,Series,Weight,Operating System,Operating System Type,Display Size,Resolution_X,Resolution_Y,Pixel Density,cpu_brand,cpu_model,Display Touchscreen,Cache,Graphic Processor,Capacity,SSD Capacity,SSD Type,Graphics Memory,HDD Capacity,HDD Type,Battery Life,market_status,Price (Rs)
0,9,945,243,1.41,12,1,14.0,1920,1080,157,0,5,0,8,154,16,0,1,4,1024.0,0,6.0,1,71990.0
1,0,6510,258,2.6,16,1,16.0,1920,1200,142,0,7,0,12,266,16,0,0,6,1024.0,0,6.0,1,105999.0
2,6,1428,168,2.2,12,1,15.6,1920,1080,141,0,5,0,6,8,8,0,0,2,2048.0,0,6.0,1,54999.0
3,16,5470,156,2.2,0,1,15.6,1920,1080,141,0,7,0,6,201,8,0,0,4,1024.0,0,6.0,1,67990.0
4,6,1340,168,1.8,16,1,15.6,1920,1080,141,1,4,0,4,4,4,0,0,4,1024.0,0,7.0,1,42210.0
5,9,2310,156,1.7,12,1,15.6,1920,1080,141,1,5,0,8,4,8,0,0,4,1024.0,0,6.0,1,47990.0
6,15,105,159,1.85,12,1,15.6,1920,1080,141,0,5,0,6,136,8,0,0,4,1024.0,0,6.0,1,44990.0
7,33,4311,156,1.3,12,1,14.0,1920,1080,157,0,2,1,2,130,4,0,0,4,1024.0,0,6.0,1,13990.0
8,2,887,435,1.45,16,1,14.0,2880,1800,243,1,7,0,20,255,16,0,0,4,1024.0,0,8.0,1,89990.0
9,2,7233,517,1.25,14,1,14.0,1920,1080,157,0,5,0,6,166,8,0,0,4,1024.0,0,9.0,1,45990.0
10,15,2691,156,1.65,12,1,15.6,1920,1080,141,0,5,0,8,155,8,0,0,4,1024.0,0,7.5,1,81090.0
11,2,7134,431,1.5,12,1,14.0,1920,1080,157,0,3,0,4,160,4,0,0,4,1024.0,0,6.0,1,46990.0
12,0,3677,30,2.1,7,1,15.6,1920,1080,141,0,5,0,3,312,8,0,0,2,1024.0,0,7.0,1,44890.0
13,6,2552,172,2.62,12,1,15.6,1920,1080,141,0,5,0,6,203,8,0,0,4,1024.0,0,6.0,1,64990.0
14,6,1359,168,2.5,12,1,15.6,1366,768,100,0,5,0,3,47,4,0,0,2,1024.0,0,6.0,1,44182.0
15,16,6202,156,1.19,12,1,14.0,1920,1080,157,0,5,0,8,160,8,0,0,4,1024.0,0,6.0,1,54990.0
16,15,130,158,2.2,12,1,15.6,1920,1080,141,1,5,0,8,209,8,0,0,4,1024.0,0,6.0,1,66490.0
17,2,7841,427,1.8,12,1,15.6,1920,1080,141,0,5,0,6,160,8,0,0,4,1024.0,0,6.0,1,50990.0
18,15,2651,156,1.66,16,1,15.6,1920,1080,141,1,5,0,12,4,8,0,0,4,1024.0,0,6.0,1,48440.0
19,16,4014,25,2.35,12,1,15.6,1920,1080,141,1,7,0,12,61,16,0,0,8,1024.0,0,6.0,1,114990.0
20,2,7649,424,1.6,16,1,14.0,1920,1080,157,0,5,0,8,155,8,0,0,4,1024.0,0,6.0,1,65999.0
21,16,4132,25,2.35,16,1,15.6,1920,1080,141,1,7,0,12,61,8,0,0,8,1024.0,0,6.0,1,84990.0
22,2,7822,427,1.8,16,1,15.6,1920,1080,141,0,3,0,4,160,8,0,0,4,1024.0,0,6.0,1,27990.0
23,16,4172,216,1.4,16,1,14.0,1920,1080,157,0,5,0,12,155,16,0,0,4,1024.0,0,6.0,1,40499.0
24,0,6473,255,2.7,12,1,15.6,1920,1080,141,0,5,0,8,206,16,0,0,6,1024.0,0,5.0,1,125990.0
25,9,947,243,1.14,12,1,14.0,1920,1080,157,0,5,0,8,155,8,0,0,4,1024.0,0,6.0,1,59860.0
26,9,1643,156,1.86,12,1,15.6,1366,768,100,1,4,0,1,41,4,0,0,4,1024.0,0,6.0,1,24955.0
27,9,2421,423,2.46,12,1,16.1,1920,1080,137,1,5,0,16,209,8,0,0,4,1024.0,0,6.0,1,62112.0
28,9,1741,245,2.23,12,1,15.6,1920,1080,141,0,5,0,8,209,8,0,1,4,1024.0,0,6.0,1,68200.0
29,15,2100,158,2.2,12,1,15.6,1920,1080,141,0,7,0,12,297,8,0,0,4,1024.0,0,6.0,1,82990.0
30,15,5567,156,2.25,16,1,15.6,1920,1080,141,0,5,0,8,209,8,0,0,4,1024.0,0,8.0,1,48411.0
31,15,6633,156,1.85,12,1,15.6,1920,1080,141,1,5,0,6,86,8,0,0,4,1024.0,0,6.0,1,38990.0
32,16,516,122,1.86,12,1,15.6,1920,1080,141,0,7,0,24,210,8,0,0,4,1024.0,0,6.0,1,71490.0
33,15,3127,189,2.3,12,1,15.6,1920,1080,141,0,5,0,8,209,8,0,0,4,1024.0,0,6.0,1,62490.0
34,0,6832,363,0.97,12,1,14.0,1920,1080,157,0,7,0,8,166,8,0,0,4,1024.0,0,8.0,1,84990.0
35,9,1173,48,1.46,3,1,14.0,1920,1080,157,0,1,0,4,168,4,0,0,4,1024.0,0,6.0,1,20590.0
36,0,3527,28,1.9,16,1,15.6,1920,1080,141,1,3,0,12,4,8,0,0,4,1024.0,0,6.0,1,26999.0
37,9,2174,156,1.86,0,1,15.6,1366,768,100,0,5,0,3,7,8,0,0,2,1024.0,0,6.0,1,42990.0
38,6,1321,168,1.83,12,1,15.6,1920,1080,141,1,3,0,4,81,8,0,0,4,1024.0,0,7.0,1,40190.0
39,3,7297,334,1.3,16,1,14.1,1920,1080,156,0,1,0,12,133,4,0,0,4,1024.0,0,8.0,1,18990.0
40,9,8076,243,1.5,16,1,14.0,1920,1080,157,0,3,0,8,160,8,0,0,4,1024.0,0,11.0,1,49990.0
41,9,2180,156,1.86,11,1,15.6,1366,768,100,0,5,0,3,7,8,0,0,2,1024.0,0,6.0,1,50790.0
42,2,2519,447,1.8,16,1,16.0,1920,1200,142,0,5,0,12,255,16,0,0,4,1024.0,0,6.0,1,66990.0
43,0,3954,225,2.6,16,1,15.6,1920,1080,141,0,5,0,12,331,8,0,0,4,1024.0,0,6.0,1,77425.0
44,3,7296,334,1.3,16,1,14.1,1920,1080,156,0,1,0,4,161,4,0,0,4,1024.0,0,8.0,1,17490.0
45,9,2231,156,1.7,16,1,15.6,1920,1080,141,0,3,0,8,160,8,0,0,4,1024.0,0,9.0,1,32800.0
46,34,4164,156,1.37,15,1,14.0,2160,1440,185,0,5,0,12,155,16,0,0,4,1024.0,0,12.0,1,64990.0
47,0,3678,26,2.2,12,1,15.6,1366,768,100,0,5,0,6,310,8,0,0,2,1024.0,0,7.0,1,50279.0
48,15,6664,156,1.85,12,1,15.6,1920,1080,141,0,5,0,6,160,8,0,0,4,1024.0,0,6.0,1,42990.0
49,16,5343,156,1.86,12,1,15.6,1920,1080,141,0,7,0,12,255,16,0,0,4,1024.0,0,6.0,1,72990.0
50,0,3963,225,2.5,16,1,15.6,1920,1080,141,0,5,0,8,255,16,0,0,4,1024.0,0,6.0,1,70990.0
51,2,5829,447,1.8,12,1,15.6,1920,1080,141,0,5,0,8,155,8,0,0,4,1024.0,0,6.0,1,51990.0
52,15,177,159,1.6,16,1,15.6,1920,1080,141,0,3,0,12,160,8,0,0,4,1024.0,0,6.0,1,32990.0
53,15,108,115,1.65,12,1,14.0,1920,1080,157,1,5,0,8,80,8,0,0,4,1024.0,0,6.0,1,58990.0
54,9,1795,243,1.75,16,1,15.6,1920,1080,141,1,5,0,16,4,8,0,0,4,1024.0,0,6.0,1,41989.0
55,9,1766,243,1.98,16,1,15.6,1920,1080,141,1,7,0,16,373,16,0,0,4,1024.0,0,9.0,1,67999.0
56,2,5585,374,2.3,12,1,15.6,1920,1080,141,0,5,0,12,255,8,0,0,4,1024.0,0,4.0,1,57999.0
57,1,5964,203,1.24,30,1,13.6,2560,1664,225,3,4,0,20,160,8,0,0,4,1024.0,0,18.0,1,104990.0
58,15,96,159,1.8,12,1,15.6,1366,768,100,0,5,0,6,160,8,0,0,4,1024.0,0,6.0,1,39999.0
59,16,4012,156,2.33,12,1,15.6,1920,1080,141,1,7,0,6,54,16,0,0,4,1024.0,0,6.0,1,69990.0
60,2,7135,431,1.5,12,1,14.0,1920,1080,157,0,3,1,4,160,4,0,0,4,1024.0,0,6.0,1,46990.0
61,16,5352,156,1.86,12,1,15.6,1920,1080,141,0,5,0,12,259,16,0,0,6,1024.0,0,6.0,1,89990.0
62,0,3926,225,2.7,12,1,15.6,1920,1080,141,0,5,0,8,201,8,0,1,4,1024.0,0,6.0,1,68990.0
63,15,2797,156,1.3,0,1,15.6,1366,768,100,1,4,0,3,43,4,0,0,4,1024.0,0,4.0,1,18990.0
64,15,2763,156,2.2,12,1,14.0,1366,768,112,0,3,0,3,129,4,0,0,4,1024.0,0,5.0,1,38000.0
65,0,6530,259,1.7,12,1,15.6,1920,1080,141,0,5,0,8,297,8,0,0,4,1024.0,0,6.0,1,74990.0
66,12,5739,156,1.24,16,1,14.0,1920,1080,157,0,5,0,6,160,16,0,0,128,1024.0,0,11.0,1,39999.0
67,2,7739,156,1.9,12,1,15.6,1920,1080,141,0,5,0,6,311,8,0,0,2,1024.0,0,6.0,1,51990.0
68,0,3596,28,1.7,16,1,15.6,1920,1080,141,0,3,0,12,160,8,0,0,4,1024.0,0,6.0,1,29200.0
69,2,7189,156,0.98,12,1,13.3,1920,1080,166,0,5,0,6,166,8,0,0,4,1024.0,0,6.0,1,66490.0
70,25,2704,126,1.57,16,1,15.6,1920,1080,141,0,7,0,12,155,16,0,0,4,1024.0,0,6.0,1,62990.0
71,2,7735,156,1.9,12,1,15.6,1920,1080,141,0,3,0,4,160,4,0,0,4,1024.0,0,6.0,1,30576.0
72,9,2214,156,1.77,12,1,15.6,1366,768,100,1,4,0,1,41,4,0,0,4,1024.0,0,6.0,1,21999.0
73,9,925,243,1.6,12,1,14.0,1920,1080,157,0,5,0,6,160,8,0,0,4,1024.0,0,6.0,1,53990.0
74,16,5477,156,2.2,14,1,15.6,1920,1080,141,0,7,0,6,206,16,0,0,6,1024.0,0,6.0,1,119990.0
75,9,1790,243,1.75,12,1,15.6,1920,1080,141,1,5,0,8,4,8,0,0,4,1024.0,0,6.0,1,46499.0
76,2,4643,379,2.6,12,1,17.3,1920,1080,127,1,5,0,11,209,8,0,0,4,1024.0,0,6.0,1,64490.0
77,15,6917,156,1.63,16,1,15.6,1920,1080,141,0,3,0,10,160,8,0,0,4,1024.0,0,10.0,1,33499.0
78,15,6607,156,1.85,0,1,15.6,1366,768,100,0,5,0,6,233,8,0,0,2,1024.0,0,6.0,1,39990.0
79,6,1333,168,1.85,12,1,15.6,1920,1080,141,0,3,0,6,160,8,0,0,4,1024.0,0,6.0,1,44260.0
80,9,1617,156,2.19,0,1,15.6,1366,768,100,1,4,0,2,47,4,0,0,2,1024.0,0,6.0,1,28990.0
81,0,4537,110,1.7,16,1,15.6,1920,1080,141,0,3,0,12,160,8,0,0,4,1024.0,0,6.0,1,32990.0
82,6,831,166,1.56,12,1,14.0,1920,1080,157,0,3,1,8,160,8,0,0,4,1024.0,0,6.0,1,50733.0
83,2,4765,375,2.0,16,1,15.6,1920,1080,141,0,5,0,12,255,8,0,0,4,1024.0,0,6.0,1,90990.0
84,6,2915,168,2.2,16,1,15.6,1920,1080,141,0,3,0,6,133,8,0,0,4,1024.0,0,6.0,1,40300.0
85,3,6276,57,1.32,12,1,11.6,1920,1080,190,0,1,1,12,161,4,0,0,4,1024.0,0,6.0,1,20999.0
86,2,5294,315,2.2,12,1,15.6,1920,1080,141,1,7,0,6,304,16,0,0,6,1024.0,0,6.0,1,74990.0
87,15,2664,156,1.41,16,1,14.0,1920,1080,157,0,3,0,12,143,8,0,0,4,1024.0,0,12.0,1,38990.0
88,15,3306,157,1.5,12,1,14.0,1920,1080,157,0,3,1,4,160,8,0,0,4,1024.0,0,6.0,1,50990.0
89,16,5382,156,2.2,12,1,15.6,1920,1080,141,0,7,0,6,202,8,0,0,4,1024.0,0,6.0,1,96490.0
90,2,5027,303,2.1,16,1,15.6,1920,1080,141,1,7,0,20,255,16,0,0,4,1024.0,0,12.0,1,78190.0
91,9,645,101,1.32,12,1,13.3,1920,1080,166,1,5,1,11,4,8,0,0,4,1024.0,0,6.0,1,87990.0
92,2,5024,303,2.1,16,1,15.6,1920,1080,141,1,7,0,20,255,16,0,0,4,1024.0,0,6.0,1,78999.0
93,0,3600,28,1.7,16,1,15.6,1920,1080,141,0,3,0,12,160,8,0,0,4,1024.0,0,6.0,1,31990.0
94,15,6896,156,1.41,12,1,15.6,1920,1080,141,0,3,0,6,160,8,0,0,4,1024.0,0,6.0,1,48134.0
95,15,3099,189,2.3,12,1,15.6,1920,1080,141,1,5,0,8,209,8,0,0,4,1024.0,0,7.1,1,69789.0
96,9,2261,156,1.77,12,1,15.6,1920,1080,141,0,3,0,4,160,8,0,0,4,1024.0,0,6.0,1,42990.0
97,16,531,122,1.86,12,1,15.6,1920,1080,141,0,5,0,12,255,8,0,0,4,1024.0,0,6.0,1,59789.0
98,9,8063,243,1.58,12,1,14.0,1920,1080,157,0,7,1,8,160,8,0,0,4,1024.0,0,6.0,1,74990.0
99,15,3124,189,2.2,12,1,15.6,1920,1080,141,1,5,0,8,209,8,0,0,4,1024.0,0,6.0,1,66990.0
100,2,5045,302,2.4,12,1,15.6,1920,1080,141,0,7,0,12,209,16,0,0,4,1024.0,0,6.0,1,77990.0
101,0,6826,362,2.1,12,1,15.6,1920,1080,141,0,5,0,6,235,8,0,0,2,1024.0,0,9.0,1,59990.0
102,2,5806,445,1.4,16,1,14.0,1920,1080,157,0,3,0,6,160,8,0,0,4,1024.0,0,6.0,1,35990.0
103,9,967,243,1.41,16,1,14.0,1920,1080,157,1,5,0,8,4,16,0,0,4,1024.0,0,6.0,1,61990.0
104,2,5584,374,2.3,12,1,15.6,1920,1080,141,0,7,0,24,255,16,0,0,4,1024.0,0,7.0,1,96490.0
105,0,3573,28,2.1,12,1,15.6,1920,1080,141,0,5,0,6,312,8,0,0,2,1024.0,0,7.0,1,40990.0
106,16,522,122,1.86,16,1,15.6,1920,1080,141,0,5,0,12,255,16,0,0,4,1024.0,0,6.0,1,64671.0
107,2,4586,377,2.3,16,1,15.6,1920,1080,141,1,5,0,11,209,8,0,0,4,1024.0,0,6.0,1,56990.0
108,15,486,156,1.2,12,1,11.6,1366,768,135,0,1,0,4,160,4,0,0,4,1024.0,0,6.0,1,23999.0
109,2,6721,441,1.3,12,1,14.0,1920,1080,157,0,3,0,4,166,8,0,0,4,1024.0,0,6.0,1,53990.0
110,2,6718,441,1.3,12,1,14.0,1920,1080,157,0,3,0,4,166,8,0,0,4,1024.0,0,6.0,1,44990.0
111,9,2237,156,1.85,12,1,15.6,1920,1080,141,1,5,0,6,86,8,0,0,4,1024.0,0,6.0,1,37674.0
112,0,3536,28,1.78,16,1,15.6,1920,1080,141,1,3,0,12,4,8,0,0,4,1024.0,0,6.0,1,40849.0
113,0,6829,362,1.8,12,1,15.6,1920,1080,141,0,5,0,6,235,8,0,0,2,1024.0,0,10.0,1,64990.0
114,15,5535,156,2.25,16,1,15.6,1920,1080,141,1,5,0,16,248,8,0,0,4,1024.0,0,6.5,1,49990.0
115,15,6646,156,1.85,0,1,15.6,1920,1080,141,0,3,0,4,166,4,0,0,4,1024.0,0,6.0,1,34190.0
116,0,3553,28,2.2,12,1,15.6,1920,1080,141,1,5,0,4,86,4,0,0,4,1024.0,0,4.5,1,35534.0
117,2,7817,427,1.8,16,1,15.6,1920,1080,141,0,3,1,6,160,8,0,0,4,1024.0,0,6.0,1,57940.0
118,15,2683,156,1.7,16,1,15.6,1920,1080,141,0,3,0,4,160,8,0,0,4,1024.0,0,8.0,1,31990.0
119,9,1198,156,1.46,12,1,14.0,1920,1080,157,0,5,0,6,160,8,0,0,4,1024.0,0,6.0,1,57458.0
120,9,5196,8,1.5,16,1,14.0,1366,768,112,1,4,0,12,133,8,0,0,4,1024.0,0,9.15,1,23999.0
121,2,4226,48,1.0,3,1,11.6,1366,768,135,0,1,0,2,120,4,0,0,4,1024.0,0,6.0,1,13890.0
122,1,6191,204,1.4,23,1,13.0,2560,1600,232,0,5,0,6,147,16,0,0,4,1024.0,0,6.0,1,194900.0
123,15,6614,156,1.85,12,1,15.6,1920,1080,141,0,5,0,6,166,8,0,0,4,1024.0,0,6.0,1,44990.0
124,16,6204,156,1.3,12,1,14.0,1920,1080,157,0,3,0,4,160,8,0,0,4,1024.0,0,6.0,1,47490.0
125,15,6691,156,1.69,12,1,14.0,1920,1080,157,0,5,0,6,236,8,0,0,2,1024.0,0,11.1,1,54990.0
126,2,4642,379,2.6,12,1,17.3,1920,1080,127,1,5,0,11,293,8,0,0,4,1024.0,0,6.0,1,64990.0
127,0,6492,255,2.3,12,1,15.6,2560,1440,188,0,7,0,24,259,16,0,0,4,1024.0,0,6.0,1,117990.0
128,0,6495,255,2.3,12,1,15.6,2560,1440,188,0,7,0,24,256,16,0,0,4,1024.0,0,6.0,1,99990.0
129,15,5532,156,2.25,15,1,15.6,1920,1080,141,1,5,0,16,209,8,0,0,4,1024.0,0,6.0,1,47990.0
130,9,2227,156,1.69,12,1,15.6,1920,1080,141,0,3,0,6,160,8,0,1,4,1024.0,0,12.0,1,33890.0
131,15,93,159,1.6,12,1,14.0,1366,768,112,0,3,0,4,160,4,0,0,4,1024.0,0,6.0,1,33990.0
132,16,525,122,1.8,16,1,15.6,1920,1080,141,0,5,0,12,255,8,0,0,4,1024.0,0,6.0,1,56130.0
133,9,2188,156,1.86,12,1,15.6,1920,1080,141,0,3,0,3,129,4,0,0,4,1024.0,0,6.0,1,35616.0
134,9,2013,55,2.2,0,1,15.6,1366,768,100,0,3,0,3,185,4,0,0,2,1024.0,0,6.0,1,30990.0
135,9,2336,156,1.69,16,1,15.6,1920,1080,141,0,5,0,12,155,16,0,1,4,1024.0,0,10.0,1,48740.0
136,6,783,460,1.7,12,1,14.0,1920,1080,157,1,5,0,12,86,8,0,0,4,1024.0,0,6.0,1,49658.0
137,2,7873,447,2.0,12,1,15.6,1366,768,100,1,4,0,1,129,4,0,0,4,1024.0,0,6.0,1,19990.0
138,15,2676,156,1.7,16,1,15.6,1366,768,100,0,1,0,4,161,8,0,1,4,1024.0,0,6.0,1,26980.0
139,6,785,460,1.59,12,1,14.0,1366,768,112,1,4,0,5,4,4,0,0,4,1024.0,0,10.0,1,28890.0
140,9,1693,156,1.77,12,1,15.6,1920,1080,141,1,3,0,1,84,4,0,0,4,1024.0,0,6.0,1,27990.0
141,2,6581,447,2.2,14,1,15.6,1920,1080,141,0,5,0,6,284,8,0,0,2,1024.0,0,6.0,1,45990.0
142,9,948,243,1.41,16,1,14.0,1920,1080,157,0,5,0,8,154,8,0,0,4,1024.0,0,6.0,1,58615.0
143,2,7125,457,1.5,16,1,14.0,1920,1200,162,1,5,1,19,4,8,0,0,4,1024.0,0,6.0,1,44999.0
144,0,4547,110,2.2,16,1,15.6,1920,1080,141,0,3,0,12,160,8,0,0,4,1024.0,0,6.0,1,25999.0
145,9,2224,156,1.69,12,1,15.6,1920,1080,141,1,5,0,6,86,8,0,0,4,1024.0,0,6.0,1,42990.0
146,1,5917,204,1.4,22,1,13.3,2560,1600,227,2,4,0,16,160,8,0,0,4,1024.0,0,17.0,1,135990.0
147,2,7177,506,1.11,12,1,13.3,1920,1080,166,0,7,0,12,155,16,0,0,4,1024.0,0,6.0,1,99990.0
148,15,5577,156,2.25,16,1,15.6,1920,1080,141,0,5,0,8,248,8,0,0,4,1024.0,0,6.5,1,49990.0
149,9,8075,243,1.5,12,1,14.0,1920,1080,157,0,5,1,8,154,16,0,1,4,1024.0,0,6.0,1,51000.0
150,6,2843,460,1.48,15,1,14.0,1920,1080,157,0,3,0,12,133,8,0,0,4,1024.0,0,6.0,1,33490.0
151,0,4530,110,1.9,12,1,15.6,1366,768,100,0,2,0,12,162,4,0,0,4,1024.0,0,6.5,1,20999.0
152,10,454,208,1.4,16,1,14.0,1920,1200,162,0,5,0,12,160,16,0,0,4,1024.0,0,12.0,1,51990.0
153,10,455,208,1.4,16,1,14.0,1920,1200,162,0,5,0,12,160,8,0,0,4,1024.0,0,12.0,1,48990.0
154,2,7176,506,1.11,12,1,13.3,1920,1080,166,0,5,0,8,155,8,0,0,4,1024.0,0,6.0,1,69990.0
155,12,7978,156,1.8,16,1,15.6,1920,1080,141,0,9,0,12,155,32,0,0,4,1024.0,0,10.0,1,71990.0
156,0,3786,31,2.1,16,1,15.6,1920,1080,141,0,5,0,12,209,16,0,0,4,1024.0,0,6.0,1,55990.0
157,9,1555,243,1.98,16,1,15.6,1920,1080,141,1,5,0,16,222,8,0,0,4,1024.0,0,6.0,1,62990.0
158,0,3779,31,2.1,16,1,15.6,1920,1080,141,0,5,0,12,209,8,0,0,4,1024.0,0,6.0,1,74999.0
159,9,1228,156,1.47,12,1,14.0,1920,1080,157,0,5,0,8,154,8,0,0,4,1024.0,0,6.0,1,57890.0
160,15,2748,156,2.4,12,1,15.6,1366,768,100,0,5,0,3,195,8,0,0,4,2048.0,0,6.0,1,58790.0
161,15,2750,156,2.2,12,1,15.6,1366,768,100,0,5,0,3,195,8,0,0,2,1024.0,0,6.0,1,49999.0
162,15,2747,156,2.2,0,1,15.6,1366,768,100,0,5,0,3,195,8,0,0,4,2048.0,0,6.0,1,56690.0
163,9,1182,156,1.47,12,1,14.0,1366,768,112,0,3,0,3,129,4,0,0,4,1024.0,0,6.0,1,27999.0
164,2,7500,427,1.7,16,1,15.6,1920,1080,141,0,3,0,12,160,8,0,1,4,1024.0,0,8.0,1,42990.0
165,6,1439,168,2.22,12,1,15.6,1920,1080,141,1,5,0,4,86,8,0,0,4,1024.0,0,6.0,1,45990.0
166,9,2340,156,1.69,16,1,15.6,1920,1080,141,0,5,0,12,155,8,0,0,4,1024.0,0,6.0,1,46400.0
167,6,1363,168,2.2,12,1,15.6,1920,1080,141,0,3,0,3,129,4,0,0,4,1024.0,0,6.0,1,34610.0
168,6,812,166,1.72,12,1,14.0,1920,1080,157,0,3,0,6,160,4,0,0,4,1024.0,0,6.0,1,48250.0
169,2,6097,427,1.8,16,1,15.6,1920,1080,141,1,3,0,4,4,8,0,0,4,1024.0,0,6.0,1,31339.0
170,0,3675,26,2.2,7,1,15.6,1366,768,100,0,5,0,4,235,8,0,0,2,1024.0,0,7.0,1,45999.0
171,6,770,460,1.58,12,1,14.0,1920,1080,157,0,3,0,6,160,8,0,0,4,1024.0,0,6.0,1,41327.0
172,0,6814,362,1.25,16,1,14.0,2560,1440,210,0,5,0,12,155,8,0,0,4,1024.0,0,6.0,1,61999.0
173,0,6815,362,1.25,16,1,14.0,2560,1440,210,0,5,0,12,155,8,0,0,4,1024.0,0,6.0,1,60890.0
174,15,5560,156,2.32,16,1,15.6,1920,1080,141,1,5,0,12,248,16,0,0,4,1024.0,0,7.8,1,57990.0
175,9,2223,156,1.75,12,1,15.6,1920,1080,141,0,5,0,8,239,8,0,0,2,1024.0,0,12.0,1,66490.0
176,16,5347,156,1.86,12,1,15.6,1920,1080,141,0,7,0,12,299,8,0,0,4,1024.0,0,6.0,1,83990.0
177,10,6216,208,1.38,16,1,14.0,1920,1080,157,0,5,0,12,133,8,0,0,4,1024.0,0,9.9,1,41990.0
178,9,2327,156,1.65,16,1,15.6,1366,768,100,0,1,0,4,160,8,0,1,4,1024.0,0,7.3,1,25999.0
179,15,2758,156,2.2,0,1,15.6,1366,768,100,1,4,0,2,41,4,0,0,4,1024.0,0,5.0,1,18890.0
180,1,6186,203,1.25,25,1,13.3,2560,1600,227,0,5,0,4,165,8,0,0,4,1024.0,0,12.0,1,104990.0
181,0,3572,28,2.1,12,1,15.6,1366,768,100,0,2,0,2,127,4,0,0,4,1024.0,0,7.0,1,26749.0
182,2,6727,447,1.4,12,1,14.0,1920,1080,157,0,3,0,4,166,8,0,0,4,1024.0,0,6.0,1,54990.0
183,2,6726,447,1.4,12,1,14.0,1920,1080,157,0,3,0,4,166,8,0,0,4,1024.0,0,6.0,1,44990.0
184,15,1120,157,1.5,16,1,14.0,1920,1080,157,0,3,1,6,160,8,0,0,4,1024.0,0,6.0,1,56459.0
185,16,5358,156,2.2,12,1,17.3,1920,1080,127,0,7,0,12,209,16,0,0,4,1024.0,0,6.0,1,74990.0
186,1,5946,204,1.38,27,1,13.3,2560,1600,227,2,4,0,20,101,8,0,0,4,1024.0,0,20.0,1,120990.0
187,15,158,158,2.2,16,1,15.6,1920,1080,141,0,5,0,8,255,16,0,0,4,1024.0,0,8.0,1,65990.0
188,6,851,166,1.6,11,1,14.0,1920,1080,157,0,5,0,3,225,8,0,0,2,1024.0,0,6.0,1,63990.0
189,6,1292,168,1.83,12,1,15.6,1920,1080,141,0,5,0,8,155,8,0,0,4,1024.0,0,6.0,1,60414.0
190,6,2840,460,1.48,15,1,14.0,1920,1080,157,0,3,0,12,133,8,0,0,4,1024.0,0,6.0,1,41490.0
191,9,1254,156,1.46,16,1,14.0,1920,1080,157,1,7,0,8,4,16,0,0,4,1024.0,0,6.0,1,55565.0
192,9,2309,156,1.7,12,1,15.6,1920,1080,141,1,3,0,4,4,8,0,0,4,1024.0,0,6.0,1,33999.0
193,9,933,156,1.54,12,1,14.0,1366,768,112,1,4,0,1,42,4,0,0,4,1024.0,0,6.0,1,22409.0
194,9,2425,423,2.48,16,1,16.1,1920,1080,137,1,5,0,16,256,8,0,0,4,1024.0,0,6.0,1,72990.0
195,15,6895,156,1.41,16,1,14.0,1920,1080,157,0,3,0,6,160,8,0,0,4,1024.0,0,10.0,1,40990.0
196,6,1421,168,2.36,12,1,15.6,1920,1080,141,0,3,0,3,123,4,0,0,4,1024.0,0,6.0,1,37800.0
197,1,6182,203,1.25,25,1,13.3,2560,1600,227,0,5,0,4,165,8,0,0,4,1024.0,0,12.0,1,107990.0
198,2,7543,427,1.7,16,1,15.6,1920,1080,141,0,3,0,10,160,8,0,0,4,1024.0,0,6.0,1,32990.0
199,2,7765,427,1.68,12,1,15.6,1920,1080,141,1,5,0,6,86,8,0,0,4,1024.0,0,6.0,1,47990.0
200,6,841,166,1.9,20,1,14.0,1366,768,112,0,5,0,3,32,4,0,0,2,1024.0,0,6.0,0,48300.0
201,2,7276,520,1.4,15,1,14.0,2880,1800,243,0,5,1,18,155,16,0,0,4,1024.0,0,6.0,0,71999.0
202,9,1744,156,1.7,12,1,15.6,1366,768,100,0,5,1,6,160,8,0,0,4,1024.0,0,10.0,0,101065.0
203,2,6352,518,1.39,16,1,14.0,2880,1800,243,0,5,0,12,155,16,0,0,4,1024.0,0,8.0,0,74990.0
204,9,1571,243,2.3,20,1,15.6,1366,768,100,1,4,0,4,27,8,0,0,2,1024.0,0,6.0,0,46490.0
205,9,1574,243,2.3,20,1,15.6,1366,768,100,0,5,0,3,197,4,0,0,2,1024.0,0,6.0,0,39994.0
206,25,6249,129,1.55,16,1,15.6,1920,1080,141,0,4,0,12,133,8,0,0,4,1024.0,0,6.0,0,67990.0
207,9,1585,243,2.25,0,1,15.6,1366,768,100,1,4,0,1,41,4,0,0,4,500.0,0,3.0,0,19499.0
208,9,8098,243,1.41,16,1,14.0,1920,1080,157,0,5,0,12,155,8,0,0,4,1024.0,0,6.0,0,77900.0
209,2,7584,461,1.2,0,1,11.6,1366,768,135,0,1,0,1,130,2,0,0,4,500.0,0,4.5,0,20599.0
210,9,1999,243,2.4,20,1,15.6,1366,768,100,0,3,0,3,119,4,0,0,4,1024.0,0,6.0,0,38990.0
211,9,1583,156,2.1,11,1,15.6,1366,768,100,0,3,0,3,45,4,0,0,2,1024.0,0,6.0,0,37500.0
212,9,1600,156,2.19,11,1,15.6,1366,768,100,0,2,0,2,115,4,0,0,4,500.0,0,6.0,0,25299.0
213,9,1994,243,2.3,19,1,15.6,1366,768,100,0,5,0,3,197,4,0,0,2,1024.0,0,6.0,0,49490.0
214,2,2525,447,1.8,16,1,16.0,1920,1200,142,0,5,0,12,248,8,0,0,4,1024.0,0,6.0,0,57990.0
215,9,7583,243,1.12,11,1,10.1,1280,800,149,0,4,1,2,115,2,0,0,4,500.0,0,6.0,0,29999.0
216,9,1528,156,2.19,0,1,15.6,1366,768,100,0,3,0,3,47,4,0,0,2,1024.0,0,6.0,0,32190.0
217,2,5067,311,2.3,15,1,15.6,1920,1080,141,1,4,0,12,264,16,0,0,8,1024.0,0,12.0,0,277367.0
218,9,1996,243,2.3,20,1,15.6,1366,768,100,0,5,0,3,197,4,0,0,2,1024.0,0,6.0,0,48999.0
219,15,7346,156,2.4,0,1,15.6,1366,768,100,1,4,0,2,42,4,0,0,4,1024.0,0,4.0,0,19291.0
220,9,2000,243,2.4,20,1,15.6,1366,768,100,0,3,0,3,119,4,0,0,2,1024.0,0,6.0,0,41890.0
221,2,7904,461,2.5,0,1,15.6,1366,768,100,0,1,0,2,130,2,0,0,4,500.0,0,6.0,0,19600.0
222,0,6469,254,2.6,16,1,16.0,2560,1600,189,0,7,0,12,267,16,0,0,8,1024.0,0,6.0,0,129990.0
223,2,2377,447,1.88,16,1,16.0,1920,1200,142,1,5,0,16,4,16,0,1,4,1024.0,0,6.0,0,51990.0
224,9,658,156,1.47,12,1,13.3,1920,1080,166,0,7,1,4,164,8,0,0,4,1024.0,0,6.0,0,151818.0
225,9,1602,156,2.1,11,1,15.6,1920,1080,141,0,3,0,3,125,4,0,0,4,1024.0,0,6.0,0,26297.0
226,2,7900,461,2.3,0,1,15.6,1366,768,100,0,3,0,3,196,4,0,0,2,500.0,0,6.0,0,29550.0
227,9,2564,156,2.46,12,1,17.3,1600,900,106,0,5,1,6,166,8,0,1,4,1024.0,0,11.0,0,113948.0
228,6,3019,168,1.63,16,1,15.6,1920,1080,141,1,3,0,6,4,8,0,0,4,1024.0,0,6.0,0,29990.0
229,2,7901,461,2.3,0,1,15.6,1366,768,100,0,5,0,3,362,4,0,0,2,1024.0,0,3.0,0,38750.0
230,15,6630,156,1.85,12,1,15.6,1920,1080,141,1,3,0,5,83,8,0,0,4,1024.0,0,6.0,0,28490.0
231,9,1991,74,2.4,20,1,15.6,1366,768,100,0,7,0,4,224,8,0,0,4,1024.0,0,6.0,0,72990.0
232,2,7238,518,1.45,12,1,14.0,1920,1080,157,0,5,0,6,166,8,0,0,4,1024.0,0,10.8,0,164170.0
233,15,2041,149,2.32,16,1,15.6,1920,1080,141,1,5,0,16,255,16,0,0,6,1024.0,0,6.5,0,66250.0
234,9,1596,156,2.19,11,1,15.6,1366,768,100,0,3,0,3,47,4,0,0,2,1024.0,0,6.0,0,33627.0
235,9,1990,76,2.5,20,1,15.6,1920,1080,141,0,7,1,6,197,8,0,0,2,1024.0,0,3.0,0,82990.0
236,2,4457,77,2.0,0,1,11.6,1366,768,135,0,1,0,2,130,2,0,0,4,500.0,0,6.0,0,21000.0
237,9,1578,243,2.3,20,1,15.6,1366,768,100,0,3,0,3,31,4,0,0,2,500.0,0,6.0,0,38990.0
238,9,1572,243,2.3,20,1,15.6,1366,768,100,0,5,0,3,31,4,0,0,1,1024.0,0,6.0,0,45990.0
239,0,6807,362,1.5,7,1,14.0,1366,768,112,0,3,0,3,123,4,0,0,4,1024.0,0,12.0,0,36999.0
240,9,2011,243,2.2,0,1,15.6,1366,768,100,0,5,0,3,125,4,0,0,4,1024.0,0,6.0,0,39890.0
241,9,672,243,1.7,20,1,13.3,1366,768,118,0,5,0,3,119,4,0,0,4,1024.0,0,3.0,0,45890.0
242,25,6254,131,1.23,16,1,14.0,2880,1800,243,0,4,1,18,107,16,0,0,4,1024.0,0,7.5,0,151789.0
243,16,524,122,1.8,16,1,15.6,1920,1080,141,0,5,0,12,255,16,0,0,4,1024.0,0,6.0,0,53990.0
244,2,5055,308,2.57,12,1,15.6,1920,1080,141,0,7,0,12,217,16,0,0,6,1024.0,0,6.0,0,139990.0
245,9,1711,48,1.8,3,1,15.6,1920,1080,141,0,3,1,4,129,4,0,0,4,1024.0,0,6.0,0,77154.0
246,9,1665,250,2.8,20,1,15.6,1366,768,100,0,3,1,3,117,4,0,0,4,500.0,0,6.0,0,39290.0
247,2,4817,382,2.6,16,1,17.3,1920,1080,127,0,5,0,12,248,16,0,0,4,1024.0,0,6.0,0,49490.0
248,0,3883,225,2.3,12,1,15.6,1920,1080,141,1,7,0,6,293,8,0,0,4,1024.0,0,6.0,0,66890.0
249,9,2004,243,2.2,20,1,15.6,1366,768,100,0,5,0,3,186,4,0,0,2,1024.0,0,6.0,0,49990.0
250,9,1995,243,2.3,20,1,15.6,1366,768,100,0,3,0,3,117,4,0,0,4,500.0,0,6.0,0,36990.0
251,6,3270,116,2.81,16,1,15.6,1920,1080,141,1,5,0,22,255,8,0,0,6,1024.0,0,6.0,0,69990.0
252,9,895,156,1.7,12,1,14.0,1366,768,112,0,3,0,3,123,4,0,0,4,1024.0,0,12.5,0,29990.0
253,15,3323,189,2.4,16,1,15.6,1920,1080,141,0,5,0,12,255,16,0,1,4,1024.0,0,8.0,0,90490.0
254,9,2007,243,2.2,20,1,15.6,1366,768,100,0,5,0,3,186,8,0,0,2,1024.0,0,6.0,0,53811.0
255,15,6604,156,1.5,16,1,14.0,1920,1080,157,0,5,0,12,160,8,0,1,4,1024.0,0,6.0,0,46885.0
256,16,3427,68,1.98,16,1,15.6,1920,1080,141,0,5,0,12,248,16,0,0,4,1024.0,0,3.0,0,55990.0
257,2,7905,461,2.1,0,1,15.6,1366,768,100,0,1,0,3,130,2,0,0,4,500.0,0,4.5,0,19499.0
258,9,2005,243,2.2,20,1,15.6,1366,768,100,0,5,0,3,186,8,0,0,2,1024.0,0,6.0,0,52990.0
259,6,2946,168,1.65,16,1,15.6,1920,1080,141,0,5,0,12,160,8,0,0,4,1024.0,0,7.0,0,50499.0
260,2,6593,295,2.4,11,1,15.6,1920,1080,141,0,5,0,3,192,4,0,0,2,1024.0,0,4.5,0,45274.0
261,9,905,243,2.03,20,1,14.0,1366,768,112,0,5,0,3,197,4,0,0,2,1024.0,0,6.0,0,51784.0
262,2,4735,380,2.2,16,1,15.6,1920,1080,141,0,5,0,18,255,8,0,0,4,1024.0,0,6.0,0,70990.0
263,9,2636,9,1.74,12,1,15.6,1366,768,100,0,3,0,6,160,4,0,0,4,1024.0,0,6.0,0,43999.0
264,15,3146,162,1.8,11,1,14.0,1920,1080,157,0,5,1,3,115,4,0,0,4,500.0,0,6.0,0,61390.0
265,2,6771,443,1.7,16,1,15.6,2880,1620,212,0,5,0,18,155,16,0,0,4,1024.0,0,7.0,0,80990.0
266,9,1541,156,1.86,0,1,15.6,1920,1080,141,0,3,0,3,25,8,0,0,2,2048.0,0,6.0,0,37490.0
267,9,2010,243,2.3,20,1,15.6,1366,768,100,0,2,1,2,115,4,0,0,4,500.0,0,6.0,0,75279.0
268,9,1992,243,2.3,20,1,15.6,1920,1080,141,0,7,0,4,224,8,0,0,4,1024.0,0,6.0,0,77490.0
269,2,5272,318,1.7,12,1,14.0,2560,1440,210,1,4,0,20,259,16,0,0,6,1024.0,0,12.0,0,164990.0
270,2,2378,447,1.88,16,1,16.0,1920,1080,138,1,7,0,12,4,16,0,0,4,1024.0,0,6.0,0,54990.0
271,9,987,246,1.38,16,1,14.0,1920,1200,162,0,5,0,12,155,16,0,0,4,1024.0,0,6.0,0,77990.0
272,2,4458,77,1.2,0,1,11.6,1366,768,135,0,1,0,2,115,2,0,0,4,500.0,0,7.0,0,17500.0
273,3,6292,292,1.34,12,1,14.0,1366,768,112,1,4,0,12,43,8,0,0,4,1024.0,0,6.0,0,33490.0
274,2,7228,518,1.17,12,1,14.0,1920,1080,157,0,5,0,6,160,8,0,0,4,1024.0,0,6.0,0,58990.0
275,9,2566,232,3.21,12,1,17.3,1920,1080,127,0,7,0,12,251,16,0,0,8,1024.0,0,6.0,0,499373.0
276,9,1575,243,2.3,20,1,15.6,1366,768,100,0,3,0,3,119,4,0,0,4,500.0,0,6.0,0,36390.0
277,15,6678,156,1.55,12,1,14.0,1920,1080,157,0,3,0,4,160,4,0,0,4,1024.0,0,6.0,0,37990.0
278,16,6211,156,1.3,12,1,14.0,1920,1080,157,0,7,0,12,240,8,0,0,2,1024.0,0,6.0,0,61990.0
279,15,4346,402,1.77,12,1,14.0,1920,1080,157,0,5,1,6,160,8,0,0,4,1024.0,0,6.0,0,59990.0
280,2,6311,437,1.8,16,1,15.6,1920,1080,141,0,5,0,12,256,16,0,0,4,1024.0,0,8.0,0,71039.0
281,2,7902,461,2.3,20,1,15.6,1366,768,100,0,5,0,3,198,4,0,0,1,500.0,0,6.0,0,40400.0
282,16,4176,216,1.4,16,1,14.0,1920,1080,157,0,3,0,12,160,8,0,0,4,1024.0,0,6.0,0,54990.0
283,2,7038,408,0.6,20,1,10.1,1366,768,155,0,4,1,2,117,2,0,0,4,500.0,0,6.0,0,21900.0
284,2,4627,377,2.3,12,1,15.6,1920,1080,141,1,7,0,16,259,16,0,0,6,1024.0,0,6.0,0,122990.0
285,2,5069,311,2.3,12,1,15.6,1920,1080,141,1,4,0,20,264,32,0,0,16,1024.0,0,6.0,0,229990.0
286,15,5615,394,1.34,18,1,14.0,1920,1200,162,0,7,0,18,160,16,0,0,4,1024.0,0,6.0,0,110990.0
287,2,7562,429,1.88,16,1,16.0,1920,1200,142,0,7,0,24,155,16,0,0,4,1024.0,0,6.0,0,72990.0
288,2,5071,311,2.3,12,1,15.6,1920,1080,141,1,4,0,16,264,16,0,0,8,1024.0,0,6.0,0,259990.0
289,16,6172,291,2.25,16,1,15.6,2560,1440,188,0,7,0,12,259,16,0,0,6,1024.0,0,6.0,0,129000.0
290,6,2994,168,1.62,16,1,15.6,1920,1080,141,0,7,0,12,160,16,0,0,4,1024.0,0,6.0,0,67490.0
291,16,5400,156,2.38,12,1,15.6,1920,1080,141,0,7,0,16,259,16,0,0,6,1024.0,0,6.0,0,154990.0
292,16,5726,406,3.3,16,1,17.3,3840,2160,255,0,9,0,12,270,64,0,0,16,1024.0,0,6.0,0,499990.0
293,9,5178,0,1.47,18,1,14.0,1366,768,112,0,3,0,6,160,8,0,0,4,1024.0,0,6.0,0,33291.0
294,6,807,166,1.68,12,1,14.0,1920,1080,157,0,3,0,4,160,4,0,0,4,1024.0,0,6.0,0,42315.0
295,9,646,243,1.7,20,1,13.3,1366,768,118,0,3,0,3,125,4,0,0,4,1024.0,0,6.0,0,41890.0
296,2,5269,318,1.6,12,1,14.0,1920,1080,157,1,7,0,16,259,16,0,0,6,1024.0,0,10.0,0,202990.0
297,15,5079,156,2.6,0,1,15.3,1366,768,102,0,5,0,12,93,4,0,0,1,500.0,0,3.0,0,40676.0
298,9,1625,156,2.1,0,1,15.6,1366,768,100,0,3,0,3,129,8,0,0,4,1024.0,0,6.0,0,30570.0
299,15,6953,156,1.89,16,1,16.0,2560,1600,189,0,7,0,24,155,16,0,0,4,1024.0,0,7.0,0,80190.0
300,2,5260,318,1.7,12,1,14.0,2560,1440,210,1,4,0,16,256,16,0,0,4,1024.0,0,10.0,0,137990.0
301,0,4512,32,1.25,20,1,11.6,1366,768,135,0,1,0,2,115,2,0,0,4,500.0,0,5.0,0,18688.0
302,2,5795,450,1.8,16,1,16.0,1920,1200,142,0,5,0,18,255,16,0,0,4,1024.0,0,6.0,0,64990.0
303,16,6559,156,1.29,12,1,14.0,1920,1080,157,0,7,0,12,155,16,0,0,4,1024.0,0,6.0,0,89990.0
304,0,4515,26,2.4,12,1,15.6,1366,768,100,0,2,0,2,121,4,0,0,4,1024.0,0,3.0,0,27999.0
305,9,6151,48,1.34,3,1,11.6,1366,768,135,3,4,0,2,89,4,0,0,4,1024.0,0,6.0,0,11990.0
306,2,5798,450,1.8,16,1,16.0,1920,1200,142,0,5,0,18,248,16,0,0,4,1024.0,0,6.0,0,59990.0
307,2,5450,298,1.3,12,1,13.4,1920,1200,169,1,7,0,16,209,16,0,0,4,1024.0,0,6.0,0,96000.0
308,9,960,98,1.59,12,1,14.0,1920,1080,157,0,5,0,12,212,16,0,0,4,1024.0,0,6.0,0,78999.0
309,9,1998,243,2.3,20,1,15.6,1366,768,100,0,3,0,3,119,4,0,0,4,500.0,0,6.0,0,35990.0
310,2,5076,311,2.3,16,1,15.6,2560,1440,188,0,9,0,24,262,32,0,0,8,1024.0,0,8.0,0,189990.0
311,2,7863,461,2.2,0,1,15.6,1366,768,100,0,2,0,2,130,4,0,0,4,500.0,0,6.0,0,24000.0
312,16,6525,156,2.2,0,1,15.6,1920,1080,141,0,7,0,6,310,8,0,0,2,1024.0,0,6.0,0,73462.0
313,2,6095,427,1.9,12,1,15.6,1920,1080,141,1,3,0,6,86,4,0,0,4,1024.0,0,6.0,0,29990.0
314,2,4988,303,2.3,12,1,15.6,1920,1080,141,1,7,0,8,255,8,0,0,4,1024.0,0,6.0,0,85990.0
315,2,5073,311,2.3,12,1,15.6,2560,1440,188,1,4,0,16,264,32,0,0,16,1024.0,0,6.0,0,262990.0
316,2,7512,427,1.7,16,1,15.6,1920,1080,141,0,5,0,18,155,16,0,0,4,1024.0,0,6.0,0,54490.0
317,2,4728,380,2.2,16,1,15.6,1920,1080,141,0,7,0,24,266,16,0,0,6,1024.0,0,6.0,0,116500.0
318,2,5487,316,2.48,12,1,15.6,1920,1080,141,0,7,0,16,325,32,0,0,8,1024.0,0,6.0,0,299890.0
319,6,3382,117,2.99,16,1,16.0,2560,1600,189,0,9,0,36,267,16,0,0,8,1024.0,0,6.0,0,149900.0
320,9,896,243,1.6,12,1,14.0,1920,1080,157,0,5,0,8,166,8,0,0,4,1024.0,0,6.0,0,70590.0
321,9,7593,243,2.3,12,1,15.6,1920,1080,141,0,5,1,3,191,8,0,0,2,1024.0,0,6.0,0,69160.0
322,2,7720,427,1.9,12,1,15.6,1920,1080,141,0,5,0,6,166,8,0,0,4,1024.0,0,6.0,0,44990.0
323,15,7301,156,2.2,12,1,15.6,1366,768,100,1,4,0,1,43,4,0,0,4,1024.0,0,6.0,0,24500.0
324,9,2595,0,1.79,0,1,14.0,1366,768,112,0,3,0,3,125,4,0,0,4,500.0,0,6.0,0,25990.0
325,28,5736,222,1.3,16,1,14.1,1366,768,111,0,1,0,4,160,4,0,0,4,1024.0,0,5.0,0,16990.0
326,15,5599,395,2.26,18,1,15.6,1920,1080,141,1,7,0,16,358,32,0,0,4,1024.0,0,6.0,0,108000.0
327,2,4992,303,2.3,12,1,15.6,1920,1080,141,1,7,0,8,255,8,0,0,4,1024.0,0,6.0,0,92990.0
328,2,5303,319,1.9,12,1,15.6,1920,1080,141,1,4,0,16,259,16,0,0,6,1024.0,0,6.0,0,107000.0
329,15,3309,189,2.3,12,1,15.6,1920,1080,141,0,7,0,8,302,8,0,0,4,1024.0,0,6.0,0,132999.0
330,15,4238,156,1.65,12,1,14.0,1920,1080,157,0,5,1,6,160,8,0,0,4,1024.0,0,10.5,0,66990.0
331,16,4316,156,2.5,12,1,17.3,3840,2160,255,0,7,0,16,322,32,0,0,8,1024.0,0,6.0,0,265990.0
332,2,860,434,2.34,16,1,14.0,1920,1080,157,1,5,0,6,4,16,0,0,4,1024.0,0,3.0,0,43990.0
333,15,3311,189,2.3,12,1,15.6,1920,1080,141,0,7,0,12,297,16,0,0,4,1024.0,0,6.0,0,134500.0
334,2,7560,429,1.88,16,1,16.0,1920,1200,142,0,5,0,18,155,16,0,0,4,1024.0,0,6.0,0,62990.0
335,9,1827,101,1.6,16,1,15.6,1920,1080,141,0,5,1,12,155,8,0,1,4,1024.0,0,6.0,0,72490.0
336,2,5318,320,1.85,16,1,16.0,2560,1600,189,1,4,0,36,268,32,0,1,8,1024.0,0,6.0,0,264990.0
337,3,4335,292,1.34,12,1,14.0,1366,768,112,0,3,0,12,166,4,0,0,4,1024.0,0,7.0,0,19990.0
338,2,5119,305,2.8,16,1,17.3,2560,1440,170,1,4,0,64,267,16,0,1,8,1024.0,0,6.0,0,174990.0
339,16,4262,44,2.25,16,1,15.6,1920,1080,141,1,5,0,12,255,16,0,0,6,1024.0,0,6.0,0,67990.0
340,6,3278,170,1.87,16,1,16.0,1920,1200,142,0,5,0,12,242,16,0,1,2,1024.0,0,6.0,0,76590.0
341,15,498,156,2.4,0,1,15.6,1366,768,100,0,1,0,3,130,4,0,0,4,1024.0,0,6.0,0,22000.0
342,3,6282,201,1.46,12,1,14.0,1920,1080,157,0,5,0,4,128,8,0,0,4,1024.0,0,10.0,0,64990.0
343,15,7044,402,1.53,14,1,14.0,1920,1080,157,0,5,0,8,160,16,0,1,4,1024.0,0,10.0,0,89990.0
344,2,5033,303,2.3,16,1,15.6,1920,1080,141,1,7,0,20,259,16,0,0,6,1024.0,0,6.0,0,87044.0
345,2,7602,424,1.6,12,1,14.0,1920,1080,157,0,3,0,4,160,4,0,0,4,1024.0,0,6.0,0,39990.0
346,2,5002,303,2.1,12,1,15.6,1920,1080,141,1,4,0,16,255,8,0,0,4,1024.0,0,6.0,0,109990.0
347,15,6625,156,1.6,12,1,14.0,1920,1080,157,1,4,0,3,42,4,0,0,4,1024.0,0,6.0,0,34390.0
348,15,5870,156,1.7,14,1,14.0,1366,768,112,0,5,0,12,160,8,0,0,4,1024.0,0,6.0,0,81500.0
349,2,5000,303,2.1,12,1,15.6,1920,1080,141,1,4,0,16,255,16,0,0,4,1024.0,0,6.0,0,108990.0
350,6,7988,156,4.04,16,1,18.0,2560,1600,168,0,9,0,12,270,64,0,1,16,1024.0,0,6.0,0,451099.0
351,6,630,463,1.17,16,1,13.4,1920,1200,169,0,7,0,12,155,16,0,0,4,1024.0,0,6.0,0,121990.0
352,2,5503,326,2.6,12,1,17.3,1920,1080,127,0,7,0,16,328,32,0,0,8,1024.0,0,6.0,0,239990.0
353,2,643,447,1.0,16,1,13.3,1920,1080,166,0,2,1,4,160,4,0,0,4,1024.0,0,3.0,0,45990.0
354,2,7174,529,1.5,16,1,16.0,2880,1800,212,1,4,1,36,22,32,0,0,4,1024.0,0,6.0,0,149990.0
355,15,1129,154,1.3,3,1,14.0,1366,768,112,3,4,0,12,105,4,0,0,4,1024.0,0,6.0,0,20490.0
356,16,3451,67,1.6,16,1,14.0,1920,1200,162,0,7,0,24,255,16,0,0,6,1024.0,0,6.0,0,70990.0
357,9,990,246,1.38,16,1,14.0,1920,1200,162,0,5,0,12,155,16,0,1,4,1024.0,0,9.45,0,69990.0
358,12,7953,141,1.78,16,1,16.0,1920,1200,142,0,3,0,10,155,8,0,0,4,1024.0,0,6.0,0,32990.0
359,15,4358,402,1.77,0,1,14.0,1920,1080,157,0,5,0,6,160,4,0,0,4,500.0,0,6.0,0,52990.0
360,2,5122,305,2.5,12,1,17.3,1920,1080,127,1,5,0,16,256,16,0,0,4,1024.0,0,7.0,0,103990.0
361,2,5109,305,2.85,12,1,17.3,1920,1080,127,0,7,0,12,305,16,0,0,6,1024.0,0,6.0,0,123500.0
362,6,3383,117,2.99,16,1,16.0,2560,1600,189,0,9,0,36,268,16,0,0,8,1024.0,0,6.0,0,149990.0
363,6,3409,464,1.19,16,1,13.4,1920,1200,169,0,4,0,24,107,16,0,0,4,1024.0,0,6.0,0,169450.0
364,16,4267,44,2.25,16,1,15.6,1920,1080,141,1,7,0,12,267,16,0,0,8,1024.0,0,6.0,0,105440.0
365,0,3610,28,1.45,16,1,14.0,1920,1080,157,0,3,0,12,160,8,0,0,4,1024.0,0,6.0,0,46000.0
366,2,7160,518,1.35,16,1,14.0,2560,1600,216,1,5,0,16,4,16,0,1,4,1024.0,0,8.0,0,74990.0
367,2,6357,518,1.39,16,1,14.0,2880,1800,243,0,7,1,18,155,16,0,0,4,1024.0,0,8.0,0,94990.0
368,2,4813,382,1.92,12,1,17.3,1920,1080,127,0,7,0,18,255,16,0,0,4,1024.0,0,3.0,0,95990.0
369,2,5004,303,2.3,12,1,15.6,1920,1080,141,1,4,0,16,256,16,0,0,4,1024.0,0,6.0,0,97990.0
370,2,5239,318,1.7,12,1,14.0,1920,1080,157,1,5,0,8,212,8,0,0,4,1024.0,0,6.0,0,81990.0
371,2,5015,303,2.3,12,1,15.6,1920,1080,141,1,4,0,16,259,16,0,0,6,1024.0,0,6.0,0,150990.0
372,2,3745,16,2.1,0,1,15.6,1366,768,100,0,2,0,2,115,4,0,0,4,500.0,0,6.0,0,25900.0
373,15,2720,156,2.2,12,1,15.6,1366,768,100,0,3,0,3,131,4,0,0,4,1024.0,0,5.0,0,36900.0
374,2,5301,319,1.9,12,1,15.6,2560,1440,188,1,7,0,16,259,16,0,0,6,1024.0,0,6.0,0,149000.0
375,15,4955,156,2.1,21,1,15.6,1366,768,100,0,7,0,4,119,8,0,0,4,1024.0,0,5.0,0,99720.0
376,15,2144,180,2.38,16,1,15.6,1920,1080,141,0,5,0,20,266,24,0,0,6,1024.0,0,5.6,0,88490.0
377,15,2171,159,1.62,16,1,15.6,1920,1080,141,0,5,0,12,160,16,0,0,4,1024.0,0,6.0,0,54490.0
378,9,411,278,1.38,18,1,14.0,1920,1080,157,0,5,0,12,155,8,0,0,4,1024.0,0,6.0,0,86499.0
379,2,5444,298,1.3,12,1,13.4,3840,2400,338,1,4,0,20,209,16,0,0,4,1024.0,0,6.0,0,149500.0
380,15,2020,154,1.62,16,1,15.6,1920,1080,141,1,5,0,16,4,16,0,0,4,1024.0,0,6.0,0,42991.0
381,9,387,84,1.18,18,1,14.0,2880,1800,243,0,4,0,24,107,32,0,0,4,1024.0,0,6.0,0,178499.0
382,15,726,155,1.15,16,1,13.3,1920,1200,170,1,7,0,16,16,16,0,0,4,1024.0,0,19.9,0,63990.0
383,15,2019,154,1.62,16,1,15.6,1920,1080,141,1,5,0,16,4,16,0,0,4,1024.0,0,12.0,0,42790.0
384,15,1041,150,1.39,16,1,14.0,2880,1800,243,0,4,0,24,109,32,0,0,4,1024.0,0,6.0,0,129991.0
385,15,2017,154,1.62,16,1,15.6,1920,1080,141,1,7,0,16,4,16,0,0,4,1024.0,0,12.0,0,47990.0
386,15,1073,488,1.19,16,1,14.0,1920,1200,162,0,4,0,8,108,16,0,0,4,1024.0,0,6.0,0,104991.0
387,9,1002,101,1.39,16,1,14.0,2880,1800,243,0,4,1,12,107,16,0,0,4,1024.0,0,10.3,0,114999.0
388,2,7556,429,1.88,16,1,16.0,1920,1200,142,0,5,0,12,160,16,0,0,4,1024.0,0,6.0,1,56990.0
389,15,1077,488,1.39,16,1,14.0,1920,1200,162,0,4,0,24,107,32,0,0,4,1024.0,0,6.0,0,89990.0
390,15,1026,145,1.6,16,1,14.0,1920,1200,162,1,5,1,16,18,16,0,0,4,1024.0,0,6.0,0,74990.0
391,15,2493,150,1.72,16,1,16.0,2880,1800,212,0,4,0,24,109,32,0,0,4,1024.0,0,6.0,0,129991.0
392,9,648,235,1.0,16,1,13.3,2560,1600,227,1,4,0,16,20,16,0,0,4,1024.0,0,6.0,0,96499.0
393,0,3987,156,2.2,16,1,15.6,1920,1080,141,0,7,0,12,266,16,0,0,6,1024.0,0,6.0,0,97999.0
394,2,5935,156,1.88,16,1,16.0,1920,1200,142,1,4,0,24,4,16,0,0,4,1024.0,0,6.0,0,75990.0
395,9,2385,234,1.79,16,1,16.0,1920,1200,142,1,4,1,16,20,16,0,0,4,1024.0,0,6.0,0,89999.0
396,9,1009,238,1.38,16,1,14.0,2880,1800,243,0,4,1,12,107,16,0,0,4,1024.0,0,6.0,0,125999.0
397,9,1010,238,1.38,16,1,14.0,2880,1800,243,0,4,1,12,107,32,0,0,4,1024.0,0,6.0,0,145999.0
398,15,2123,154,1.62,16,1,15.6,1920,1080,141,0,3,0,10,160,8,0,0,4,1024.0,0,10.0,0,38490.0
399,9,902,156,1.34,16,1,14.0,2880,1800,243,0,4,1,12,107,32,0,0,4,1024.0,0,16.15,0,204999.0
400,3,6285,201,1.46,12,1,14.0,1920,1080,157,0,5,0,6,166,8,0,0,4,1024.0,0,10.0,1,34990.0
401,9,2276,156,1.75,16,1,15.6,1920,1080,141,0,5,1,8,155,8,0,0,4,1024.0,0,12.0,1,50815.0
402,9,1694,156,1.77,12,1,15.6,1366,768,100,1,4,0,1,42,4,0,0,4,1024.0,0,6.0,1,20990.0
403,12,5739,156,1.24,16,1,14.0,1920,1080,157,0,3,0,12,160,8,0,0,128,1024.0,0,11.0,1,38990.0
404,2,6324,437,1.8,16,1,15.6,1920,1080,141,1,7,0,12,209,16,0,0,4,1024.0,0,6.0,1,71990.0
405,2,6582,447,2.1,12,1,15.6,1920,1080,141,0,5,0,6,200,8,0,0,2,1024.0,0,3.0,1,45990.0
406,6,2949,168,1.85,15,1,15.6,1920,1080,141,0,3,0,10,172,8,0,0,4,1024.0,0,6.0,1,35890.0
407,6,1315,168,1.83,12,1,15.6,1920,1080,141,1,3,0,5,81,8,0,0,4,1024.0,0,7.0,1,33500.0
408,9,1929,156,1.75,16,1,15.6,1920,1080,141,1,3,0,4,4,8,0,0,4,1024.0,0,6.0,1,29990.0
409,15,6685,156,1.6,12,1,14.0,1920,1080,157,0,5,0,6,160,8,0,0,4,1024.0,0,11.1,1,58990.0
410,0,3543,26,2.1,7,1,15.6,1920,1080,141,0,2,0,2,121,4,0,0,4,500.0,0,6.5,1,22999.0
411,15,2648,156,1.7,16,1,15.6,1920,1080,141,0,3,0,12,160,8,0,0,4,1024.0,0,11.5,1,61490.0
412,15,2759,156,2.2,0,1,15.6,1366,768,100,1,4,0,2,41,4,0,0,4,1024.0,0,5.0,1,22341.0
413,16,5345,156,1.86,12,1,15.6,1920,1080,141,0,5,0,8,288,8,0,0,4,1024.0,0,6.0,1,53990.0
414,3,7339,201,1.25,12,1,14.0,1920,1080,157,0,5,0,6,160,8,0,0,4,1024.0,0,10.0,1,40890.0
415,6,790,166,1.96,12,1,14.0,1366,768,112,0,3,0,3,129,4,0,0,4,1024.0,0,6.0,1,30990.0
416,15,140,159,1.41,12,1,14.0,1920,1080,157,0,3,0,6,160,8,0,0,4,1024.0,0,7.5,1,35999.0
417,9,2292,156,1.7,16,1,15.6,1366,768,100,1,4,0,4,4,8,0,1,4,1024.0,0,6.0,1,29990.0
418,6,780,460,1.58,12,1,14.0,1920,1080,157,0,3,0,4,160,4,0,0,4,1024.0,0,10.0,1,34254.0
419,2,7481,427,1.8,16,1,15.6,1920,1080,141,0,3,0,12,160,8,0,0,4,1024.0,0,6.0,1,32800.0
420,9,2248,156,1.74,12,1,15.6,1920,1080,141,0,3,0,4,166,8,0,0,4,1024.0,0,6.0,1,33999.0
421,2,6078,424,1.6,16,1,14.0,1920,1080,157,1,7,0,6,68,16,0,0,4,1024.0,0,6.0,1,38990.0
422,0,6486,255,2.5,12,1,15.6,1920,1080,141,0,5,0,8,318,16,0,0,6,1024.0,0,6.0,1,95490.0
423,15,2095,158,2.2,16,1,15.6,1920,1080,141,0,5,0,12,248,8,0,1,4,1024.0,0,6.0,1,53990.0
424,2,7171,520,1.4,16,1,14.0,2880,1800,243,1,5,0,19,4,16,0,0,4,1024.0,0,6.0,1,51999.0
425,16,4168,216,1.4,16,1,14.0,1920,1080,157,0,5,0,12,155,8,0,0,4,1024.0,0,6.0,1,40630.0
426,2,4580,377,2.3,12,1,15.6,1920,1080,141,1,7,0,8,255,8,0,0,4,1024.0,0,6.0,1,74990.0
427,0,6397,156,1.49,16,1,14.0,1920,1080,157,0,5,0,12,155,8,0,0,4,1024.0,0,6.0,1,31999.0
428,15,6762,156,1.8,12,1,15.6,1920,1080,141,0,5,0,6,237,4,0,0,2,1024.0,0,6.0,1,62990.0
429,0,6398,156,1.49,16,1,14.0,1920,1080,157,0,5,0,12,155,16,0,0,4,1024.0,0,6.0,1,44750.0
430,6,788,166,1.4,12,1,14.0,1366,768,112,0,3,0,3,123,4,0,0,4,1024.0,0,6.0,1,27999.0
431,2,4960,303,2.3,12,1,15.6,1920,1080,141,0,7,0,12,297,16,0,0,4,1024.0,0,6.0,1,88990.0
432,16,508,122,1.86,16,1,15.6,1920,1080,141,0,5,0,12,209,16,0,0,4,1024.0,0,6.0,1,53990.0
433,16,5341,156,1.86,12,1,15.6,1920,1080,141,0,7,0,12,211,8,0,0,4,1024.0,0,4.0,1,75990.0
434,2,4696,380,2.3,16,1,15.6,1920,1080,141,0,5,0,12,248,8,0,1,4,1024.0,0,6.0,1,52999.0
435,15,7411,156,1.7,16,1,15.6,1920,1080,141,1,5,0,12,4,8,0,0,4,1024.0,0,7.5,1,36990.0
436,15,3102,189,2.3,12,1,15.6,1920,1080,141,1,5,0,11,209,8,0,0,4,1024.0,0,6.0,1,67490.0
437,15,6653,156,1.85,12,1,15.6,1920,1080,141,0,3,0,4,160,4,0,0,4,1024.0,0,6.0,1,33990.0
438,6,1364,168,2.4,12,1,15.6,1920,1080,141,0,3,0,3,129,4,0,0,4,1024.0,0,6.0,1,30226.0
439,12,5737,156,1.24,16,1,14.0,1920,1080,157,0,1,0,4,160,4,0,0,4,1024.0,0,11.0,1,20490.0
440,9,1896,423,2.29,16,1,15.6,1920,1080,141,1,5,0,16,60,8,0,1,4,1024.0,0,6.0,1,51090.0
441,9,1189,156,1.47,12,1,14.0,1366,768,112,1,4,0,1,42,4,0,0,4,1024.0,0,6.0,1,19701.0
442,2,1483,433,1.63,16,1,15.6,1920,1080,141,1,5,0,12,4,8,0,0,4,1024.0,0,6.0,1,36990.0
443,9,1162,48,1.49,4,1,14.0,1366,768,112,0,1,1,4,160,4,0,0,4,1024.0,0,6.0,1,21990.0
444,6,2553,172,2.62,12,1,15.6,1920,1080,141,0,7,0,6,205,8,0,0,4,1024.0,0,6.0,1,86000.0
445,9,2303,156,1.69,16,1,15.6,1920,1080,141,1,3,0,4,4,8,0,1,4,1024.0,0,6.0,1,32100.0
446,2,7872,447,2.0,11,1,15.6,1920,1080,141,1,4,0,2,44,4,0,0,4,1024.0,0,6.0,1,24999.0
447,2,5360,301,2.6,12,1,15.6,1920,1080,141,0,7,0,9,288,16,0,0,4,1024.0,0,6.0,1,99990.0
448,6,1456,168,2.0,12,1,15.6,1920,1080,141,0,7,0,8,284,8,0,0,4,1024.0,0,6.0,1,92382.0
449,0,3767,31,2.1,16,1,15.6,1920,1080,141,0,5,0,12,209,16,0,0,4,1024.0,0,6.0,1,47690.0
450,9,1166,48,1.46,3,1,14.0,1366,768,112,0,1,0,4,161,4,0,0,4,1024.0,0,6.0,1,27490.0
451,2,7853,427,1.8,16,1,15.6,1366,768,100,0,1,0,4,160,4,0,0,4,1024.0,0,6.0,1,22439.0
452,15,5517,156,2.2,12,1,15.6,1920,1080,141,0,5,0,8,209,8,0,0,4,1024.0,0,6.0,1,53990.0
453,33,4551,156,1.09,11,1,11.6,1366,768,135,0,4,0,2,115,2,0,0,4,1024.0,0,8.5,1,12743.0
454,6,777,460,1.58,12,1,14.0,1920,1080,157,0,3,0,4,160,4,0,0,4,1024.0,0,6.0,1,36990.0
455,9,1164,48,1.49,4,1,14.0,1366,768,112,0,1,1,4,168,4,0,0,4,1024.0,0,6.0,1,33000.0
456,2,4250,48,1.43,3,1,15.6,1366,768,100,0,1,0,2,120,4,0,0,4,1024.0,0,6.0,1,18585.0
457,33,4308,156,1.3,12,1,14.0,1920,1080,157,0,1,0,2,120,4,0,0,4,1024.0,0,5.5,1,11990.0
458,9,2235,156,1.74,12,1,15.6,1920,1080,141,1,3,0,5,4,4,0,0,4,1024.0,0,6.0,1,35274.0
459,9,2325,156,1.7,16,1,15.6,1920,1080,141,0,3,0,6,160,8,0,1,4,1024.0,0,6.0,1,37700.0
460,9,965,243,1.41,12,1,14.0,1920,1080,157,1,5,0,8,4,8,0,0,4,1024.0,0,6.0,1,47999.0
461,2,7838,427,1.8,12,1,15.6,1920,1080,141,0,5,0,6,160,8,0,0,4,1024.0,0,6.0,1,27990.0
462,15,2732,156,2.2,12,1,15.6,1366,768,100,0,3,0,3,123,4,0,0,4,1024.0,0,4.0,1,27990.0
463,16,5354,156,1.86,12,1,15.6,1920,1080,141,0,7,0,12,304,16,0,0,6,1024.0,0,6.0,1,74990.0
464,1,6181,203,1.25,25,1,13.3,2560,1600,227,0,5,0,4,165,8,0,0,4,1024.0,0,12.0,1,94990.0
465,15,2646,156,1.85,12,1,15.6,1366,768,100,1,4,0,5,4,4,0,0,4,1024.0,0,6.0,1,26999.0
466,15,6635,156,1.85,12,1,15.6,1920,1080,141,1,3,0,5,86,8,0,0,4,1024.0,0,6.0,1,34292.0
467,2,6724,441,1.4,12,1,14.0,1920,1080,157,0,7,0,8,313,8,0,0,2,1024.0,0,6.0,1,67999.0
468,1,6185,203,1.25,25,1,13.3,2560,1600,227,0,5,0,4,165,8,0,0,4,1024.0,0,12.0,1,89990.0
469,16,5353,156,1.86,12,1,15.6,1920,1080,141,0,7,0,12,255,16,0,0,6,1024.0,0,6.0,1,80999.0
470,2,6734,156,1.4,12,1,14.0,1920,1080,157,0,7,0,8,235,8,0,0,2,1024.0,0,6.0,1,81990.0
471,2,6733,156,1.4,12,1,14.0,1920,1080,157,0,7,0,8,235,8,0,0,2,1024.0,0,6.0,1,81990.0
472,15,1049,487,1.35,16,1,14.0,2240,1400,189,0,5,0,12,155,16,0,0,4,1024.0,0,8.0,1,71990.0
473,0,6482,255,2.4,12,1,15.6,1920,1080,141,0,5,0,8,217,16,0,0,6,1024.0,0,6.0,1,79990.0
474,2,7771,427,1.6,12,1,15.6,1920,1080,141,0,3,0,4,166,4,0,0,4,1024.0,0,6.0,1,38990.0
475,15,6916,156,1.63,16,1,15.6,1920,1080,141,0,3,0,10,160,8,0,0,4,1024.0,0,12.0,1,33490.0
476,2,5001,303,2.1,12,1,15.6,1920,1080,141,1,5,0,16,255,8,0,0,4,1024.0,0,6.0,1,103990.0
477,0,4541,110,2.2,16,1,15.6,1920,1080,141,0,3,0,12,160,8,0,0,4,1024.0,0,6.0,1,31806.0
478,9,2215,156,1.77,12,1,15.6,1366,768,100,1,3,0,1,83,4,0,0,4,1024.0,0,6.0,1,27490.0
479,9,2187,156,2.1,0,1,15.6,1366,768,100,0,3,0,3,129,8,0,0,4,1024.0,0,6.0,1,32063.0
480,2,4240,48,1.34,3,1,14.0,1366,768,112,0,1,0,2,120,4,0,0,4,1024.0,0,6.0,1,23400.0
481,15,5515,156,2.2,12,1,15.6,1920,1080,141,1,5,0,11,209,8,0,0,4,1024.0,0,6.0,1,69999.0
482,9,2196,156,2.2,0,1,15.6,1366,768,100,1,4,0,1,41,4,0,0,4,500.0,0,6.0,1,22553.0
483,15,7937,189,2.3,12,1,15.6,1920,1080,141,0,5,0,8,293,8,0,0,4,1024.0,0,6.0,1,64390.0
484,0,3944,225,2.3,12,1,15.6,1920,1080,141,0,5,0,8,297,8,0,0,4,1024.0,0,6.0,1,65190.0
485,9,2225,156,1.69,12,1,15.6,1920,1080,141,1,5,0,8,4,8,0,0,4,1024.0,0,6.0,1,41650.0
486,15,1501,385,1.7,16,1,15.6,1920,1080,141,1,3,0,12,4,8,0,1,4,1024.0,0,7.5,1,37999.0
487,15,2671,156,1.63,16,1,15.6,1920,1080,141,0,3,0,10,160,8,0,1,4,1024.0,0,6.0,1,35999.0
488,16,5342,156,1.86,12,1,15.6,1920,1080,141,0,5,0,8,211,8,0,0,4,1024.0,0,6.0,1,47990.0
489,2,5760,447,1.8,16,1,15.6,1920,1080,141,0,3,0,6,160,8,0,0,4,1024.0,0,6.0,1,38975.0
490,1,6164,203,1.25,25,1,13.3,2560,1600,227,0,5,0,4,165,8,0,0,4,1024.0,0,13.0,1,108990.0
491,2,7631,445,1.4,12,1,14.0,1920,1080,157,0,5,0,8,155,8,0,0,4,1024.0,0,6.0,1,44990.0
492,2,4724,380,2.3,12,1,15.6,1920,1080,141,0,5,0,8,209,16,0,0,4,1024.0,0,6.0,1,66329.0
493,2,4815,382,2.6,16,1,17.3,1920,1080,127,0,5,0,12,248,8,0,1,4,1024.0,0,6.0,1,49980.0
494,25,2705,126,1.57,16,1,15.6,1920,1080,141,0,5,0,12,155,8,0,0,4,1024.0,0,6.0,1,49990.0
495,25,2703,126,1.57,16,1,15.6,1920,1080,141,0,5,0,12,155,16,0,0,4,1024.0,0,6.0,1,66990.0
496,6,1290,168,1.83,12,1,15.6,1920,1080,141,0,5,0,8,155,8,0,0,4,1024.0,0,8.0,1,48999.0
497,2,7876,454,2.0,0,1,15.6,1366,768,100,0,2,0,2,130,4,0,0,4,1024.0,0,6.0,1,22990.0
498,1,5920,204,2.1,26,1,16.2,3456,2234,254,2,4,0,28,99,16,0,0,4,1024.0,0,21.0,1,242990.0
499,2,4961,303,2.3,12,1,15.6,1920,1080,141,0,5,0,8,297,8,0,0,4,1024.0,0,6.0,1,82990.0
500,2,7875,454,2.0,11,1,15.6,1366,768,100,0,2,0,2,121,4,0,0,4,1024.0,0,6.0,1,21990.0
501,16,519,122,1.86,16,1,15.6,1920,1080,141,0,7,0,12,255,16,0,0,4,1024.0,0,6.0,1,62999.0
502,2,6719,441,1.3,12,1,14.0,1920,1080,157,0,5,0,6,166,8,0,0,4,1024.0,0,6.0,1,52990.0
503,9,2318,156,1.69,16,1,15.6,1920,1080,141,0,3,0,8,160,8,0,0,4,1024.0,0,6.0,1,38990.0
504,16,530,122,1.86,12,1,15.6,1920,1080,141,0,7,0,24,255,8,0,0,4,1024.0,0,6.0,1,95990.0
505,6,2833,460,1.59,12,1,14.0,1920,1080,157,1,5,0,6,86,8,0,0,4,1024.0,0,6.0,1,42782.0
506,2,4585,377,2.3,16,1,15.6,1920,1080,141,1,5,0,11,209,8,0,0,4,1024.0,0,10.0,1,54899.0
507,9,1761,245,1.98,12,1,15.6,1920,1080,141,1,5,0,3,293,8,0,0,4,1024.0,0,6.0,1,68990.0
508,9,2287,156,1.77,12,1,15.6,1920,1080,141,1,3,0,5,83,4,0,0,4,1024.0,0,6.0,1,32990.0
509,15,2795,156,2.2,12,1,15.6,1920,1080,141,1,3,0,1,83,4,0,0,4,1024.0,0,5.0,1,26990.0
510,1,6168,203,1.25,25,1,13.3,2560,1600,227,0,5,0,4,165,8,0,0,4,1024.0,0,13.0,1,106990.0
511,15,2101,158,2.2,12,1,15.0,1920,1080,147,0,5,0,8,297,8,0,0,4,1024.0,0,6.0,1,67999.0
512,2,2542,447,1.8,16,1,16.0,1920,1200,142,1,5,0,19,85,8,0,0,4,1024.0,0,6.0,1,47389.0
513,9,2257,156,1.74,12,1,15.6,1920,1080,141,0,5,0,6,160,4,0,0,4,1024.0,0,6.0,1,49490.0
514,0,4535,110,1.7,16,1,15.6,1920,1080,141,0,3,0,12,160,8,0,0,4,1024.0,0,6.0,1,32990.0
515,9,1769,243,1.75,12,1,15.6,1920,1080,141,0,5,0,8,240,16,0,0,2,1024.0,0,8.0,1,65500.0
516,2,4462,430,0.98,12,1,11.6,1366,768,135,0,1,0,2,120,2,0,0,4,1024.0,0,6.0,1,13990.0
517,0,3942,225,2.3,12,1,15.6,1920,1080,141,0,5,0,8,209,8,0,0,4,1024.0,0,6.0,1,66990.0
518,1,6166,203,1.25,25,1,13.3,2560,1600,227,0,5,0,4,165,8,0,0,4,1024.0,0,13.0,1,106990.0
519,0,3930,225,2.3,12,1,15.6,1920,1080,141,0,7,0,12,209,8,0,0,4,1024.0,0,11.0,1,69990.0
520,15,488,156,1.2,16,1,11.6,1366,768,135,0,1,0,4,160,4,0,0,4,1024.0,0,8.0,1,23250.0
521,15,5885,156,2.19,12,1,15.6,1920,1080,141,0,5,0,8,293,8,0,0,4,1024.0,0,6.0,1,54990.0
522,9,2211,156,1.77,12,1,15.6,1920,1080,141,0,3,0,4,166,8,0,0,4,1024.0,0,6.0,1,30999.0
523,9,5221,13,1.47,0,1,15.6,1366,768,100,1,4,0,4,1,4,0,0,4,1024.0,0,4.0,1,21990.0
524,2,4463,77,0.9,12,1,11.6,1366,768,135,0,1,0,2,129,4,0,0,4,1024.0,0,6.0,1,17990.0
525,15,4368,402,1.77,12,1,14.0,1920,1080,157,0,3,0,4,160,4,0,0,4,1024.0,0,6.0,1,39990.0
526,15,485,156,1.6,16,1,15.6,1920,1080,141,1,5,0,4,24,8,0,0,4,1024.0,0,7.5,1,36490.0
527,6,1288,168,1.83,12,1,15.6,1920,1080,141,0,3,0,4,160,4,0,0,4,1024.0,0,8.0,1,39852.0
528,2,7138,431,1.5,12,1,14.0,1920,1080,157,0,3,1,6,160,8,0,0,4,1024.0,0,6.0,1,49990.0
529,9,1816,232,2.37,12,1,15.6,1920,1080,141,1,5,0,11,304,8,0,0,4,1024.0,0,6.0,1,86490.0
530,15,2701,156,1.12,3,1,11.6,1366,768,135,0,1,0,4,160,4,0,0,4,1024.0,0,10.0,1,18990.0
531,15,1060,159,1.5,12,1,14.0,1366,768,112,0,1,0,4,160,4,0,1,4,1024.0,0,14.0,1,27490.0
532,2,7668,424,1.6,16,1,14.0,1366,768,112,0,3,0,4,160,8,0,0,4,1024.0,0,6.0,1,29489.0
533,2,4461,447,0.98,11,1,11.6,1366,768,135,0,1,0,2,120,2,0,0,4,1024.0,0,6.0,1,13990.0
534,9,2191,156,1.86,12,1,15.6,1920,1080,141,0,5,0,3,129,8,0,0,4,1024.0,0,6.0,1,46989.0
535,9,5186,13,2.5,0,1,15.6,1366,768,100,1,4,0,12,160,4,0,0,4,1024.0,0,4.0,1,23490.0
536,0,3713,30,2.2,16,1,15.6,1920,1080,141,0,5,0,12,248,8,0,0,4,1024.0,0,6.0,1,50460.0
537,33,4309,156,1.3,12,1,14.0,1920,1080,157,0,1,0,2,120,3,0,0,4,1024.0,0,6.0,1,10990.0
538,0,6474,255,2.7,12,1,15.6,1920,1080,141,0,7,0,9,206,16,0,0,6,1024.0,0,5.0,1,99990.0
539,0,4505,32,2.2,7,1,15.6,1920,1080,141,0,5,0,6,166,4,0,0,4,1024.0,0,10.0,1,35924.0
540,0,3681,30,1.8,12,1,15.6,1920,1080,141,0,5,0,6,166,8,0,0,4,1024.0,0,8.0,1,39990.0
541,16,5398,156,2.33,12,1,15.6,1920,1080,141,0,7,0,12,249,16,0,0,6,1024.0,0,6.0,1,130990.0
542,15,2102,159,1.7,12,1,15.6,1920,1080,141,0,3,0,4,160,4,0,0,4,1024.0,0,6.0,1,34990.0
543,0,3569,28,2.1,12,1,15.6,1920,1080,141,0,3,0,4,166,4,0,0,4,1024.0,0,7.0,1,21490.0
544,0,6337,362,1.4,16,1,14.0,2880,1800,243,0,5,0,12,155,8,0,0,4,1024.0,0,6.0,1,59967.0
545,15,2656,156,1.5,16,1,14.0,1366,768,112,0,1,0,4,133,4,0,0,4,1024.0,0,6.0,1,27979.0
546,0,6821,362,1.4,16,1,14.0,2880,1800,243,0,5,0,18,155,16,0,0,4,1024.0,0,10.0,1,62323.0
547,0,3921,225,2.7,12,1,15.6,1920,1080,141,0,5,0,6,201,8,0,0,2,1024.0,0,7.0,1,57386.0
548,2,7640,445,1.4,12,1,14.0,1920,1080,157,0,5,0,6,238,8,0,0,2,1024.0,0,6.0,1,57635.0
549,2,4239,48,1.2,3,1,14.0,1366,768,112,0,1,0,2,120,4,0,0,4,1024.0,0,6.0,1,24599.0
550,2,4564,432,2.14,12,1,15.6,1920,1080,141,0,7,0,12,293,16,0,1,4,1024.0,0,6.0,1,94990.0
551,15,6634,156,1.85,12,1,15.6,1920,1080,141,1,3,0,4,83,4,0,0,4,1024.0,0,6.0,1,27990.0
552,6,1328,168,1.85,12,1,15.6,1920,1080,141,0,3,0,4,160,8,0,0,4,1024.0,0,6.0,1,45562.0
553,16,5476,156,2.2,12,1,15.6,1920,1080,141,0,7,0,9,206,16,0,0,6,1024.0,0,6.0,1,96990.0
554,9,2186,156,1.86,0,1,15.6,1366,768,100,0,3,0,3,129,4,0,0,4,1024.0,0,6.0,1,28990.0
555,15,7418,156,1.7,16,1,15.6,1920,1080,141,0,7,0,12,155,16,0,0,4,1024.0,0,5.3,1,48490.0
556,2,7886,447,2.3,12,1,15.6,1366,768,100,1,4,0,1,43,4,0,0,4,1024.0,0,6.0,1,21490.0
557,15,5555,156,2.25,16,1,15.6,1920,1080,141,1,5,0,12,209,16,0,0,4,1024.0,0,6.0,1,72990.0
558,15,5554,156,2.25,16,1,15.6,1920,1080,141,1,5,0,3,209,8,0,0,4,1024.0,0,5.0,1,52490.0
559,15,6878,152,1.3,16,1,14.0,1366,768,112,0,1,0,4,160,8,0,0,4,1024.0,0,8.0,1,24990.0
560,9,1223,156,1.92,16,1,14.0,1920,1080,157,0,5,0,12,155,8,0,1,4,1024.0,0,10.0,1,59750.0
561,16,5384,156,2.2,12,1,15.6,1920,1080,141,0,7,0,9,205,8,0,0,4,1024.0,0,6.0,1,74990.0
562,9,2236,156,1.82,12,1,15.6,1920,1080,141,1,3,0,5,4,4,0,0,4,1024.0,0,6.0,1,33900.0
563,2,5830,447,1.8,12,1,15.6,1920,1080,141,0,5,0,8,155,16,0,0,4,1024.0,0,6.0,1,42421.0
564,9,2189,156,1.86,12,1,15.6,1920,1080,141,0,3,0,3,129,4,0,0,4,1024.0,0,6.0,1,28990.0
565,9,1253,156,1.46,16,1,14.0,1920,1080,157,1,5,0,8,24,16,0,0,4,1024.0,0,12.0,1,45486.0
566,9,2202,156,1.77,12,1,15.6,1920,1080,141,0,5,0,6,233,8,0,0,2,1024.0,0,6.0,1,50990.0
567,15,7941,189,2.3,12,1,15.6,1920,1080,141,0,5,0,8,209,8,0,0,4,1024.0,0,6.0,1,67490.0
568,15,2692,156,1.65,16,1,15.6,1920,1080,141,0,3,0,6,160,8,0,0,4,1024.0,0,6.0,1,34990.0
569,6,2878,460,1.8,16,1,15.6,1920,1080,141,0,3,0,4,160,8,0,0,4,1024.0,0,10.0,1,42897.0
570,15,2654,156,1.41,12,1,14.0,1920,1080,157,1,5,0,11,4,8,0,0,4,1024.0,0,9.5,1,47900.0
571,2,6105,427,1.8,16,1,15.6,1920,1080,141,1,7,0,4,4,16,0,0,4,1024.0,0,6.0,1,42421.0
572,6,1323,168,1.83,12,1,15.6,1920,1080,141,1,5,0,4,81,8,0,0,4,1024.0,0,7.0,1,45890.0
573,16,5390,156,2.3,12,1,15.6,1920,1080,141,0,7,0,12,318,16,0,0,6,1024.0,0,6.0,1,114990.0
574,6,1377,168,2.2,12,1,15.6,1920,1080,141,0,5,0,6,7,8,0,0,2,2048.0,0,6.0,1,49990.0
575,9,1557,243,1.75,16,1,15.6,1920,1080,141,0,5,0,12,155,8,0,0,4,1024.0,0,10.15,1,52990.0
576,9,2194,156,1.86,12,1,15.6,1920,1080,141,0,5,0,6,7,8,0,0,2,1024.0,0,6.0,1,55532.0
577,9,1246,156,1.47,12,1,14.0,1920,1080,157,1,5,0,8,4,8,0,0,4,1024.0,0,6.0,1,38995.0
578,9,2414,423,2.48,16,1,16.1,1920,1080,137,0,5,1,12,209,8,0,0,4,1024.0,0,6.0,1,60500.0
579,15,5580,156,2.2,12,1,15.6,1920,1080,141,0,5,0,8,209,8,0,0,4,1024.0,0,6.0,1,59990.0
580,15,7420,156,1.65,16,1,15.6,1920,1080,141,1,3,0,4,4,8,0,1,4,1024.0,0,6.0,1,25949.0
581,12,5739,156,1.24,16,1,14.0,1920,1080,157,0,5,0,6,160,8,0,0,128,1024.0,0,11.0,1,36999.0
582,9,2415,423,2.46,16,1,16.1,1920,1080,137,0,5,1,12,209,16,0,1,4,1024.0,0,6.0,1,60990.0
583,2,7883,454,1.9,12,1,15.6,1920,1080,141,0,3,0,3,123,4,0,0,4,1024.0,0,6.0,1,26180.0
584,15,111,158,2.2,12,1,15.6,1920,1080,141,0,7,0,12,293,8,0,0,4,1024.0,0,6.0,1,78990.0
585,2,7882,454,1.9,12,1,15.6,1366,768,100,0,3,0,3,129,4,0,0,4,1024.0,0,6.0,1,25790.0
586,9,957,243,1.41,16,1,14.0,1920,1080,157,0,5,0,12,155,8,0,0,4,1024.0,0,6.0,1,52890.0
587,2,4470,447,1.65,12,1,14.0,1366,768,112,0,1,0,2,120,2,0,0,4,1024.0,0,6.0,1,16800.0
588,0,6511,258,2.6,16,1,16.0,1920,1200,142,0,7,0,12,266,16,0,0,6,1024.0,0,6.0,1,109000.0
589,0,6514,258,2.6,16,1,16.0,1920,1200,142,0,7,0,12,266,16,0,0,6,1024.0,0,6.0,1,109000.0
590,9,2314,156,1.69,16,1,15.6,1920,1080,141,1,7,0,8,4,16,0,1,4,1024.0,0,9.0,1,48900.0
591,9,2297,156,1.69,16,1,15.6,1920,1080,141,1,5,0,8,4,16,0,0,4,1024.0,0,6.0,1,40990.0
592,15,139,159,1.41,12,1,14.0,1920,1080,157,0,5,0,8,155,8,0,0,4,1024.0,0,7.5,1,52990.0
593,0,3956,225,2.6,16,1,15.6,2560,1440,188,0,7,0,12,262,16,0,0,8,1024.0,0,6.0,1,108000.0
594,15,2660,156,1.5,16,1,14.0,1920,1080,157,0,3,0,4,160,8,0,0,4,1024.0,0,6.0,1,32999.0
595,0,3507,28,1.9,16,1,14.0,1366,768,112,1,4,0,12,4,4,0,0,4,1024.0,0,9.5,1,20990.0
596,3,6291,292,1.34,12,1,14.0,1366,768,112,1,4,0,12,43,4,0,0,4,1024.0,0,6.0,1,17577.0
597,16,5471,156,2.2,0,1,15.6,1920,1080,141,0,5,0,6,201,8,0,0,4,1024.0,0,6.0,1,69990.0
598,16,5350,156,1.8,12,1,15.6,1920,1080,141,0,5,0,12,212,16,0,0,6,1024.0,0,6.0,1,75990.0
599,0,3716,30,1.8,16,1,15.6,1920,1080,141,0,5,0,12,248,16,0,0,4,1024.0,0,9.0,1,49990.0
600,9,903,238,1.38,16,1,14.0,2880,1800,243,0,4,1,8,107,16,0,0,4,1024.0,0,6.0,0,114999.0
601,9,901,236,1.57,16,1,14.0,2240,1400,189,1,4,1,24,22,32,0,0,4,1024.0,0,16.3,0,186499.0
602,15,1059,143,1.43,16,1,14.0,1920,1080,157,0,3,0,10,160,8,0,0,4,1024.0,0,7.0,0,35500.0
603,2,7523,427,1.7,16,1,15.6,1920,1080,141,0,5,0,12,155,16,0,0,4,1024.0,0,6.0,0,58990.0
604,9,422,90,1.19,18,1,14.0,2880,1800,243,0,4,1,12,107,32,0,0,4,1024.0,0,6.0,0,212999.0
605,9,2386,230,2.68,16,1,16.0,2560,1600,189,0,4,0,36,271,32,0,0,16,1024.0,0,6.0,0,309999.0
606,16,4033,218,1.7,16,1,15.6,1920,1080,141,0,5,0,12,155,8,0,0,4,1024.0,0,6.0,0,39990.0
607,15,2085,180,1.77,16,1,15.6,1920,1080,141,0,7,0,24,266,12,0,0,6,1024.0,0,6.0,0,95090.0
608,15,2018,154,1.62,16,1,15.6,1920,1080,141,1,5,0,16,4,16,0,0,4,1024.0,0,10.0,0,42490.0
609,6,3243,182,2.2,18,1,14.0,1920,1200,162,3,4,0,12,376,16,0,0,4,1024.0,0,6.0,0,113344.0
610,0,7071,409,1.39,16,1,14.0,1920,1080,157,1,5,0,12,4,16,0,0,4,1024.0,0,6.0,0,84000.0
611,9,1925,423,2.29,16,1,15.6,1920,1080,141,1,5,0,16,248,16,0,0,4,1024.0,0,6.0,0,64969.0
612,15,1071,488,1.19,16,1,14.0,1920,1200,162,0,4,0,8,108,32,0,0,4,1024.0,0,6.0,0,109990.0
613,16,4258,216,1.4,16,1,14.0,1920,1080,157,1,5,0,12,4,16,0,0,4,1024.0,0,6.0,0,39990.0
614,15,1072,488,1.19,16,1,14.0,1920,1200,162,0,4,0,12,110,32,0,0,4,1024.0,0,6.0,0,149991.0
615,0,6524,258,2.8,16,1,16.0,1920,1200,142,0,7,0,12,266,16,0,0,6,1024.0,0,6.0,0,114999.0
616,9,1003,101,1.39,16,1,14.0,2880,1800,243,0,4,1,12,107,32,0,0,4,1024.0,0,10.3,0,141999.0
617,15,5632,390,2.2,16,1,14.0,1920,1200,162,0,5,0,12,155,16,0,0,4,1024.0,0,6.0,0,66991.0
618,16,4260,216,1.4,16,1,14.0,1920,1080,157,1,7,0,12,4,16,0,0,4,1024.0,0,6.0,1,47990.0
619,15,5637,390,2.2,18,1,14.0,1920,1200,162,1,5,0,12,4,16,0,0,4,1024.0,0,6.0,0,67990.0
620,15,5619,415,2.2,18,1,15.6,1920,1080,141,0,5,0,12,160,8,0,0,4,1024.0,0,6.0,0,85900.0
621,9,1968,156,1.59,16,1,15.6,1920,1080,141,0,5,0,12,155,8,0,0,4,1024.0,0,7.45,0,65300.0
622,9,1969,156,1.59,16,1,15.6,1920,1080,141,0,5,0,12,155,16,0,0,4,1024.0,0,7.45,0,69600.0
623,15,5618,386,2.2,18,1,13.5,2880,1920,256,0,4,0,12,107,32,0,0,4,1024.0,0,6.0,0,159990.0
624,0,3872,17,2.2,16,1,15.6,1920,1080,141,0,5,0,12,248,8,0,0,4,1024.0,0,7.0,0,53999.0
625,15,5589,399,2.2,18,1,14.0,1920,1200,162,0,7,0,12,155,32,0,0,4,1024.0,0,6.0,0,199991.0
626,9,1884,423,2.29,16,1,15.6,1920,1080,141,0,7,0,24,267,16,0,0,8,1024.0,0,6.0,0,105999.0
627,0,3871,17,2.2,16,1,15.6,1920,1080,141,0,5,0,12,248,16,0,0,4,1024.0,0,7.0,0,55999.0
628,0,7083,409,2.2,16,1,15.6,1920,1080,141,0,3,0,12,160,8,0,0,4,1024.0,0,14.0,0,39490.0
629,0,7082,409,2.2,16,1,15.6,1920,1080,141,0,5,0,12,160,16,0,0,4,1024.0,0,14.0,0,58990.0
630,2,5320,320,1.85,16,1,16.0,2560,1600,189,1,4,0,36,267,16,0,0,8,1024.0,0,6.0,0,194990.0
631,15,1085,160,1.39,16,1,14.0,1920,1200,162,0,5,0,12,160,16,0,0,4,1024.0,0,6.0,0,73991.0
632,9,426,92,1.49,18,1,14.0,2880,1800,243,1,4,1,16,21,32,0,0,4,1024.0,0,6.0,0,199499.0
633,15,5688,147,1.55,16,1,14.0,1920,1200,162,1,7,1,12,4,16,0,0,4,1024.0,0,10.0,0,68991.0
634,15,2084,180,1.77,16,1,15.6,1920,1080,141,0,5,0,12,248,12,0,0,4,1024.0,0,6.0,0,60991.0
635,2,5096,304,2.5,16,1,16.0,1920,1200,142,0,7,0,24,267,16,0,0,8,1024.0,0,6.0,0,140990.0
636,9,427,92,1.49,18,1,14.0,2880,1800,243,1,4,1,24,22,64,0,0,4,1024.0,0,6.0,0,241999.0
637,0,3863,34,2.2,16,1,15.6,1920,1080,141,0,5,0,12,160,16,0,0,4,1024.0,0,8.0,0,52999.0
638,2,7488,427,1.7,16,1,15.6,1920,1080,141,0,5,0,12,155,16,0,0,4,1024.0,0,6.0,1,53990.0
639,15,5680,149,2.2,16,1,15.6,1920,1080,141,1,5,0,12,255,16,0,0,6,1024.0,0,6.0,0,65990.0
640,16,3502,156,3.6,16,1,18.0,3840,2400,252,0,4,0,36,272,64,0,0,24,1024.0,0,6.0,0,64989.0
641,2,4734,380,2.2,16,1,15.6,1920,1080,141,0,5,0,18,255,16,0,0,4,1024.0,0,6.0,0,73990.0
642,15,5598,398,2.2,18,1,14.0,1920,1200,162,0,7,0,12,160,16,0,0,4,1024.0,0,6.0,0,144990.0
643,1,6043,203,1.51,28,1,15.3,2880,1864,224,3,4,0,20,98,16,0,0,4,1024.0,0,18.0,0,144900.0
644,15,1108,486,1.35,16,1,14.0,1920,1200,162,0,5,0,12,155,16,0,0,4,1024.0,0,6.0,0,69991.0
645,15,5617,386,2.2,18,1,13.5,2880,1920,256,0,4,0,18,107,16,0,0,4,1024.0,0,6.0,0,125991.0
646,15,5634,390,2.2,18,1,14.0,1920,1200,162,0,5,0,12,160,16,0,0,4,1024.0,0,6.0,0,85990.0
647,15,32,392,2.2,16,1,16.0,1920,1200,142,0,3,0,12,160,8,0,0,4,1024.0,0,6.0,0,50491.0
648,15,5649,398,2.2,18,1,14.0,1920,1200,162,0,4,0,12,133,32,0,0,4,1024.0,0,6.0,0,179990.0
649,15,5642,401,2.2,18,1,13.3,1920,1200,170,0,4,0,12,133,32,0,0,4,1024.0,0,6.0,0,172990.0
650,15,5665,389,2.2,16,1,16.0,1920,1200,142,1,7,0,12,16,16,0,0,4,1024.0,0,6.0,0,56990.0
651,15,5646,398,2.2,16,1,14.0,1920,1200,162,1,5,0,12,17,16,0,0,4,1024.0,0,6.0,0,102990.0
652,0,3633,28,2.2,16,1,15.6,1366,768,100,0,1,0,12,160,8,0,0,4,1024.0,0,6.0,0,24499.0
653,2,5437,320,1.85,16,1,16.0,2560,1600,189,0,4,0,24,268,16,0,0,8,1024.0,0,3.0,0,199990.0
654,15,5614,398,2.2,18,1,14.0,2240,1400,189,0,7,0,12,160,16,0,0,4,1024.0,0,6.0,0,144990.0
655,15,5613,393,2.2,18,1,14.0,1920,1080,157,0,7,0,12,155,16,0,0,4,1024.0,0,6.0,0,103991.0
656,15,5641,401,2.2,18,1,13.3,1920,1200,170,0,4,0,12,133,16,0,0,4,1024.0,0,6.0,0,149991.0
657,9,899,246,1.44,16,1,14.0,2560,1600,216,0,4,0,18,107,16,0,0,4,1024.0,0,12.3,0,102999.0
658,15,5644,401,2.2,16,1,13.3,1920,1200,170,0,4,1,12,133,16,0,0,4,1024.0,0,6.0,0,129991.0
659,0,3986,227,2.2,16,1,15.6,1920,1080,141,0,5,0,12,266,16,0,0,6,1024.0,0,6.0,0,85990.0
660,15,2046,155,1.49,16,1,13.3,1920,1200,170,1,7,0,16,16,16,0,0,4,1024.0,0,6.0,0,62991.0
661,0,3990,227,2.2,16,1,15.6,1920,1080,141,0,5,0,12,266,16,0,0,6,1024.0,0,6.0,0,95999.0
662,15,5645,398,2.2,16,1,14.0,1920,1200,162,1,7,0,12,19,16,0,0,4,1024.0,0,6.0,0,106991.0
663,0,4273,48,1.45,3,1,14.0,1920,1080,157,0,1,0,12,160,8,0,0,4,1024.0,0,6.0,0,24490.0
664,15,5689,148,2.2,16,1,14.0,1920,1200,162,0,5,1,12,155,16,0,0,4,1024.0,0,6.0,0,69991.0
665,15,2016,154,1.62,16,1,15.6,1920,1080,141,1,7,0,16,4,16,0,0,4,1024.0,0,6.0,0,47991.0
666,9,1885,423,2.29,16,1,15.6,1920,1080,141,0,7,0,24,255,16,0,0,6,1024.0,0,6.0,0,87327.0
667,16,4090,383,1.86,16,1,15.6,1920,1080,141,0,5,0,12,248,16,0,0,4,1024.0,0,6.0,1,79000.0
668,15,5652,387,2.2,16,1,14.0,1920,1200,162,0,7,0,12,160,16,0,0,4,1024.0,0,6.0,0,71991.0
669,15,5643,401,2.2,16,1,13.3,1920,1200,170,0,4,1,12,133,16,0,0,4,1024.0,0,6.0,0,161990.0
670,0,3623,28,2.2,16,1,14.0,1920,1080,157,0,5,0,12,160,16,0,0,4,1024.0,0,6.5,0,41000.0
671,9,425,92,1.49,18,1,14.0,2880,1800,243,1,4,1,16,21,64,0,0,4,1024.0,0,6.0,0,224999.0
672,0,3504,28,1.0,16,1,11.6,1366,768,135,0,1,0,12,160,8,0,0,4,1024.0,0,6.0,0,17990.0
673,9,433,93,1.18,18,1,14.0,1920,1200,162,0,4,1,12,107,32,0,0,4,1024.0,0,6.0,0,228999.0
674,9,434,91,1.4,18,1,14.0,1920,1200,162,0,4,1,12,107,32,0,0,4,1024.0,0,6.0,0,248999.0
675,9,435,91,1.4,18,1,14.0,1920,1200,162,0,4,1,12,107,32,0,0,4,1024.0,0,6.0,0,234999.0
676,15,154,148,1.5,16,1,14.0,1920,1080,157,0,5,1,8,155,8,0,0,4,1024.0,0,7.0,0,64500.0
677,15,2026,142,1.61,16,1,15.6,1920,1080,141,1,7,0,8,4,16,0,0,4,1024.0,0,6.0,0,45490.0
678,15,2141,180,2.2,16,1,15.6,1920,1080,141,0,5,0,12,266,24,0,0,6,1024.0,0,6.0,0,89490.0
679,15,2143,180,2.38,16,1,15.6,1920,1080,141,0,7,0,12,267,24,0,0,8,1024.0,0,6.0,0,112491.0
680,15,1082,155,1.48,16,1,14.0,1920,1200,162,0,4,0,18,107,16,0,0,4,1024.0,0,6.0,0,72990.0
681,9,1938,156,1.59,16,1,15.6,1920,1080,141,1,3,0,4,4,8,0,0,4,1024.0,0,10.3,0,38723.0
682,15,5660,390,2.2,16,1,14.0,1920,1200,162,0,4,0,12,133,16,0,0,4,1024.0,0,6.0,0,94990.0
683,15,5696,156,2.5,16,1,16.0,2560,1600,189,0,7,0,30,267,16,0,0,8,1024.0,0,6.0,0,159990.0
684,9,1967,156,1.59,16,1,15.6,1920,1080,141,0,5,0,12,160,8,0,0,4,1024.0,0,7.45,0,61751.0
685,15,2491,198,2.3,16,1,16.0,2560,1600,189,1,7,0,16,267,16,0,0,8,1024.0,0,6.0,0,144990.0
686,15,2511,192,2.36,16,1,16.0,2560,1600,189,0,7,0,30,267,16,0,0,8,1024.0,0,6.0,0,149991.0
687,0,3629,28,1.79,16,1,15.6,1920,1080,141,1,3,0,12,4,16,0,0,4,1024.0,0,6.0,0,29990.0
688,9,420,505,1.73,18,1,16.0,1920,1200,142,0,4,0,24,347,32,0,0,8,1024.0,0,6.0,0,308039.0
689,9,419,505,1.73,18,1,16.0,1920,1200,142,0,4,0,24,268,32,0,0,8,1024.0,0,6.0,0,284970.0
690,16,3435,68,1.98,16,1,15.6,1920,1080,141,0,5,0,12,255,16,0,0,6,1024.0,0,6.0,0,61500.0
691,9,421,505,1.73,18,1,16.0,1920,1200,142,0,4,0,24,346,32,0,0,8,1024.0,0,6.0,0,274114.0
692,9,414,505,1.73,18,1,16.0,1920,1200,142,0,4,0,24,346,64,0,0,8,1024.0,0,6.0,0,332465.0
693,9,415,505,1.73,18,1,16.0,1920,1200,142,0,4,0,24,268,32,0,0,8,1024.0,0,6.0,0,325680.0
694,9,418,505,1.73,18,1,16.0,1920,1200,142,0,4,0,24,268,64,0,0,8,1024.0,0,6.0,0,301254.0
695,9,417,505,1.73,18,1,16.0,1920,1200,142,0,4,0,24,346,32,0,0,8,1024.0,0,6.0,0,317538.0
696,9,413,505,1.73,18,1,16.0,3840,2400,283,0,4,0,24,347,64,0,0,8,1024.0,0,6.0,0,400315.0
697,9,416,505,1.73,18,1,16.0,1920,1200,142,0,4,0,24,347,32,0,0,8,1024.0,0,6.0,0,350106.0
698,15,5658,390,2.2,16,1,14.0,1920,1200,162,1,7,0,12,16,16,0,0,4,1024.0,0,6.0,0,67990.0
699,15,5664,387,2.2,16,1,14.0,1920,1200,162,1,3,0,12,15,8,0,0,4,1024.0,0,6.0,0,42991.0
700,15,2145,180,2.38,16,1,15.6,1920,1080,141,0,5,0,20,266,24,0,0,6,1024.0,0,6.0,0,92491.0
701,15,5657,390,2.2,16,1,14.0,1920,1200,162,1,5,0,12,15,16,0,0,4,1024.0,0,6.0,0,52990.0
702,15,5651,387,2.2,16,1,14.0,1920,1200,162,0,5,0,12,160,16,0,0,4,1024.0,0,6.0,0,57991.0
703,15,5666,389,2.2,16,1,16.0,1920,1200,142,1,3,0,12,15,8,0,0,4,1024.0,0,6.0,0,42991.0
704,15,5662,387,2.2,16,1,14.0,1920,1200,162,1,5,0,12,15,16,0,0,4,1024.0,0,6.0,0,48990.0
705,9,429,84,1.18,18,1,14.0,1920,1200,162,0,4,1,24,107,32,0,0,4,1024.0,0,6.0,0,165999.0
706,15,5663,387,2.2,16,1,14.0,1920,1200,162,1,7,0,12,16,16,0,0,4,1024.0,0,6.0,0,57991.0
707,9,432,80,1.38,18,1,14.0,2880,1800,243,0,4,1,24,107,32,0,0,4,1024.0,0,6.0,0,179499.0
708,15,2138,180,2.38,16,1,15.6,1920,1080,141,0,5,0,20,255,24,0,0,6,1024.0,0,6.0,0,76990.0
709,15,5676,147,1.55,16,1,14.0,1920,1200,162,1,7,1,8,4,16,0,0,4,1024.0,0,6.0,0,63491.0
710,9,430,80,1.38,18,1,14.0,1920,1200,162,0,4,1,24,107,16,0,0,4,1024.0,0,6.0,0,172999.0
711,15,5671,152,1.61,16,1,15.6,1920,1080,141,1,5,0,16,4,16,0,0,4,1024.0,0,6.0,0,39491.0
712,15,5659,390,2.2,16,1,14.0,1920,1200,162,0,4,0,12,133,16,0,0,4,1024.0,0,6.0,0,74990.0
713,15,5697,192,2.36,16,1,16.0,2560,1600,189,0,7,0,30,266,16,0,0,6,1024.0,0,6.0,0,129840.0
714,15,2512,193,2.24,16,1,16.0,3200,2000,236,0,9,0,36,268,32,0,0,8,1024.0,0,6.0,0,212491.0
715,15,2139,180,2.38,16,1,15.6,1920,1080,141,0,7,0,12,255,24,0,0,6,1024.0,0,6.0,0,89490.0
716,9,423,82,1.31,18,1,13.3,1920,1200,170,0,4,1,12,106,32,0,0,4,1024.0,0,6.0,0,174223.0
717,15,1101,146,1.5,16,1,14.0,1920,1200,162,0,7,1,24,160,16,0,0,4,1024.0,0,6.0,0,85491.0
718,9,424,82,1.31,18,1,13.3,1920,1200,170,0,4,1,12,106,16,0,0,4,1024.0,0,6.0,0,134999.0
719,9,431,71,0.99,18,1,13.5,1920,1280,171,0,7,1,12,155,32,0,0,4,1024.0,0,6.0,0,185999.0
720,0,3710,30,1.76,16,1,15.6,1920,1080,141,0,3,0,12,160,8,0,0,4,1024.0,0,6.0,0,33990.0
721,9,428,87,1.41,18,1,14.0,1920,1200,162,0,4,0,24,107,16,0,0,4,1024.0,0,6.0,0,120499.0
722,16,3501,264,0.99,16,1,13.3,2880,1800,255,0,4,0,12,110,32,0,0,4,1024.0,0,6.0,0,126990.0
723,0,3864,34,2.2,16,1,15.6,1920,1080,141,0,5,0,12,160,16,0,0,4,1024.0,0,6.0,0,54999.0
724,0,3842,34,1.59,16,1,15.6,1920,1080,141,0,7,0,12,133,32,0,0,4,1024.0,0,6.0,0,58999.0
725,15,5686,154,1.62,16,1,15.6,1920,1080,141,1,5,0,4,13,16,0,0,4,1024.0,0,6.0,0,46991.0
726,15,1098,146,1.6,16,1,14.0,1920,1200,162,0,5,1,12,160,16,0,0,4,1024.0,0,6.0,0,69991.0
727,15,233,475,2.2,16,1,14.0,1920,1200,162,0,4,1,18,107,16,0,0,4,1024.0,0,6.0,0,105991.0
728,15,1027,145,1.6,16,1,14.0,1920,1200,162,1,7,1,16,19,16,0,0,4,1024.0,0,6.0,0,79991.0
729,15,2124,159,1.62,16,1,15.6,1920,1080,141,0,3,0,10,160,8,0,0,4,1024.0,0,6.0,0,39491.0
730,15,2500,155,1.82,16,1,16.0,1920,1200,142,0,4,0,18,107,16,0,0,4,1024.0,0,6.0,0,82490.0
731,15,2502,155,1.82,16,1,16.0,1920,1200,142,0,4,0,24,107,16,0,0,4,1024.0,0,6.0,0,87491.0
732,15,232,475,2.2,16,1,14.0,1920,1200,162,0,4,1,24,107,16,0,0,4,1024.0,0,6.0,0,123991.0
733,15,1081,155,1.48,16,1,14.0,1920,1200,162,0,4,0,18,107,16,0,0,4,1024.0,0,6.0,0,83990.0
734,15,1078,150,1.46,16,1,14.0,2880,1800,243,0,4,0,24,107,32,0,0,4,1024.0,0,6.0,0,112491.0
735,15,5647,398,2.39,18,1,14.0,1920,1200,162,0,4,0,12,106,16,0,0,4,1024.0,0,6.0,0,135000.0
736,0,6846,367,2.2,16,1,14.0,1920,1080,157,1,7,0,12,4,16,0,0,4,1024.0,0,6.0,0,79999.0
737,15,5703,161,2.2,16,1,14.0,1920,1200,162,3,4,0,12,381,16,0,0,4,1024.0,0,6.0,0,90991.0
738,15,5648,398,2.45,18,1,14.0,1920,1200,162,0,4,1,12,131,32,0,0,4,1024.0,0,6.0,0,135000.0
739,9,73,498,1.8,18,1,16.0,1920,1200,142,0,5,0,12,155,16,0,0,4,1024.0,0,6.0,0,156125.0
740,15,5596,397,2.22,18,1,16.0,1920,1200,142,0,4,0,24,347,32,0,0,8,1024.0,0,6.0,0,299999.0
741,16,4052,383,1.86,16,1,15.6,1920,1080,141,0,5,0,12,248,8,0,0,4,1024.0,0,6.0,0,64989.0
742,15,1076,488,1.39,16,1,14.0,1920,1200,162,0,4,0,24,107,32,0,0,4,1024.0,0,6.0,0,115990.0
743,15,2503,200,2.0,16,1,16.0,3200,2000,236,0,9,0,24,268,32,0,0,8,1024.0,0,6.0,0,162389.0
744,15,5,388,1.7,16,1,15.6,1920,1080,141,1,3,0,4,4,8,0,0,4,1024.0,0,7.5,0,35990.0
745,15,187,414,2.2,16,1,14.0,1920,1080,157,0,3,0,12,160,8,0,0,4,1024.0,0,6.0,0,41990.0
746,15,4016,490,2.2,16,1,15.3,2880,1800,222,0,4,1,12,107,32,0,0,4,1024.0,0,6.0,0,149991.0
747,9,1915,423,2.29,16,1,15.6,1920,1080,141,1,5,0,16,60,8,0,0,4,1024.0,0,6.0,0,55379.0
748,1,5999,203,1.24,30,1,13.6,2560,1664,225,3,4,0,20,160,16,0,0,4,1024.0,0,18.0,0,134900.0
749,2,4115,105,1.49,16,1,14.0,1920,1080,157,0,7,0,12,160,16,0,0,4,1024.0,0,7.0,0,50990.0
750,0,3725,30,1.78,16,1,15.6,1920,1080,141,0,5,0,12,248,16,0,0,4,1024.0,0,5.0,0,54990.0
751,6,2990,168,2.2,16,1,15.6,1920,1080,141,1,3,0,12,4,64,0,0,4,1024.0,0,6.0,0,33990.0
752,9,1914,423,2.29,15,1,15.6,1920,1080,141,1,5,0,16,60,8,0,0,4,1024.0,0,6.0,0,52716.0
753,0,4279,48,2.2,3,1,11.6,1366,768,135,0,1,0,12,160,4,0,0,4,1024.0,0,6.0,0,36999.0
754,15,5690,148,2.2,16,1,16.0,1920,1200,142,0,5,1,12,155,16,0,0,4,1024.0,0,6.0,0,74990.0
755,0,6858,368,1.32,16,1,14.5,1920,1200,156,3,4,0,12,379,16,0,0,4,1024.0,0,6.0,0,89990.0
756,9,1566,423,2.29,16,1,15.6,1920,1080,141,0,5,0,12,255,16,0,0,4,1024.0,0,15.3,0,67490.0
757,15,176,143,1.63,16,1,15.6,1920,1080,141,0,3,0,10,160,8,0,0,4,1024.0,0,6.0,0,35990.0
758,1,6004,203,1.51,30,1,15.3,2880,1864,224,3,4,0,20,160,16,0,0,4,1024.0,0,18.0,0,139990.0
759,0,4274,48,1.6,3,1,15.6,1920,1080,141,0,1,0,12,160,8,0,0,4,1024.0,0,6.0,0,16490.0
760,9,2450,423,2.33,16,1,16.1,1920,1080,141,1,7,0,12,268,32,0,0,8,1024.0,0,6.0,0,159999.0
761,9,2475,232,2.39,16,1,16.1,2560,1440,141,0,7,0,33,268,32,0,0,8,1024.0,0,6.0,0,194999.0
762,9,2476,232,2.39,16,1,16.1,2560,1440,182,0,7,0,33,267,32,0,0,8,1024.0,0,5.0,0,174999.0
763,0,6850,369,1.3,16,1,14.0,2880,1800,243,0,4,0,24,107,16,0,0,4,1024.0,0,6.0,0,94999.0
764,15,186,414,2.2,16,1,14.0,1920,1080,157,0,3,0,12,160,8,0,0,4,1024.0,0,6.0,0,34991.0
765,15,5590,399,2.2,18,1,14.0,2240,1400,189,0,7,0,12,155,16,0,0,4,1024.0,0,6.0,0,199991.0
766,0,3832,34,1.59,16,1,15.6,1920,1080,141,1,5,0,12,4,16,0,0,4,1024.0,0,6.0,0,32990.0
767,0,3840,34,1.59,0,1,15.6,1920,1080,141,0,5,0,12,133,8,0,0,4,1024.0,0,6.0,0,34990.0
768,0,3641,29,1.54,16,1,14.0,1920,1200,162,0,3,1,12,160,8,0,0,4,1024.0,0,8.5,0,39990.0
769,0,7968,241,1.5,0,1,14.0,1366,768,112,1,3,0,12,4,8,0,0,4,1024.0,0,6.0,0,22990.0
770,0,3995,227,2.1,16,1,15.6,1920,1080,141,0,7,0,12,266,16,0,0,6,1024.0,0,6.0,0,79999.0
771,9,973,246,1.41,16,1,14.0,1920,1080,157,0,7,0,24,155,16,0,0,4,1024.0,0,9.15,0,99490.0
772,9,1787,243,1.74,16,1,15.6,1920,1080,141,0,5,0,12,160,8,0,0,4,1024.0,0,6.0,0,61990.0
773,15,48,397,2.2,18,1,16.0,1920,1200,142,0,4,0,24,345,16,0,0,6,1024.0,0,6.0,0,174990.0
774,0,3823,34,1.59,0,1,15.6,1920,1080,141,1,5,0,12,4,8,0,0,4,1024.0,0,6.0,0,29990.0
775,15,52,390,2.2,18,1,14.0,1920,1200,162,1,7,0,12,16,16,0,0,4,1024.0,0,6.0,0,82991.0
776,15,185,414,2.2,18,1,14.0,1920,1080,157,0,5,0,12,155,8,0,0,4,1024.0,0,6.0,0,55991.0
777,15,53,390,2.2,18,1,14.0,1920,1200,162,1,5,0,12,15,16,0,0,4,1024.0,0,6.0,0,68991.0
778,0,3816,34,1.59,16,1,15.6,1920,1080,141,1,7,0,12,4,16,0,0,4,1024.0,0,6.0,0,36990.0
779,0,3833,34,1.59,0,1,15.6,1920,1080,141,0,3,0,12,160,16,0,0,4,1024.0,0,6.0,0,29990.0
780,0,6849,367,1.32,18,1,14.0,1920,1200,162,0,4,0,18,107,16,0,0,4,1024.0,0,12.5,0,74990.0
781,15,2070,159,1.63,16,1,15.6,1920,1080,141,0,3,0,10,160,8,0,0,4,1024.0,0,6.0,0,38991.0
782,15,2062,159,1.62,16,1,15.6,1920,1080,141,0,5,0,12,160,16,0,0,4,1024.0,0,6.0,0,56990.0
783,0,3824,34,1.59,18,1,15.6,1920,1080,141,1,5,0,12,4,16,0,0,4,1024.0,0,6.0,0,38990.0
784,0,7972,241,1.49,16,1,14.0,1920,1080,157,0,5,0,12,155,8,0,0,4,1024.0,0,6.0,0,32990.0
785,15,256,159,2.2,16,1,15.6,1920,1080,141,0,5,0,12,160,16,0,0,4,1024.0,0,6.0,0,59990.0
786,0,3825,34,1.59,0,1,15.6,1920,1080,141,1,5,0,12,4,16,0,0,4,1024.0,0,6.0,0,34990.0
787,16,4070,383,1.86,16,1,15.6,1920,1080,141,0,7,0,12,266,16,0,0,6,1024.0,0,6.0,0,64989.0
788,15,234,473,2.2,16,1,14.0,1920,1200,162,1,7,1,12,19,16,0,0,4,1024.0,0,6.0,0,94990.0
789,16,4068,383,1.86,16,1,15.6,1920,1080,141,0,7,0,12,266,16,0,0,6,1024.0,0,6.0,0,64989.0
790,15,2119,159,1.62,16,1,15.6,1920,1080,141,0,7,0,24,160,16,0,0,4,1024.0,0,6.0,0,66491.0
791,9,326,273,1.45,18,1,13.3,1920,1080,166,1,5,1,16,4,16,0,0,4,1024.0,0,6.0,0,107999.0
792,16,4069,383,1.86,16,1,15.6,1920,1080,141,0,5,0,12,266,16,0,0,6,1024.0,0,6.0,0,80990.0
793,15,2496,150,1.94,16,1,16.0,2048,1280,151,0,4,1,24,266,32,0,0,6,1024.0,0,6.0,0,151491.0
794,15,60,394,2.2,18,1,14.0,1920,1200,162,1,7,0,12,19,32,0,0,4,1024.0,0,6.0,0,112991.0
795,15,11,394,2.2,18,1,14.5,1920,1200,156,0,4,0,24,107,16,0,0,4,1024.0,0,6.0,0,129991.0
796,9,80,85,1.37,18,1,14.0,1920,1080,157,0,5,0,12,133,16,0,0,4,1024.0,0,6.0,0,93999.0
797,15,2030,142,1.58,16,1,15.6,1920,1080,141,1,5,0,12,12,8,0,0,4,1024.0,0,7.0,0,32990.0
798,15,47,396,2.2,18,1,16.0,1920,1200,142,0,4,0,24,107,16,0,0,4,1024.0,0,6.0,0,129991.0
799,9,1700,156,1.8,12,1,15.6,1366,768,100,1,3,0,5,83,4,0,0,4,1024.0,0,6.0,1,27990.0
800,15,2794,156,2.2,0,1,15.6,1366,768,100,1,5,0,4,86,8,0,0,4,1024.0,0,5.0,1,29877.0
801,9,2256,156,1.75,12,1,15.6,1920,1080,141,0,3,0,4,160,8,0,0,4,1024.0,0,6.0,1,37990.0
802,9,2203,156,1.77,12,1,15.6,1366,768,100,0,2,0,4,162,4,0,0,4,1024.0,0,6.0,1,21999.0
803,16,4129,44,2.35,16,1,15.6,1920,1080,141,1,5,0,12,54,8,0,0,4,1024.0,0,6.0,1,69340.0
804,15,2796,156,2.2,12,1,15.6,1920,1080,141,1,5,0,2,86,4,0,0,4,1024.0,0,5.0,1,29990.0
805,9,2230,156,1.75,12,1,15.6,1920,1080,141,0,3,0,6,160,8,0,0,4,1024.0,0,6.0,1,33990.0
806,12,7918,156,1.76,16,1,15.6,1920,1080,141,0,1,0,12,160,8,0,0,4,1024.0,0,6.0,1,19999.0
807,2,7652,424,1.55,16,1,14.0,1920,1080,157,0,3,0,6,160,8,0,0,4,1024.0,0,6.0,1,31999.0
808,12,7918,156,1.76,16,1,15.6,1920,1080,141,0,1,0,12,160,8,0,0,4,1024.0,0,6.0,1,24990.0
809,9,2312,156,1.7,16,1,15.6,1366,768,100,1,4,0,4,4,8,0,1,4,1024.0,0,6.0,1,28990.0
810,9,1244,156,1.41,16,1,14.0,1366,768,112,1,4,0,4,4,8,0,1,4,1024.0,0,6.0,1,26591.0
811,0,3776,31,2.15,12,1,15.6,1920,1080,141,0,5,0,8,297,8,0,0,4,1024.0,0,8.5,1,57090.0
812,2,7634,445,1.4,12,1,14.0,1920,1080,157,0,5,0,8,155,8,0,0,4,1024.0,0,6.0,1,59990.0
813,2,7630,445,1.4,16,1,14.0,1920,1080,157,0,3,0,6,143,8,0,0,4,1024.0,0,6.0,1,31990.0
814,2,7520,427,1.7,16,1,15.6,1920,1080,141,0,3,0,10,160,16,0,0,4,1024.0,0,6.0,1,34990.0
815,0,3765,31,2.1,16,1,15.6,1920,1080,141,0,5,0,12,209,8,0,0,4,1024.0,0,6.0,1,45999.0
816,9,2197,156,1.86,12,1,15.6,1366,768,100,1,4,0,1,7,4,0,0,2,1024.0,0,6.0,1,29890.0
817,2,7632,445,1.4,12,1,14.0,1920,1080,157,0,5,0,8,155,8,0,0,4,1024.0,0,6.0,1,44890.0
818,2,7861,461,2.0,12,1,15.6,1366,768,100,0,2,0,4,162,4,0,0,4,1024.0,0,6.0,1,18999.0
819,2,4690,380,2.3,15,1,15.6,1920,1080,141,0,5,0,12,255,16,0,1,4,1024.0,0,8.0,1,66980.0
820,9,2301,156,1.69,16,1,15.6,1920,1080,141,1,5,0,8,4,16,0,0,4,1024.0,0,9.0,1,42490.0
821,9,2268,156,1.77,12,1,15.6,1920,1080,141,0,3,0,4,160,4,0,0,4,1024.0,0,6.0,1,38210.0
822,9,2304,156,1.69,16,1,15.6,1920,1080,141,1,5,0,8,4,8,0,0,4,1024.0,0,6.0,1,36190.0
823,2,6096,156,1.8,12,1,15.6,1920,1080,141,1,3,0,4,4,8,0,0,4,1024.0,0,6.0,1,33999.0
824,9,2205,156,1.77,12,1,15.6,1920,1080,141,0,5,0,6,166,8,0,0,4,1024.0,0,6.0,1,47790.0
825,9,2319,156,1.69,16,1,15.6,1920,1080,141,0,3,0,8,160,8,0,0,4,1024.0,0,7.0,1,42990.0
826,2,7891,156,1.9,12,1,15.6,1366,768,100,0,2,0,4,162,4,0,0,4,1024.0,0,6.0,1,21500.0
827,9,8057,249,1.59,12,1,14.0,1366,768,112,0,3,1,4,166,4,0,0,4,1024.0,0,10.0,1,44990.0
828,9,2204,156,1.77,12,1,15.6,1920,1080,141,0,5,0,6,166,8,0,0,4,1024.0,0,6.0,1,40990.0
829,2,6106,427,1.8,16,1,15.6,1366,768,100,1,3,0,5,1,8,0,0,4,1024.0,0,6.0,1,21999.0
830,9,2260,156,1.74,12,1,15.6,1920,1080,141,0,3,0,12,160,8,0,0,4,1024.0,0,6.0,1,41900.0
831,15,2717,156,2.2,0,1,15.6,1366,768,100,0,5,0,3,244,8,0,0,2,1024.0,0,5.0,1,39999.0
832,15,146,159,1.65,16,1,15.6,1920,1080,141,0,3,0,6,160,8,0,1,4,1024.0,0,7.0,1,34960.0
833,6,787,166,2.1,12,1,14.0,1366,768,112,0,3,0,3,123,4,0,0,4,1024.0,0,6.0,1,27884.0
834,6,789,166,1.9,7,1,14.0,1366,768,112,0,3,0,3,129,4,0,0,4,1024.0,0,6.0,1,26490.0
835,6,786,166,1.9,11,1,14.0,1366,768,112,0,3,0,3,123,4,0,0,4,1024.0,0,5.0,1,30999.0
836,2,7835,427,1.8,12,1,15.6,1920,1080,141,0,3,0,4,160,4,0,1,4,1024.0,0,6.0,1,33990.0
837,9,2335,156,1.69,16,1,15.6,1920,1080,141,0,5,0,12,155,8,0,1,4,1024.0,0,10.0,1,45900.0
838,6,796,460,1.79,7,1,14.0,1366,768,112,0,5,0,6,7,8,0,0,2,1024.0,0,6.0,1,41999.0
839,16,4169,216,1.4,16,1,14.0,1920,1080,157,0,3,0,12,160,8,0,0,4,1024.0,0,10.0,1,31999.0
840,9,2359,156,1.69,16,1,15.6,1920,1080,141,0,3,0,10,160,8,0,0,4,1024.0,0,6.0,1,33990.0
841,9,1759,245,1.98,12,1,15.6,1920,1080,141,1,5,0,3,212,8,0,0,4,1024.0,0,6.0,1,62990.0
842,2,4459,77,0.99,12,1,11.6,1366,768,135,0,1,0,4,161,2,0,0,4,1024.0,0,6.0,1,13999.0
843,9,1675,156,1.77,12,1,15.6,1920,1080,141,0,3,0,3,129,4,0,0,4,1024.0,0,6.0,1,30490.0
844,2,6576,447,2.0,12,1,15.6,1920,1080,141,0,5,0,6,311,8,0,0,2,1024.0,0,6.0,1,45990.0
845,9,1537,156,2.1,0,1,15.6,1366,768,100,0,3,0,3,123,4,0,0,4,1024.0,0,6.0,1,27890.0
846,16,5344,156,1.86,12,1,15.6,1920,1080,141,0,5,0,12,255,8,0,0,4,1024.0,0,6.0,1,68999.0
847,9,1676,156,1.77,12,1,15.6,1920,1080,141,0,3,0,3,129,4,0,0,4,1024.0,0,6.0,1,30999.0
848,9,1186,156,1.47,12,1,14.0,1366,768,112,0,3,0,4,166,8,0,0,4,1024.0,0,6.0,1,33990.0
849,2,4560,454,2.0,12,1,15.6,1366,768,100,0,3,0,3,123,4,0,0,4,1024.0,0,6.0,1,26990.0
850,9,2209,156,1.77,12,1,15.6,1920,1080,141,0,5,0,3,129,8,0,0,4,1024.0,0,6.0,1,37999.0
851,21,3080,156,1.06,9,1,11.6,1366,768,135,3,4,0,12,174,4,0,0,4,1024.0,0,10.0,1,12990.0
852,2,4224,49,1.2,3,1,11.6,1366,768,135,0,1,0,4,161,4,0,0,4,1024.0,0,6.0,1,21990.0
853,9,1532,156,2.19,0,1,15.6,1366,768,100,0,2,0,2,118,4,0,0,4,1024.0,0,5.0,1,24943.0
854,2,7685,424,1.6,16,1,14.0,1366,768,112,0,1,0,4,160,4,0,0,4,1024.0,0,6.0,1,25039.0
855,1,5916,204,1.4,22,1,13.3,2560,1600,227,2,4,0,16,160,8,0,0,4,1024.0,0,17.0,1,116990.0
856,2,7827,427,1.8,12,1,15.6,1366,768,100,0,3,0,4,160,4,0,0,4,1024.0,0,6.0,1,27990.0
857,16,5383,156,2.2,12,1,15.6,1920,1080,141,0,7,0,9,201,8,0,0,4,1024.0,0,6.0,1,79990.0
858,9,2258,156,1.74,12,1,15.6,1920,1080,141,0,3,0,4,160,8,0,0,4,1024.0,0,6.0,1,38990.0
859,9,1196,156,1.46,12,1,14.0,1366,768,112,0,5,0,8,155,8,0,0,4,1024.0,0,6.0,1,51999.0
860,9,1640,156,1.86,12,1,15.6,1366,768,100,1,4,0,1,44,4,0,0,4,1024.0,0,11.0,1,24990.0
861,9,1217,156,1.47,12,1,14.0,1920,1080,157,1,5,0,6,86,8,0,1,4,1024.0,0,6.0,1,49290.0
862,15,2675,156,1.7,16,1,15.6,1366,768,100,0,1,0,4,168,8,0,0,4,1024.0,0,14.0,1,25874.0
863,0,3548,28,2.1,7,1,15.6,1366,768,100,0,1,0,2,130,2,0,0,4,500.0,0,6.0,1,15990.0
864,2,4646,379,2.6,16,1,17.3,1920,1080,127,1,5,0,11,209,8,0,0,4,1024.0,0,6.0,1,46890.0
865,9,1755,245,1.98,12,1,15.6,1920,1080,141,1,5,0,6,293,8,0,0,4,1024.0,0,6.0,1,55490.0
866,0,6487,255,2.5,12,1,15.6,1920,1080,141,0,7,0,12,318,16,0,0,6,1024.0,0,6.0,1,114106.0
867,2,4997,303,2.1,12,1,15.6,1920,1080,141,1,7,0,8,209,8,0,0,4,1024.0,0,6.0,1,75999.0
868,9,949,243,1.41,16,1,14.0,1920,1080,157,0,5,0,8,155,16,0,0,4,1024.0,0,6.0,1,65300.0
869,2,7622,424,1.5,12,1,14.0,1920,1080,157,0,5,0,6,166,8,0,0,4,1024.0,0,6.0,1,54990.0
870,9,952,243,1.41,16,1,14.0,1920,1080,157,0,5,0,12,155,16,0,0,4,1024.0,0,6.0,1,63990.0
871,31,6201,156,1.79,12,1,15.6,3200,2000,242,0,5,0,8,155,8,0,1,4,1024.0,0,12.0,1,52990.0
872,9,1608,243,2.2,12,1,15.6,1920,1080,141,0,5,0,8,201,8,0,0,4,1024.0,0,6.0,1,54990.0
873,15,7413,156,1.7,16,1,15.6,1920,1080,141,0,1,0,4,160,8,0,1,4,1024.0,0,6.0,1,21980.0
874,31,6201,156,1.79,12,1,15.6,3200,2000,242,0,5,0,8,155,16,0,0,4,1024.0,0,6.0,1,57990.0
875,0,3561,28,2.2,12,1,15.6,1366,768,100,0,3,0,3,129,4,0,0,4,500.0,0,6.0,1,31406.0
876,2,1507,435,1.8,16,1,15.6,1920,1080,141,1,7,0,12,211,8,0,0,4,1024.0,0,6.0,1,66990.0
877,6,2917,168,1.8,16,1,15.6,1920,1080,141,0,3,0,6,160,8,0,0,4,1024.0,0,7.0,1,46299.0
878,9,2289,156,1.69,12,1,15.6,1920,1080,141,1,5,0,4,86,8,0,0,4,1024.0,0,6.0,1,36990.0
879,9,1642,156,1.86,12,1,15.6,1366,768,100,1,4,0,1,43,4,0,0,4,1024.0,0,6.0,1,26990.0
880,0,3558,26,2.1,7,1,15.6,1366,768,100,0,3,0,3,129,4,0,0,4,500.0,0,6.5,1,28990.0
881,0,3679,30,2.0,12,1,15.6,1920,1080,141,0,5,0,3,312,8,0,0,2,1024.0,0,7.0,1,56666.0
882,9,2284,156,1.75,16,1,15.6,1366,768,100,0,3,0,8,160,8,0,0,4,1024.0,0,9.0,1,33900.0
883,0,3680,30,2.2,12,1,15.6,1920,1080,141,0,5,0,3,312,8,0,0,2,1024.0,0,7.0,1,49212.0
884,9,898,243,1.41,16,1,14.0,1920,1080,157,1,5,0,16,4,16,0,0,4,1024.0,0,6.0,1,65628.0
885,2,4685,374,2.2,12,1,15.6,1920,1080,141,0,5,0,8,293,8,0,0,4,1024.0,0,6.0,1,64990.0
886,15,2681,156,1.7,12,1,15.6,1920,1080,141,0,3,0,4,160,8,0,0,4,1024.0,0,9.0,1,33490.0
887,3,6296,201,1.25,12,1,14.0,1920,1080,157,1,5,0,12,68,8,0,0,4,1024.0,0,6.0,1,38956.0
888,9,2181,156,1.86,11,1,15.6,1366,768,100,0,3,0,3,123,4,0,0,4,1024.0,0,6.0,1,34881.0
889,2,5050,302,2.4,12,1,15.6,1920,1080,141,0,5,0,8,209,8,0,0,4,1024.0,0,6.0,1,77740.0
890,15,2753,156,2.2,12,1,15.6,1366,768,100,0,3,0,3,123,4,0,0,4,1024.0,0,5.0,1,30990.0
891,2,5772,447,1.8,16,1,15.6,1920,1080,141,1,5,0,11,4,16,0,0,4,1024.0,0,6.0,1,64990.0
892,15,5557,156,2.2,12,1,15.6,1920,1080,141,1,5,0,11,209,8,0,0,4,1024.0,0,6.7,1,62490.0
893,9,968,243,1.41,16,1,14.0,1920,1080,157,1,5,0,16,4,8,0,0,4,1024.0,0,10.0,1,52500.0
894,15,6662,156,1.85,12,1,15.6,1920,1080,141,0,3,0,4,160,4,0,0,4,1024.0,0,6.0,1,30990.0
895,6,1344,168,2.1,10,1,15.6,1366,768,100,0,2,0,2,118,4,0,0,4,500.0,0,6.0,1,18999.0
896,15,6893,156,1.7,16,1,15.6,1920,1080,141,0,3,0,6,160,8,0,0,4,1024.0,0,8.0,1,35990.0
897,2,1509,433,1.63,16,1,15.6,1920,1080,141,1,3,0,4,4,8,0,0,4,1024.0,0,6.0,1,39990.0
898,9,959,243,1.41,16,1,14.0,1920,1080,157,0,5,0,12,155,16,0,0,4,1024.0,0,6.0,1,67490.0
899,9,1833,423,2.37,16,1,15.6,1920,1080,141,0,5,0,12,209,8,0,0,4,1024.0,0,6.0,1,71990.0
900,0,4516,33,2.4,12,1,15.6,1366,768,100,0,2,0,2,121,4,0,0,4,500.0,0,6.5,1,25990.0
901,9,1234,156,1.41,16,1,14.0,1920,1080,157,0,5,1,12,155,16,0,0,4,1024.0,0,6.0,1,55890.0
902,15,6628,156,1.85,12,1,15.6,1920,1080,141,1,5,0,6,86,8,0,0,4,1024.0,0,6.0,1,38999.0
903,15,6665,156,1.85,12,1,15.0,1920,1080,147,0,5,0,6,160,8,0,0,4,1024.0,0,6.0,1,39999.0
904,0,6573,36,1.5,11,1,11.6,1366,768,135,0,2,1,2,115,4,0,0,4,500.0,0,8.0,1,28999.0
905,15,6657,156,1.85,12,1,15.6,1920,1080,141,0,5,0,6,160,8,0,0,4,1024.0,0,6.0,1,44990.0
906,9,1252,156,1.47,12,1,14.0,1920,1080,157,1,3,0,4,4,8,0,0,4,1024.0,0,6.0,1,41550.0
907,9,2253,156,1.74,12,1,15.6,1920,1080,141,0,5,0,6,160,8,0,0,4,1024.0,0,6.0,1,54990.0
908,9,2323,156,1.7,16,1,15.6,1920,1080,141,0,3,0,12,160,8,0,0,4,1024.0,0,6.0,1,48419.0
909,6,782,460,1.58,12,1,14.0,1920,1080,157,0,3,0,6,160,8,0,0,4,1024.0,0,10.0,1,33990.0
910,9,2165,48,1.69,3,1,15.6,1366,768,100,0,1,0,4,160,4,0,0,4,1024.0,0,6.0,1,19990.0
911,9,1195,156,1.46,12,1,14.0,1366,768,112,0,3,0,6,160,8,0,1,4,1024.0,0,6.0,1,34990.0
912,9,2164,48,1.69,3,1,15.6,1366,768,100,0,1,0,4,160,4,0,0,4,1024.0,0,6.0,1,17799.0
913,9,1220,156,1.46,12,1,14.0,1366,768,112,0,1,0,4,160,8,0,0,4,1024.0,0,6.0,1,27730.0
914,3,6275,212,1.14,12,1,12.5,1920,1080,176,0,1,0,2,120,4,0,0,4,1024.0,0,8.0,1,15871.0
915,2,4568,432,2.14,12,1,15.6,1920,1080,141,0,5,0,8,209,8,0,0,4,1024.0,0,6.0,1,52240.0
916,6,1366,460,2.2,12,1,15.6,1366,768,100,0,3,0,3,129,4,0,0,4,1024.0,0,6.0,1,30998.0
917,0,3931,225,2.3,12,1,15.6,1920,1080,141,0,5,0,8,209,8,0,0,4,1024.0,0,11.0,1,62990.0
918,9,8062,243,1.58,12,1,14.0,1920,1080,157,0,5,1,6,160,8,0,0,4,1024.0,0,6.0,1,61990.0
919,15,6915,156,1.63,16,1,15.6,1920,1080,141,0,5,0,12,155,8,0,1,4,1024.0,0,6.0,1,47490.0
920,9,549,48,1.07,3,1,11.6,1366,768,135,3,4,1,2,173,4,0,0,4,1024.0,0,15.45,1,17999.0
921,9,548,48,1.07,3,1,11.6,1366,768,135,3,4,1,2,176,4,0,0,4,1024.0,0,15.0,1,18990.0
922,9,2228,156,1.69,12,1,15.6,1920,1080,141,0,5,0,8,155,8,0,0,4,1024.0,0,12.0,1,47899.0
923,6,1367,460,2.18,7,1,15.6,1366,768,100,0,3,0,3,123,4,0,0,4,1024.0,0,6.0,1,23999.0
924,15,6679,156,1.55,12,1,14.0,1920,1080,157,0,5,0,6,160,8,0,0,4,1024.0,0,6.0,1,46999.0
925,15,174,159,1.63,16,1,15.6,1920,1080,141,0,5,0,12,155,16,0,0,4,1024.0,0,6.0,1,52750.0
926,12,5743,156,1.24,16,1,14.0,1920,1080,157,0,3,0,12,160,8,0,0,4,1024.0,0,11.0,1,25999.0
927,15,5891,156,2.19,12,1,15.6,1920,1080,141,0,5,0,8,201,8,0,0,3,1024.0,0,6.0,1,54590.0
928,2,4651,374,2.6,12,1,17.3,1920,1080,127,1,7,0,8,255,16,0,0,4,1024.0,0,6.0,1,67990.0
929,0,4523,110,1.78,16,1,15.6,1920,1080,141,1,5,0,12,4,8,0,0,4,1024.0,0,6.0,1,33999.0
930,15,6919,156,1.7,12,1,15.6,1920,1080,141,0,3,0,4,160,4,0,0,4,1024.0,0,6.0,1,35690.0
931,0,4519,32,2.4,7,1,15.6,1366,768,100,0,3,0,3,123,4,0,0,4,500.0,0,6.5,1,28499.0
932,9,2208,156,1.77,12,1,15.6,1920,1080,141,0,5,0,3,129,4,0,0,4,1024.0,0,6.0,1,38990.0
933,9,1197,156,1.47,12,1,14.0,1366,768,112,0,2,0,4,160,8,0,0,4,1024.0,0,12.0,1,27999.0
934,21,3080,156,1.06,9,1,11.6,1366,768,135,3,4,0,12,174,4,0,0,4,1024.0,0,10.0,1,15999.0
935,15,141,159,1.41,16,1,14.0,1920,1080,157,0,3,0,6,160,8,0,1,4,1024.0,0,12.0,1,36990.0
936,2,5775,447,1.8,16,1,15.6,1920,1080,141,1,7,0,12,4,16,0,0,4,1024.0,0,6.0,1,46990.0
937,2,4963,303,2.3,12,1,15.6,1920,1080,141,0,5,0,8,297,8,0,0,4,1024.0,0,6.0,1,75990.0
938,2,6071,424,1.4,12,1,14.0,1920,1080,157,1,5,0,11,42,8,0,0,4,1024.0,0,6.0,1,49990.0
939,15,3149,162,1.7,12,1,14.0,1920,1080,157,0,3,1,3,123,4,0,0,4,1024.0,0,6.0,1,42275.0
940,9,1619,156,2.19,0,1,15.6,1366,768,100,1,4,0,2,41,4,0,0,4,500.0,0,6.0,1,22746.0
941,2,5044,302,2.4,12,1,15.6,1920,1080,141,0,5,0,8,201,8,0,0,4,1024.0,0,6.0,1,52990.0
942,9,1552,245,2.19,12,1,15.6,1920,1080,141,1,7,0,12,212,16,0,0,4,1024.0,0,6.0,1,77990.0
943,6,1383,118,2.53,12,1,15.6,1920,1080,141,0,5,0,8,201,8,0,0,4,1024.0,0,6.0,1,57999.0
944,9,2422,423,2.48,16,1,16.1,1920,1080,137,1,5,0,16,54,8,0,0,4,1024.0,0,4.0,1,53666.0
945,16,4137,218,1.7,16,1,15.6,1920,1080,141,1,5,0,12,4,16,0,0,4,1024.0,0,6.0,1,39590.0
946,9,2206,156,1.77,12,1,15.6,1920,1080,141,0,3,0,3,129,8,0,0,4,1024.0,0,6.0,1,33990.0
947,17,5899,47,1.13,11,1,11.6,1366,768,135,0,4,0,2,115,2,0,0,4,1024.0,0,10.0,1,11100.0
948,15,2661,156,1.5,16,1,14.0,1920,1080,157,0,3,0,6,160,8,0,0,4,1024.0,0,8.5,1,37990.0
949,9,969,243,1.41,16,1,14.0,1920,1080,157,1,5,0,16,4,16,0,1,4,1024.0,0,6.0,1,56990.0
950,9,2254,156,1.78,12,1,15.6,1920,1080,141,0,1,0,4,161,4,0,0,4,1024.0,0,6.0,1,23990.0
951,16,6212,156,1.3,12,1,14.0,1920,1080,157,1,5,0,12,4,8,0,0,4,1024.0,0,6.0,1,39999.0
952,12,5740,156,1.48,16,1,14.0,1920,1080,157,0,5,0,6,160,8,0,0,4,1024.0,0,6.0,1,47999.0
953,2,4991,303,2.1,16,1,15.6,1920,1080,141,1,7,0,12,255,8,0,0,4,1024.0,0,6.0,1,87990.0
954,2,4710,380,2.3,16,1,15.6,1920,1080,141,0,5,0,8,209,8,0,0,4,1024.0,0,5.0,1,48999.0
955,12,5740,156,1.48,16,1,14.0,1920,1080,157,0,5,0,6,160,8,0,0,4,1024.0,0,6.0,1,39697.0
956,9,1245,156,1.47,12,1,14.0,1920,1080,157,1,3,0,4,4,8,0,0,4,1024.0,0,6.0,1,38990.0
957,0,6823,362,2.1,12,1,15.6,1920,1080,141,1,5,0,4,86,8,0,0,4,1024.0,0,8.0,1,41990.0
958,0,3784,31,2.1,16,1,15.6,1920,1080,141,0,5,0,12,248,8,0,0,4,1024.0,0,6.0,1,51990.0
959,0,6824,362,2.2,7,1,15.6,1920,1080,141,1,5,0,4,86,8,0,0,4,1024.0,0,8.0,1,43990.0
960,9,8067,243,1.61,12,1,14.0,1920,1080,157,0,3,1,6,160,8,0,0,4,1024.0,0,6.0,1,52185.0
961,9,2330,156,1.69,16,1,15.6,1920,1080,141,0,5,0,8,155,8,0,1,4,1024.0,0,7.15,1,59800.0
962,0,3792,31,2.1,16,1,15.6,1920,1080,141,0,5,0,12,248,16,0,0,4,1024.0,0,6.0,1,53990.0
963,9,1796,243,1.75,16,1,15.6,1920,1080,141,1,5,0,16,4,16,0,0,4,1024.0,0,9.3,1,59100.0
964,6,2911,168,1.8,16,1,15.6,1920,1080,141,0,3,0,6,168,8,0,0,4,1024.0,0,7.0,1,33600.0
965,0,3758,31,2.15,12,1,15.6,1920,1080,141,1,5,0,6,301,8,0,0,4,1024.0,0,6.0,1,46999.0
966,2,7866,427,2.0,12,1,15.6,1920,1080,141,0,5,0,6,166,8,0,0,4,1024.0,0,6.0,1,42990.0
967,0,3787,31,2.1,16,1,15.6,1920,1080,141,0,5,0,12,209,16,0,0,4,1024.0,0,6.0,1,56990.0
968,1,5921,204,1.6,26,1,14.2,3072,1920,255,2,4,0,28,99,16,0,0,4,1024.0,0,17.0,1,219990.0
969,15,110,159,1.7,16,1,15.6,1920,1080,141,0,3,0,12,160,8,0,1,4,1024.0,0,8.0,1,34500.0
970,6,2889,168,1.8,16,1,15.6,1920,1080,141,0,3,0,6,160,8,0,0,4,1024.0,0,7.0,1,36440.0
971,15,6660,156,1.85,0,1,15.6,1366,768,100,0,3,0,4,160,4,0,0,4,1024.0,0,6.0,1,27999.0
972,0,3778,31,2.1,16,1,15.6,1920,1080,141,0,5,0,12,209,8,0,0,4,1024.0,0,6.0,1,54990.0
973,15,6899,156,1.65,12,1,15.6,1920,1080,141,0,3,0,6,160,8,0,0,4,1024.0,0,6.0,1,39999.0
974,6,1307,168,1.83,12,1,15.6,1366,768,100,0,2,0,4,162,4,0,0,4,1024.0,0,8.0,1,30744.0
975,15,6668,156,1.85,0,1,15.6,1366,768,100,0,3,0,4,160,4,0,0,4,1024.0,0,6.0,1,31039.0
976,2,7832,427,1.8,12,1,15.6,1920,1080,141,0,3,0,4,160,8,0,0,4,1024.0,0,6.0,1,37990.0
977,0,3783,31,2.1,16,1,15.6,1920,1080,141,0,5,0,12,222,16,0,0,4,1024.0,0,6.0,1,56999.0
978,15,134,160,1.66,12,1,15.6,1920,1080,141,0,5,0,8,155,16,0,0,4,1024.0,0,11.0,1,61740.0
979,15,490,156,1.58,16,1,15.6,1920,1080,141,1,4,0,12,13,8,0,0,4,1024.0,0,7.0,1,31990.0
980,9,1762,245,1.98,12,1,15.6,1920,1080,141,1,5,0,3,209,8,0,0,4,1024.0,0,6.0,1,57900.0
981,6,1353,168,2.3,12,1,15.6,1366,768,100,1,4,0,1,44,8,0,0,4,1024.0,0,6.0,1,32656.0
982,6,2947,168,1.65,16,1,15.6,1920,1080,141,0,3,0,10,160,8,0,0,4,1024.0,0,7.0,1,33365.0
983,9,1598,156,2.19,12,1,15.6,1366,768,100,0,5,0,3,47,8,0,0,4,1024.0,0,6.0,1,50176.0
984,9,1615,156,2.1,0,1,15.6,1366,768,100,0,5,0,3,47,8,0,0,2,1024.0,0,6.0,1,45990.0
985,9,2358,156,1.69,16,1,15.6,1920,1080,141,0,5,0,12,133,8,0,0,4,1024.0,0,6.0,1,43990.0
986,6,2978,168,1.68,16,1,15.6,1920,1080,141,1,4,0,4,4,8,0,0,4,1024.0,0,7.0,1,31825.0
987,2,6073,424,1.4,12,1,14.0,1920,1080,157,1,7,0,12,42,8,0,0,4,1024.0,0,6.0,1,56990.0
988,2,4805,374,2.7,12,1,17.3,1920,1080,127,1,5,0,2,209,8,0,0,4,1024.0,0,6.0,1,59990.0
989,9,1757,245,2.04,12,1,15.6,1920,1080,141,1,5,0,11,293,8,0,0,4,1024.0,0,6.0,1,59990.0
990,16,517,122,1.86,12,1,15.6,1920,1080,141,0,5,0,12,210,8,0,0,4,1024.0,0,6.0,1,50990.0
991,9,1815,232,2.37,12,1,15.6,1920,1080,141,1,5,0,11,297,8,0,0,4,1024.0,0,6.0,1,75990.0
992,15,6687,156,1.55,12,1,14.0,1920,1080,157,0,5,0,6,153,8,0,0,4,1024.0,0,6.0,1,58990.0
993,6,778,460,1.58,12,1,14.0,1920,1080,157,0,3,0,4,160,8,0,0,4,1024.0,0,6.0,1,36090.0
994,16,5355,156,1.86,12,1,15.6,1920,1080,141,0,7,0,12,318,16,0,0,6,1024.0,0,6.0,1,99990.0
995,3,6279,201,1.37,12,1,13.3,1920,1080,166,0,5,0,6,166,8,0,0,4,1024.0,0,10.0,1,38990.0
996,2,4249,48,1.69,3,1,15.6,1920,1080,141,0,1,0,2,120,4,0,0,4,1024.0,0,6.0,1,27777.0
997,16,4131,44,2.35,16,1,15.6,1920,1080,141,1,7,0,12,77,16,0,0,4,1024.0,0,6.0,1,72990.0
998,9,2270,156,1.75,12,1,15.6,1366,768,100,0,5,0,6,160,8,0,1,4,1024.0,0,6.0,1,51919.0
999,0,7970,240,1.1,16,1,11.6,1366,768,135,0,1,0,12,160,8,0,0,4,1024.0,0,6.0,0,18990.0
1000,0,3815,34,1.59,16,1,15.6,1920,1080,141,1,3,0,12,4,8,0,0,4,1024.0,0,3.0,0,27990.0
1001,15,12,394,2.2,18,1,14.5,1920,1200,156,0,4,0,24,352,16,0,0,4,1024.0,0,6.0,0,149991.0
1002,9,401,4,1.47,0,1,14.0,1366,768,112,0,3,0,10,160,8,0,0,4,1024.0,0,6.0,0,38499.0
1003,9,2468,232,2.35,16,1,16.1,1920,1080,137,0,7,0,30,268,16,0,0,8,1024.0,0,6.0,0,156999.0
1004,9,355,502,2.12,18,1,16.0,1920,1200,142,0,4,0,24,347,64,0,0,8,1024.0,0,6.0,0,299999.0
1005,15,5591,399,1.12,15,1,14.0,1900,1200,161,0,7,0,12,155,32,0,0,4,1024.0,0,6.0,0,235000.0
1006,9,1897,423,2.29,16,1,15.6,1920,1080,141,1,5,0,16,255,16,0,0,4,1024.0,0,6.0,0,57990.0
1007,16,4119,373,2.3,16,1,16.0,1920,1200,142,0,7,0,12,267,16,0,0,8,1024.0,0,6.0,0,120021.0
1008,0,3541,28,1.78,16,1,15.6,1920,1080,141,1,5,0,12,4,8,0,0,4,1024.0,0,6.0,0,34990.0
1009,15,36,390,2.2,16,1,16.0,1920,1200,142,1,5,0,12,4,16,0,0,4,1024.0,0,6.0,0,52990.0
1010,15,5624,388,2.2,0,1,15.6,1920,1080,141,1,3,0,12,4,8,0,0,4,1024.0,0,5.0,0,29900.0
1011,6,3241,182,1.4,18,1,14.0,1920,1080,157,0,4,0,12,133,16,0,0,4,1024.0,0,6.0,0,116279.0
1012,15,42,387,2.2,16,1,14.0,1920,1200,162,1,5,0,12,4,16,0,0,4,1024.0,0,6.0,0,42991.0
1013,1,5998,203,1.24,30,1,13.6,2560,1664,225,3,4,0,20,160,16,0,0,4,1024.0,0,18.0,0,116990.0
1014,6,3272,116,2.81,16,1,15.6,1920,1080,141,1,5,0,12,255,16,0,0,6,1024.0,0,6.0,0,69990.0
1015,6,3268,116,2.81,16,1,15.6,1920,1080,141,0,7,0,24,255,16,0,0,6,1024.0,0,6.0,0,100489.0
1016,15,59,392,2.2,16,1,16.0,1920,1200,142,0,4,0,12,133,16,0,0,4,1024.0,0,6.0,0,91990.0
1017,6,3262,116,2.81,16,1,15.6,1920,1080,141,0,5,0,20,255,16,0,0,6,1024.0,0,6.0,0,79298.0
1018,6,3273,116,2.81,16,1,15.6,1920,1080,141,1,7,0,24,267,16,0,0,8,1024.0,0,6.0,0,114989.0
1019,6,3263,116,2.81,16,1,15.6,1920,1080,141,0,9,0,36,267,16,0,0,8,1024.0,0,6.0,0,142898.0
1020,15,58,392,2.2,16,1,16.0,1920,1200,142,0,4,0,12,133,16,0,0,4,1024.0,0,6.0,0,74990.0
1021,15,54,392,2.2,16,1,16.0,1920,1200,142,1,7,0,12,16,16,0,0,4,1024.0,0,6.0,0,67990.0
1022,15,38,403,2.2,18,1,14.0,1920,1200,162,0,4,1,12,133,32,0,0,4,1024.0,0,6.0,0,219991.0
1023,15,55,392,2.2,16,1,16.0,1920,1200,142,1,5,0,12,15,16,0,0,4,1024.0,0,6.0,0,52990.0
1024,15,724,472,1.37,16,1,13.3,1920,1200,170,1,7,1,8,4,16,0,0,4,1024.0,0,10.0,0,65990.0
1025,15,37,403,2.2,18,1,14.0,1920,1200,162,0,4,0,12,133,32,0,0,4,1024.0,0,6.0,0,219991.0
1026,15,49,393,2.2,18,1,14.0,1920,1200,162,0,4,0,12,133,16,0,0,4,1024.0,0,6.0,0,92991.0
1027,15,15,398,2.2,18,1,14.0,1920,1200,162,0,7,0,12,160,16,0,0,4,1024.0,0,6.0,0,146990.0
1028,9,390,6,1.36,0,1,14.0,1366,768,112,1,5,0,4,4,8,0,0,4,1024.0,0,6.0,0,37999.0
1029,15,5687,147,1.55,16,1,14.0,1920,1200,162,1,7,1,16,4,16,0,0,4,1024.0,0,10.0,0,69890.0
1030,15,46,386,2.2,16,1,13.5,2880,1920,256,0,4,0,24,107,32,0,0,4,1024.0,0,6.0,0,145990.0
1031,9,395,10,1.52,2,1,15.6,1366,768,100,0,3,0,10,160,16,0,0,4,1024.0,0,6.0,0,44499.0
1032,15,2136,180,2.38,16,1,15.6,1920,1080,141,0,7,0,12,267,16,0,0,8,1024.0,0,6.0,0,126990.0
1033,15,50,393,2.2,18,1,14.0,1920,1200,162,0,4,0,12,133,16,0,0,4,1024.0,0,6.0,0,107990.0
1034,15,45,386,2.2,16,1,13.5,2880,1920,256,0,4,0,18,107,16,0,0,4,1024.0,0,6.0,0,114990.0
1035,15,56,390,2.2,18,1,14.0,1920,1200,162,0,4,0,12,133,16,0,0,4,1024.0,0,6.0,0,89990.0
1036,9,407,12,1.74,2,1,15.6,1366,768,100,0,5,0,12,155,8,0,0,4,1024.0,0,6.0,0,52999.0
1037,9,397,278,1.38,2,1,14.0,1920,1080,157,0,5,0,12,155,8,0,0,4,1024.0,0,6.0,0,68999.0
1038,9,409,278,1.38,18,1,14.0,1920,1080,157,0,5,0,12,155,16,0,0,4,1024.0,0,6.0,0,89999.0
1039,15,57,390,2.2,18,1,14.0,1920,1200,162,0,4,0,12,133,16,0,0,4,1024.0,0,6.0,0,105991.0
1040,9,399,284,1.79,18,1,15.6,1920,1080,141,0,5,0,12,155,16,0,0,4,1024.0,0,6.0,0,89999.0
1041,15,61,398,2.2,18,1,14.0,1920,1200,162,0,4,0,12,133,16,0,0,4,1024.0,0,6.0,0,152991.0
1042,9,398,278,1.38,2,1,14.0,1920,1080,157,0,5,0,12,155,16,0,0,4,1024.0,0,6.0,0,72999.0
1043,15,62,398,2.2,18,1,14.0,1920,1200,162,0,4,0,12,133,16,0,0,4,1024.0,0,6.0,0,122990.0
1044,9,372,83,1.19,18,1,14.0,1920,1200,162,0,7,0,18,155,16,0,0,4,1024.0,0,6.0,0,140999.0
1045,9,394,6,1.36,18,1,14.0,1920,1080,157,1,5,0,16,4,16,0,0,4,1024.0,0,6.0,0,60999.0
1046,9,400,284,1.79,2,1,15.6,1920,1080,141,0,5,0,12,155,16,0,0,4,1024.0,0,6.0,0,73999.0
1047,9,392,1,1.36,2,1,14.0,1920,1080,157,0,5,0,12,160,16,0,0,4,1024.0,0,6.0,0,59999.0
1048,9,391,1,1.36,2,1,14.0,1366,768,112,0,5,0,12,160,8,0,0,4,1024.0,0,6.0,0,55499.0
1049,0,3830,34,1.59,16,1,15.6,1920,1200,145,1,5,0,12,4,16,0,0,4,1024.0,0,6.0,0,39999.0
1050,9,408,4,1.47,18,1,14.0,1366,768,112,0,5,0,12,155,8,0,0,4,1024.0,0,6.0,0,57199.0
1051,9,995,101,1.39,16,1,14.0,1920,1200,162,1,7,1,16,4,32,0,0,4,1024.0,0,6.0,1,119999.0
1052,9,402,156,1.47,0,1,14.0,1366,768,112,0,3,0,10,160,16,0,0,4,1024.0,0,6.0,0,41499.0
1053,9,406,4,1.47,18,1,14.0,1366,768,112,0,3,0,10,160,8,0,0,4,1024.0,0,6.0,0,50999.0
1054,0,3828,34,1.59,16,1,15.6,1920,1080,141,1,5,0,12,4,16,0,0,4,1024.0,0,6.0,0,37999.0
1055,9,393,4,1.47,0,1,14.0,1366,768,112,0,5,0,12,155,16,0,0,4,1024.0,0,6.0,0,57999.0
1056,9,996,101,1.39,16,1,14.0,2880,1800,243,1,7,1,16,4,32,0,0,4,1024.0,0,6.0,0,130999.0
1057,6,3224,166,1.56,16,1,14.0,1920,1200,162,0,4,0,12,106,16,0,0,4,1024.0,0,6.0,0,88689.0
1058,9,986,338,1.44,16,1,14.0,2880,1800,243,0,4,1,24,107,32,0,0,4,1024.0,0,6.0,0,165999.0
1059,9,985,338,1.44,16,1,14.0,2880,1800,243,0,4,1,24,107,32,0,0,4,1024.0,0,6.0,0,165999.0
1060,6,3225,166,1.56,16,1,14.0,1920,1200,162,0,4,0,12,106,16,0,0,4,1024.0,0,6.0,0,70289.0
1061,6,3372,166,1.75,16,1,14.0,1920,1200,162,0,4,1,12,106,16,0,0,4,1024.0,0,6.0,0,79989.0
1062,9,1866,423,2.29,16,1,15.6,1920,1080,141,0,5,0,12,248,16,0,0,4,1024.0,0,6.0,0,56899.0
1063,15,5650,387,1.38,18,1,14.0,1920,1200,162,0,5,0,12,160,8,0,0,4,1024.0,0,6.0,0,75991.0
1064,9,1567,423,2.29,16,1,15.6,1920,1080,141,0,7,0,24,255,16,0,0,4,1024.0,0,7.45,0,75490.0
1065,15,213,488,1.39,16,1,14.0,1920,1200,162,0,4,0,18,107,16,0,0,4,1024.0,0,6.0,0,89990.0
1066,9,1883,423,2.29,16,1,15.6,1920,1080,141,0,5,0,12,248,16,0,0,4,1024.0,0,6.0,0,66779.0
1067,2,7277,528,1.2,16,1,14.0,2880,1800,243,0,4,0,12,107,16,0,0,4,1024.0,0,6.0,0,142990.0
1068,0,3858,34,1.7,16,1,15.6,1920,1080,141,0,5,0,12,160,12,0,0,4,1024.0,0,6.0,0,47990.0
1069,15,5622,415,1.65,16,1,15.6,1920,1080,141,1,7,0,16,4,16,0,1,4,1024.0,0,10.0,0,39490.0
1070,15,51,401,2.2,18,1,16.0,1920,1200,142,0,4,0,12,133,16,0,1,4,1024.0,0,6.0,0,150990.0
1071,0,3851,34,1.59,16,1,15.6,1920,1080,141,0,5,0,12,155,8,0,0,4,1024.0,0,6.0,0,43999.0
1072,0,7965,241,1.5,16,1,14.0,1366,768,112,1,3,0,12,4,8,0,1,4,1024.0,0,6.0,0,25999.0
1073,15,2490,198,2.1,16,1,16.0,2560,1600,189,1,7,0,12,267,16,0,1,8,1024.0,0,6.0,0,144491.0
1074,0,7964,241,1.5,16,1,14.0,1366,768,112,1,3,0,12,4,8,0,0,4,1024.0,0,6.0,0,27999.0
1075,16,4323,66,2.5,16,1,16.0,2560,1600,189,0,7,0,33,268,32,0,0,8,1024.0,0,6.0,0,171990.0
1076,16,4123,269,1.5,16,1,16.0,2560,1600,189,0,4,0,24,107,32,0,0,4,1024.0,0,6.0,0,64989.0
1077,0,3813,34,1.59,16,1,15.6,1920,1080,141,1,7,0,12,4,16,0,0,4,1024.0,0,6.0,0,42499.0
1078,9,1954,156,1.59,16,1,15.6,1920,1080,141,0,3,0,6,160,8,0,1,4,1024.0,0,7.3,0,37990.0
1079,2,7575,429,1.88,16,1,16.0,1920,1200,142,0,7,0,24,155,16,0,0,4,1024.0,0,6.0,0,67990.0
1080,15,190,415,2.2,18,1,15.6,1920,1080,141,0,5,0,12,155,16,0,1,4,1024.0,0,6.0,0,59990.0
1081,9,2233,156,1.69,16,1,15.6,1920,1080,141,0,3,0,12,160,8,0,1,4,1024.0,0,7.0,0,39990.0
1082,16,4321,66,2.5,16,1,16.0,2560,1600,189,0,7,0,12,267,16,0,0,8,1024.0,0,6.0,0,129990.0
1083,15,231,475,2.2,16,1,14.0,1920,1200,162,0,4,1,18,107,16,0,1,4,1024.0,0,6.0,0,99990.0
1084,15,5674,147,1.55,16,1,14.0,1920,1200,162,1,7,1,12,4,16,0,1,4,1024.0,0,12.0,0,66491.0
1085,15,267,146,2.2,16,1,14.0,1920,1200,162,0,7,1,12,160,16,0,0,4,1024.0,0,6.0,0,85491.0
1086,9,1882,423,2.29,16,1,15.6,1920,1080,141,0,5,0,12,257,8,0,1,4,1024.0,0,6.0,0,67093.0
1087,15,17,398,1.32,18,1,14.0,2240,1400,189,0,7,0,12,160,16,0,1,4,1024.0,0,6.0,0,146990.0
1088,15,20,396,2.2,18,1,16.0,1900,1200,140,0,7,0,12,355,32,0,0,4,1024.0,0,6.0,0,178990.0
1089,0,3634,28,1.45,16,1,14.0,1920,1080,157,0,3,0,12,133,8,0,0,4,1024.0,0,6.0,0,31999.0
1090,9,1880,423,2.29,16,1,15.6,1920,1080,141,0,7,0,24,257,16,0,0,4,1024.0,0,6.0,0,86263.0
1091,0,3874,17,1.99,16,1,15.6,1920,1080,141,0,7,0,12,255,16,0,0,6,1024.0,0,6.0,0,77999.0
1092,6,2991,460,1.83,16,1,15.6,1920,1080,141,1,5,0,12,4,8,0,0,4,1024.0,0,6.0,0,35990.0
1093,9,1879,423,2.29,16,1,15.6,1920,1080,141,0,5,0,12,257,16,0,0,4,1024.0,0,6.0,0,76678.0
1094,9,1878,423,2.29,16,1,15.6,1920,1080,141,0,5,0,12,257,16,0,0,4,1024.0,0,6.0,0,72418.0
1095,9,1881,423,2.29,16,1,15.6,1920,1080,141,0,7,0,24,257,16,0,1,4,1024.0,0,6.0,0,82000.0
1096,16,4184,216,1.4,16,1,14.0,1920,1080,157,0,3,0,12,160,8,0,0,4,1024.0,0,6.0,0,29990.0
1097,16,4178,216,1.4,16,1,14.0,1920,1080,157,0,5,0,12,155,16,0,0,4,1024.0,0,6.0,0,64989.0
1098,9,293,499,2.4,18,1,16.0,1920,1200,142,0,9,0,36,353,32,0,1,16,1024.0,0,6.0,0,495999.0
1099,16,4085,383,1.86,16,1,15.6,1920,1080,141,0,7,0,12,255,16,0,0,4,1024.0,0,6.0,0,74990.0
1100,0,3974,227,2.1,16,1,15.6,1920,1080,141,1,5,0,12,255,16,0,0,6,1024.0,0,6.0,0,64999.0
1101,0,3809,34,1.59,16,1,15.6,1920,1080,141,1,3,0,12,4,16,0,0,4,1024.0,0,6.0,0,32999.0
1102,9,291,499,2.4,18,1,16.0,1920,1200,142,0,7,0,30,353,32,0,0,16,1024.0,0,6.0,0,457999.0
1103,0,6523,258,2.8,16,1,16.0,1920,1200,142,0,7,0,12,266,16,0,0,6,1024.0,0,6.0,0,114990.0
1104,9,315,285,1.74,0,1,15.6,1920,1080,141,0,5,0,12,155,8,0,1,4,1024.0,0,6.0,0,65499.0
1105,2,5153,313,2.99,18,1,17.3,2560,1440,170,1,4,0,12,270,32,0,0,16,1024.0,0,6.0,0,339990.0
1106,9,314,3,1.47,0,1,14.0,1920,1080,157,0,7,0,12,155,8,0,0,4,1024.0,0,6.0,0,57999.0
1107,9,363,281,1.38,18,1,14.0,1920,1080,157,0,5,0,12,155,16,0,1,4,1024.0,0,6.0,0,85999.0
1108,9,316,3,2.2,18,1,14.0,1366,768,112,0,3,0,10,155,8,0,0,4,1024.0,0,6.0,0,51999.0
1109,9,364,281,1.38,0,1,14.0,1366,768,112,0,5,0,12,155,8,0,1,4,1024.0,0,6.0,0,64999.0
1110,9,313,281,1.38,18,1,14.0,1920,1080,157,0,7,0,12,155,16,0,1,4,1024.0,0,6.0,0,97999.0
1111,9,369,281,1.38,18,1,14.0,1920,1080,157,0,7,0,12,155,16,0,1,4,1024.0,0,6.0,0,95999.0
1112,9,373,86,1.36,18,1,14.0,1920,1200,162,0,7,0,12,160,32,0,1,4,1024.0,0,6.0,0,123999.0
1113,9,319,3,2.2,18,1,14.0,1366,768,112,0,5,0,12,155,8,0,0,4,1024.0,0,6.0,0,63999.0
1114,9,375,86,1.36,18,1,14.0,1920,1200,162,0,7,0,12,160,16,0,1,4,1024.0,0,6.0,0,117999.0
1115,9,374,81,1.3,18,1,13.3,1920,1200,170,0,7,1,12,155,32,0,1,4,1024.0,0,6.0,0,134999.0
1116,9,371,71,0.99,18,1,13.5,1920,1280,171,0,7,1,12,155,32,0,1,4,1024.0,0,6.0,0,232999.0
1117,9,322,281,1.38,0,1,14.0,1920,1080,157,0,7,0,12,155,8,0,1,4,1024.0,0,6.0,0,80999.0
1118,9,321,281,1.38,0,1,14.0,1920,1080,157,0,5,0,12,155,8,0,1,4,1024.0,0,6.0,0,65999.0
1119,9,332,85,1.37,18,1,14.0,1920,1080,157,0,5,0,12,155,16,0,1,4,1024.0,0,6.0,0,94499.0
1120,9,318,3,2.2,0,1,14.0,1366,768,112,0,5,0,12,155,8,0,0,4,1024.0,0,6.0,0,50999.0
1121,9,311,282,1.38,0,1,14.0,1366,768,112,1,5,0,16,4,8,0,0,4,1024.0,0,6.0,0,54999.0
1122,9,323,7,2.2,0,1,14.0,1366,768,112,1,5,0,16,4,8,0,0,4,1024.0,0,6.0,0,38999.0
1123,9,327,283,1.38,18,1,14.0,1920,1080,157,1,5,0,16,4,16,0,0,4,1024.0,0,6.0,0,82999.0
1124,9,329,286,1.74,0,1,15.6,1920,1080,141,1,5,0,16,4,8,0,0,4,1024.0,0,6.0,0,49999.0
1125,9,325,15,1.74,0,1,15.6,1366,768,100,1,5,0,16,4,8,0,1,4,1024.0,0,6.0,0,39499.0
1126,9,335,285,1.74,0,1,15.6,1366,768,100,0,5,0,12,155,8,0,1,4,1024.0,0,6.0,0,59999.0
1127,9,333,85,1.37,18,1,14.0,1920,1080,157,0,5,0,12,155,16,0,0,4,1024.0,0,6.0,0,98999.0
1128,15,171,148,1.5,16,1,14.0,1920,1200,162,0,5,1,12,155,16,0,1,4,1024.0,0,9.0,0,64490.0
1129,9,328,283,1.38,0,1,14.0,1920,1080,157,1,5,0,16,4,8,0,0,4,1024.0,0,6.0,0,62999.0
1130,9,334,11,1.74,0,1,15.6,1366,768,100,0,3,0,10,160,8,0,0,4,1024.0,0,6.0,0,37999.0
1131,9,348,4,1.47,18,1,14.0,1920,1080,157,0,5,0,12,155,16,0,0,4,1024.0,0,6.0,0,64999.0
1132,9,370,282,1.38,18,1,14.0,1920,1080,157,1,5,0,16,4,16,0,0,4,1024.0,0,6.0,0,68999.0
1133,9,1568,423,2.29,16,1,15.6,1920,1080,141,0,7,0,24,255,16,0,0,4,1024.0,0,7.45,0,76490.0
1134,9,361,502,2.12,18,1,16.0,1920,1200,142,0,4,0,12,355,16,0,0,4,1024.0,0,6.0,0,181999.0
1135,9,324,3,2.2,0,1,14.0,1920,1080,157,0,7,0,12,155,8,0,0,4,1024.0,0,6.0,0,64999.0
1136,9,357,502,2.12,18,1,16.0,1920,1200,142,0,4,0,24,346,32,0,0,8,1024.0,0,6.0,0,223999.0
1137,9,360,502,2.12,16,1,16.0,1920,1200,142,0,4,0,12,355,32,0,0,4,1024.0,0,6.0,0,189999.0
1138,9,356,502,2.12,18,1,16.0,1920,1200,142,0,4,0,24,346,32,0,1,8,1024.0,0,6.0,0,263999.0
1139,9,354,502,2.12,18,1,16.0,1920,1200,142,0,4,0,24,354,32,0,0,6,1024.0,0,6.0,0,246999.0
1140,9,359,502,2.12,18,1,16.0,1920,1200,142,0,4,0,24,354,16,0,0,6,1024.0,0,6.0,0,196999.0
1141,9,358,502,2.12,18,1,16.0,1920,1200,142,0,4,0,24,354,32,0,1,6,1024.0,0,6.0,0,204999.0
1142,6,3230,166,1.56,16,1,14.0,1920,1200,162,0,3,0,10,160,8,0,0,4,1024.0,0,6.0,0,42489.0
1143,9,1564,423,2.29,16,1,15.6,1920,1080,141,0,5,0,12,248,16,0,0,4,1024.0,0,6.0,0,59990.0
1144,9,979,251,1.51,16,1,14.0,1920,1080,157,0,4,1,10,106,8,0,0,4,1024.0,0,6.0,0,66999.0
1145,6,3008,460,1.66,16,1,15.6,1920,1080,141,0,5,0,12,160,8,0,1,4,1024.0,0,6.0,0,48989.0
1146,12,7914,139,1.8,16,1,15.6,1920,1080,141,0,7,0,12,155,16,0,0,4,1024.0,0,8.0,0,47990.0
1147,6,3233,166,1.56,16,1,14.0,1920,1200,162,0,5,0,12,160,8,0,1,4,1024.0,0,6.0,0,56590.0
1148,6,3368,166,1.75,16,1,14.0,1920,1200,162,0,4,1,12,106,8,0,1,4,1024.0,0,6.0,0,74689.0
1149,6,3012,460,1.66,16,1,15.6,1920,1080,141,0,3,0,10,160,8,0,0,4,1024.0,0,6.0,0,37989.0
1150,12,7913,139,1.8,16,1,15.6,1920,1080,141,0,3,0,6,160,8,0,0,4,1024.0,0,8.0,0,29490.0
1151,6,3234,166,1.56,16,1,14.0,1920,1200,162,0,5,0,12,155,16,0,1,4,1024.0,0,6.0,0,63190.0
1152,6,3235,166,1.56,16,1,14.0,1920,1200,162,0,5,0,12,155,16,0,1,4,1024.0,0,6.0,0,68790.0
1153,12,7954,140,1.78,18,1,16.0,1920,1200,142,0,3,0,10,160,16,0,0,4,1024.0,0,8.0,0,54990.0
1154,6,3231,166,1.56,16,1,14.0,1920,1200,162,0,4,0,12,106,16,0,0,4,1024.0,0,6.0,0,73290.0
1155,0,4286,53,1.37,3,1,13.5,2256,1504,201,0,3,1,12,160,8,0,0,4,1024.0,0,6.0,0,44990.0
1156,0,3794,31,1.99,16,1,15.6,1920,1080,141,0,5,0,12,248,16,0,0,4,1024.0,0,7.0,0,59990.0
1157,12,7957,140,1.78,18,1,16.0,1920,1200,142,0,3,0,10,160,16,0,0,4,1024.0,0,8.0,0,59990.0
1158,6,2859,182,1.54,18,1,14.0,1920,1080,157,0,5,0,12,155,8,0,1,4,1024.0,0,6.0,0,97800.0
1159,15,31,392,1.76,16,1,16.0,1920,1200,142,0,7,0,12,155,16,0,0,4,1024.0,0,6.0,0,86991.0
1160,6,3254,116,2.81,16,1,15.6,1920,1080,141,0,5,0,20,255,8,0,0,6,1024.0,0,6.0,0,75739.0
1161,6,3267,116,2.81,16,1,15.6,1920,1080,141,0,7,0,24,255,16,0,0,6,1024.0,0,6.0,0,100489.0
1162,6,3023,183,1.81,18,1,15.6,1920,1080,141,0,5,0,12,155,16,0,1,4,1024.0,0,6.0,0,101339.0
1163,6,2860,182,1.54,18,1,14.0,1920,1080,157,0,5,0,12,155,16,0,1,4,1024.0,0,6.0,0,103350.0
1164,0,3603,28,1.45,16,1,14.0,1920,1080,157,0,3,0,12,160,16,0,0,4,1024.0,0,6.0,0,31999.0
1165,6,3344,181,1.15,18,1,13.3,1920,1200,170,0,4,0,12,133,16,0,1,4,1024.0,0,6.0,0,158948.0
1166,6,3376,182,2.2,18,1,14.0,1920,1200,162,0,4,0,12,133,16,0,1,4,1024.0,0,6.0,0,138768.0
1167,6,3228,182,1.39,18,1,14.0,1920,1080,157,0,7,0,12,133,16,0,1,4,1024.0,0,6.0,0,133529.0
1168,6,3229,182,1.39,18,1,14.0,1920,1080,157,0,5,0,12,133,16,0,1,4,1024.0,0,6.0,0,114609.0
1169,9,330,281,1.38,0,1,14.0,1366,768,112,0,5,0,12,155,8,0,1,4,1024.0,0,6.0,0,64999.0
1170,6,3242,182,1.4,18,1,14.0,1920,1080,157,0,4,0,12,133,16,0,1,4,1024.0,0,6.0,0,151999.0
1171,6,3186,181,1.23,18,1,13.3,1920,1080,166,0,4,0,12,133,16,0,1,4,1024.0,0,6.0,0,146719.0
1172,6,3377,182,1.33,18,1,14.0,1920,1200,162,0,4,0,12,106,16,0,0,4,1024.0,0,6.0,0,162131.0
1173,6,3345,181,1.15,16,1,13.3,1920,1080,166,0,4,0,12,133,16,0,1,4,1024.0,0,6.0,0,160919.0
1174,6,3346,181,1.15,18,1,13.3,1920,1200,170,0,4,0,12,106,16,0,1,4,1024.0,0,6.0,0,159478.0
1175,15,2134,180,2.4,16,1,15.6,1920,1080,141,0,7,0,24,266,24,0,0,6,1024.0,0,6.0,0,103490.0
1176,0,6854,370,1.3,16,1,14.0,2880,1800,243,0,4,0,24,107,16,0,0,4,1024.0,0,6.0,0,94999.0
1177,6,3274,183,1.62,18,1,15.6,1920,1080,141,0,4,0,12,106,32,0,1,4,1024.0,0,6.0,0,171219.0
1178,0,3565,28,1.7,16,1,15.6,1920,1080,141,0,3,0,12,160,8,0,0,4,1024.0,0,6.0,0,29999.0
1179,0,3849,34,1.59,16,1,15.6,1920,1080,141,0,7,0,12,133,16,0,0,4,1024.0,0,6.0,0,52990.0
1180,0,6855,370,1.3,16,1,14.0,2880,1800,243,0,4,0,24,107,32,0,0,4,1024.0,0,6.0,0,99999.0
1181,16,3478,327,3.6,16,1,18.0,3840,2400,252,0,9,0,12,270,64,0,0,16,1024.0,0,6.0,0,399390.0
1182,16,3497,352,2.89,16,1,18.0,3840,2400,252,0,4,0,24,269,64,0,0,12,1024.0,0,6.0,0,389990.0
1183,16,3477,405,3.6,16,1,18.0,3840,2400,252,0,9,0,12,270,128,0,0,16,1024.0,0,6.0,0,499990.0
1184,2,7207,519,1.28,16,1,14.0,2880,1800,243,0,4,1,24,107,32,0,1,4,1024.0,0,6.0,0,127990.0
1185,0,3869,17,1.99,16,1,15.6,1920,1080,141,0,5,0,12,248,16,0,0,4,1024.0,0,6.0,0,54999.0
1186,0,3870,17,1.99,16,1,15.6,1920,1080,141,0,5,0,12,255,16,0,0,4,1024.0,0,6.0,0,65999.0
1187,0,7079,409,1.34,16,1,14.0,1920,1080,157,0,5,0,12,155,16,0,0,4,1024.0,0,6.0,0,55490.0
1188,0,3726,30,1.78,16,1,15.6,1920,1080,141,0,5,0,12,248,16,0,0,4,1024.0,0,6.0,0,57999.0
1189,0,7069,409,1.35,16,1,14.0,1920,1080,157,1,5,0,12,4,16,0,0,4,1024.0,0,6.0,0,53990.0
1190,0,3985,227,2.1,16,1,15.6,1920,1080,141,0,5,0,12,266,16,0,0,6,1024.0,0,6.0,0,82990.0
1191,0,7070,409,1.35,16,1,14.0,1920,1080,157,1,3,0,12,4,8,0,0,4,1024.0,0,6.0,0,36490.0
1192,0,7081,409,1.34,16,1,14.0,1920,1080,157,0,5,0,12,155,16,0,0,4,1024.0,0,6.0,0,61990.0
1193,9,351,279,1.39,18,1,14.0,1920,1200,162,0,4,0,24,107,16,0,0,4,1024.0,0,6.0,0,105000.0
1194,0,3666,30,1.4,16,1,14.0,1920,1200,162,0,5,0,12,155,8,0,0,4,1024.0,0,6.0,0,51999.0
1195,9,320,281,1.38,18,1,14.0,1366,768,112,0,5,0,12,155,8,0,0,4,1024.0,0,6.0,0,79999.0
1196,15,5702,493,1.28,16,1,14.5,2944,1840,239,3,4,1,12,380,16,0,0,4,1024.0,0,6.0,0,135360.0
1197,0,7080,409,1.34,16,1,14.0,1920,1080,157,0,7,0,12,155,16,0,0,4,1024.0,0,6.0,0,78990.0
1198,25,6268,131,1.56,16,1,16.0,2880,1800,212,0,4,1,18,107,16,0,0,4,1024.0,0,7.5,0,141990.0
1199,15,2690,156,1.65,12,1,15.6,1920,1080,141,0,3,0,6,160,8,0,0,4,1024.0,0,7.5,1,33955.0
1200,15,2685,156,1.0,16,1,15.6,1920,1080,141,0,3,0,4,160,8,0,0,4,1024.0,0,6.0,1,35399.0
1201,1,5947,204,1.38,27,1,13.3,2560,1600,227,2,4,0,20,101,8,0,0,4,1024.0,0,20.0,1,139990.0
1202,15,2771,156,2.2,0,1,15.6,1366,768,100,0,3,0,3,123,4,0,0,4,1024.0,0,5.5,1,25490.0
1203,6,1420,168,2.36,12,1,15.6,1920,1080,141,0,3,0,3,123,4,0,0,4,1024.0,0,6.0,1,27990.0
1204,9,1165,48,2.3,3,1,14.0,1366,768,112,0,1,0,4,161,4,0,0,4,1024.0,0,6.0,1,21999.0
1205,15,2024,156,1.66,12,1,15.6,1920,1080,141,1,7,0,12,4,16,0,0,4,1024.0,0,14.0,1,67990.0
1206,10,467,205,1.38,16,1,14.0,1920,1080,157,1,5,0,12,4,8,0,0,4,1024.0,0,14.0,1,41990.0
1207,1,6187,203,1.29,23,1,13.3,2560,1600,227,0,5,0,6,147,8,0,0,4,1024.0,0,11.0,1,99990.0
1208,15,5563,156,2.31,16,1,15.6,1920,1080,141,0,5,0,12,255,16,0,0,4,1024.0,0,4.5,1,68190.0
1209,0,6339,366,1.25,16,1,14.0,2880,1800,243,0,5,0,12,155,16,0,0,4,1024.0,0,6.0,1,79990.0
1210,2,7184,506,1.11,12,1,13.3,1920,1080,166,0,5,0,6,160,8,0,0,4,1024.0,0,6.0,1,64990.0
1211,27,6149,156,1.56,16,1,15.6,1920,1080,141,0,3,0,6,155,8,0,0,4,1024.0,0,17.5,1,37999.0
1212,15,107,159,1.85,16,1,15.6,1920,1080,141,0,5,0,6,133,8,0,0,4,1024.0,0,6.0,1,44990.0
1213,15,82,156,1.5,12,1,14.0,1920,1080,157,0,3,0,4,160,8,0,0,4,1024.0,0,11.5,1,33490.0
1214,9,1791,243,1.75,12,1,15.6,1920,1080,141,1,5,0,8,4,16,0,0,4,1024.0,0,6.0,1,52870.0
1215,15,7403,156,1.7,16,1,15.6,1920,1080,141,1,3,0,4,4,8,0,0,4,1024.0,0,6.0,1,26999.0
1216,9,1523,243,2.03,11,1,15.6,1368,768,101,0,5,0,3,195,8,0,0,4,1024.0,0,6.0,1,59355.0
1217,9,1194,156,1.46,16,1,14.0,1366,768,112,0,1,0,4,160,8,0,0,4,1024.0,0,12.0,1,35021.0
1218,32,7974,271,1.65,16,1,15.6,1920,1080,141,0,5,0,12,155,8,0,1,4,1024.0,0,10.0,1,48999.0
1219,9,1535,156,2.19,0,1,15.6,1366,768,100,0,3,0,3,47,4,0,0,2,1024.0,0,6.0,1,35929.0
1220,2,5052,302,2.4,12,1,15.6,1920,1080,141,0,5,0,8,293,8,0,0,4,1024.0,0,6.0,1,69990.0
1221,9,1855,423,2.37,16,1,15.6,1920,1080,141,0,5,0,12,248,8,0,0,4,1024.0,0,6.0,1,57056.0
1222,9,1932,156,1.59,16,1,15.6,1920,1080,141,1,5,0,4,4,8,0,1,4,1024.0,0,6.0,1,39990.0
1223,9,8011,248,1.39,12,1,11.0,1366,768,142,0,3,1,3,129,4,0,0,4,1024.0,0,6.0,1,39900.0
1224,9,1905,423,2.37,16,1,15.6,1920,1080,141,1,7,0,12,255,16,0,0,4,1024.0,0,10.15,1,68999.0
1225,6,3197,166,1.5,16,1,14.0,1920,1080,141,0,3,1,12,133,8,0,0,4,1024.0,0,6.0,1,52990.0
1226,9,1934,156,1.59,16,1,15.6,1920,1080,141,1,5,0,4,4,16,0,0,4,1024.0,0,6.0,1,37490.0
1227,15,3320,157,1.5,12,1,14.0,1920,1080,157,0,3,1,6,160,8,0,0,4,1024.0,0,6.0,1,57300.0
1228,9,1860,423,2.3,18,1,15.6,1920,1080,141,0,5,0,12,248,16,0,0,4,1024.0,0,6.3,1,62990.0
1229,6,1426,168,2.2,12,1,15.6,1920,1080,141,0,5,0,6,166,8,0,0,4,1024.0,0,6.0,1,55532.0
1230,9,1638,156,2.1,0,1,15.6,1366,768,100,1,4,0,1,41,4,0,0,4,1024.0,0,6.0,1,22992.0
1231,15,132,160,1.8,12,1,15.6,1920,1080,141,0,5,0,8,155,8,0,0,4,1024.0,0,6.0,1,57990.0
1232,0,3919,225,2.7,12,1,15.6,1920,1080,141,0,5,0,6,287,8,0,0,2,1024.0,0,6.0,1,64999.0
1233,15,2812,156,1.67,12,1,14.0,1920,1080,157,0,3,0,4,166,4,0,0,4,1024.0,0,7.0,1,39990.0
1234,0,6509,258,2.6,16,1,16.0,1920,1200,142,0,5,0,24,266,16,0,0,6,1024.0,0,6.0,1,104990.0
1235,15,2647,156,1.7,16,1,15.6,1920,1080,141,0,3,0,4,160,8,0,0,4,1024.0,0,9.0,1,36990.0
1236,15,5525,156,2.25,16,1,15.6,1920,1080,141,0,5,0,8,255,8,0,0,4,1024.0,0,8.0,1,59840.0
1237,9,1895,423,2.37,16,1,15.6,1920,1080,141,1,7,1,12,255,16,0,0,4,1024.0,0,6.0,1,72990.0
1238,9,1894,423,2.37,16,1,15.6,1920,1080,141,1,5,1,16,255,16,0,0,4,1024.0,0,10.0,1,62990.0
1239,6,1405,168,2.2,12,1,15.6,1920,1080,141,0,3,0,4,160,8,0,0,4,1024.0,0,6.0,1,41485.0
1240,15,5536,156,2.25,16,1,15.6,1920,1080,141,1,5,0,16,248,8,0,0,4,1024.0,0,6.5,1,51435.0
1241,9,2394,423,2.48,16,1,16.1,1280,720,91,1,5,0,16,209,8,0,0,4,1024.0,0,6.0,1,50870.0
1242,15,1494,385,1.7,16,1,15.6,1920,1080,141,0,7,0,12,155,16,0,0,4,1024.0,0,6.0,1,103000.0
1243,9,1845,423,2.37,16,1,15.6,1920,1080,141,0,5,0,12,255,16,0,1,4,1024.0,0,6.0,1,66990.0
1244,2,7653,424,1.6,16,1,14.0,1920,1080,157,0,3,0,6,160,8,0,1,4,1024.0,0,6.0,1,37999.0
1245,9,8018,48,1.35,3,1,12.0,1366,912,137,0,1,1,4,161,4,0,0,4,1024.0,0,6.0,1,22990.0
1246,6,2891,168,1.8,15,1,15.6,1920,1080,141,0,5,0,8,133,16,0,0,4,1024.0,0,6.0,1,48400.0
1247,0,3902,225,2.2,16,1,15.6,1920,1080,141,1,5,0,12,209,16,0,0,4,1024.0,0,6.0,1,54999.0
1248,0,3896,225,2.2,16,1,15.6,1920,1080,141,1,5,0,12,209,8,0,0,4,1024.0,0,6.0,1,47990.0
1249,2,7669,424,1.6,16,1,14.0,1366,768,112,0,3,0,4,133,8,0,0,4,1024.0,0,6.0,1,23990.0
1250,15,484,156,1.6,16,1,15.6,1920,1080,141,1,3,0,4,4,8,0,0,4,1024.0,0,9.0,1,29790.0
1251,9,1838,423,2.37,16,1,15.6,1920,1080,141,0,7,0,24,255,16,0,1,4,1024.0,0,6.0,1,80500.0
1252,9,1902,423,2.37,16,1,15.6,1920,1080,141,1,5,0,16,60,16,0,1,4,1024.0,0,6.0,1,56990.0
1253,9,689,244,1.58,16,1,13.3,1920,1080,166,1,5,0,16,4,16,0,1,4,1024.0,0,6.0,1,60992.0
1254,2,4993,303,2.1,16,1,15.6,1920,1080,141,1,7,0,12,256,16,0,0,4,1024.0,0,6.0,1,71990.0
1255,1,6165,203,1.25,25,1,13.3,2560,1600,227,0,5,0,4,165,8,0,0,4,1024.0,0,13.0,1,127990.0
1256,16,6205,156,1.3,12,1,14.0,1920,1080,157,0,3,0,4,160,8,0,0,4,1024.0,0,6.0,1,32999.0
1257,0,3958,225,2.6,16,1,15.6,1920,1080,141,0,7,0,12,266,16,0,0,6,1024.0,0,6.0,1,90240.0
1258,2,7764,427,1.75,16,1,15.6,1920,1080,141,1,3,0,4,83,8,0,0,4,1024.0,0,6.0,1,36890.0
1259,15,4938,415,1.6,16,1,15.6,1920,1080,141,1,4,0,12,4,8,0,0,4,1024.0,0,8.0,1,24990.0
1260,15,6911,156,1.6,16,1,15.6,1920,1080,141,1,7,0,12,4,16,0,1,4,1024.0,0,6.0,1,45890.0
1261,9,953,243,1.41,16,1,14.0,1920,1080,157,0,7,0,12,155,16,0,0,4,1024.0,0,6.0,1,75990.0
1262,9,5180,8,1.47,0,1,14.0,1366,768,112,1,3,0,4,4,8,0,0,4,1024.0,0,6.0,1,26899.0
1263,9,2419,423,2.48,16,1,16.1,1920,1080,137,0,5,0,12,255,8,0,0,4,1024.0,0,8.0,1,64590.0
1264,16,4175,216,1.4,16,1,14.0,1920,1080,157,0,3,0,12,160,8,0,0,4,1024.0,0,6.0,1,32990.0
1265,29,6218,73,1.77,12,1,15.6,1920,1080,141,1,5,0,6,86,8,0,0,4,1024.0,0,6.0,1,58990.0
1266,2,7140,431,1.5,16,1,14.0,1920,1080,157,0,3,1,6,168,8,0,0,4,1024.0,0,6.0,1,46990.0
1267,1,6167,203,1.25,25,1,13.3,2560,1600,227,0,5,0,4,165,8,0,0,4,1024.0,0,13.0,1,104990.0
1268,15,7923,189,2.4,12,1,15.6,1920,1080,141,0,5,0,6,289,8,0,0,4,1024.0,0,4.0,1,81334.0
1269,9,1221,156,1.47,16,1,14.0,1366,768,112,0,2,0,4,160,8,0,1,4,1024.0,0,12.0,1,28879.0
1270,9,2267,156,1.75,12,1,15.6,1920,1080,141,0,3,0,4,160,4,0,1,4,1024.0,0,6.0,1,39890.0
1271,6,2974,168,1.61,16,1,15.6,1920,1080,141,0,2,0,4,160,8,0,0,4,1024.0,0,7.0,1,44319.0
1272,2,7139,431,1.5,16,1,14.0,1920,1080,157,0,3,1,6,160,8,0,0,4,1024.0,0,6.0,1,46990.0
1273,2,7232,517,1.3,12,1,14.0,1920,1080,157,0,5,0,6,166,8,0,0,4,1024.0,0,9.0,1,50591.0
1274,6,1306,168,1.83,12,1,15.6,1920,1080,141,0,3,0,6,160,4,0,0,4,1024.0,0,7.0,1,39480.0
1275,6,2899,168,1.83,12,1,15.6,1920,1080,141,0,3,0,12,133,8,0,0,4,1024.0,0,5.0,1,37050.0
1276,6,1279,168,1.83,12,1,15.6,1920,1080,141,0,3,0,4,160,8,0,0,4,1024.0,0,6.0,1,44890.0
1277,15,7423,156,2.2,16,1,15.6,1920,1080,141,0,1,0,12,133,4,0,0,4,1024.0,0,6.0,1,26405.0
1278,9,2296,156,1.69,12,1,15.6,1920,1080,141,1,3,0,4,4,8,0,0,4,1024.0,0,6.0,1,38890.0
1279,9,5174,5,1.47,16,1,14.0,1366,768,112,1,3,0,4,4,8,0,0,4,1024.0,0,4.0,1,25400.0
1280,9,2333,156,1.69,16,1,15.6,1920,1080,141,0,5,0,12,155,8,0,0,4,1024.0,0,10.0,1,61990.0
1281,15,2735,156,2.2,12,1,15.6,1366,768,100,0,5,0,3,190,4,0,0,2,1024.0,0,4.0,1,45540.0
1282,2,7862,427,2.0,12,1,15.6,1366,768,100,0,1,0,2,120,4,0,0,4,1024.0,0,6.0,1,19990.0
1283,6,4932,118,2.25,12,1,15.6,1920,1080,141,0,5,0,8,201,8,0,1,4,1024.0,0,6.0,1,59840.0
1284,6,2838,460,1.48,16,1,14.0,1920,1080,157,0,5,0,12,155,8,0,0,4,1024.0,0,7.0,1,55000.0
1285,6,2841,460,1.48,16,1,14.0,1920,1080,157,0,3,0,6,133,8,0,0,4,1024.0,0,7.0,1,41950.0
1286,2,7761,427,1.68,16,1,15.6,1920,1080,141,1,3,0,12,4,8,0,0,4,1024.0,0,6.0,1,32990.0
1287,9,8085,243,1.52,16,1,14.0,1920,1080,157,0,5,1,8,155,16,0,0,4,1024.0,0,12.0,1,70100.0
1288,9,665,101,1.32,12,1,13.3,1920,1080,166,1,5,1,11,4,8,0,0,4,1024.0,0,6.0,1,64990.0
1289,6,797,166,1.79,12,1,14.0,1366,768,112,0,2,0,2,160,4,0,0,4,1024.0,0,6.0,1,29643.0
1290,10,746,207,1.38,13,1,14.0,1920,1080,157,0,5,0,12,160,8,0,0,4,1024.0,0,6.0,1,46990.0
1291,6,794,460,1.76,12,1,14.0,1366,768,112,0,5,0,6,166,8,0,0,4,1024.0,0,6.0,1,46303.0
1292,9,928,243,1.6,12,1,14.0,1920,1080,157,0,5,0,6,160,8,0,0,4,1024.0,0,6.0,1,58390.0
1293,2,7763,427,1.68,15,1,15.6,1920,1080,141,1,3,0,5,1,8,0,0,4,1024.0,0,6.0,1,36990.0
1294,9,2229,156,1.69,16,1,15.6,1920,1080,141,0,5,0,12,155,8,0,0,4,1024.0,0,6.0,1,46990.0
1295,2,6725,447,1.4,12,1,14.0,1920,1080,157,0,5,0,6,166,8,0,0,4,1024.0,0,6.0,1,64990.0
1296,3,6277,201,1.37,12,1,13.3,1920,1080,166,0,5,0,4,128,8,0,0,4,1024.0,0,10.0,1,42990.0
1297,2,4775,297,2.5,7,1,15.6,1920,1080,141,0,7,0,6,201,8,0,0,4,1024.0,0,6.0,1,70990.0
1298,15,2729,156,2.2,0,1,15.6,1366,768,100,0,3,0,3,190,4,0,0,2,1024.0,0,5.0,1,31990.0
1299,9,1239,156,1.51,12,1,14.0,1920,1080,157,0,3,0,4,160,4,0,0,4,1024.0,0,6.0,1,45990.0
1300,9,8068,243,1.61,12,1,14.0,1920,1080,157,0,3,1,6,160,8,0,0,4,1024.0,0,6.0,1,58800.0
1301,15,4328,156,1.13,12,1,10.1,1280,800,149,0,1,1,4,160,4,0,0,4,1024.0,0,6.0,1,24990.0
1302,1,6184,203,1.25,25,1,13.3,2560,1600,227,0,5,0,4,165,8,0,0,4,1024.0,0,12.0,1,111190.0
1303,12,5745,156,1.76,16,1,15.6,1920,1080,141,0,5,0,12,160,8,0,0,4,1024.0,0,11.0,1,59990.0
1304,9,2639,9,1.74,12,1,15.6,1366,768,100,0,3,0,6,160,8,0,0,4,1024.0,0,6.0,1,31730.0
1305,6,604,165,1.4,12,1,13.0,1920,1080,169,0,5,0,6,166,8,0,0,4,1024.0,0,6.0,1,56264.0
1306,15,5524,156,2.2,12,1,15.6,1920,1080,141,1,5,0,11,209,8,0,0,4,1024.0,0,6.7,1,56990.0
1307,2,6736,440,1.4,12,1,14.0,1920,1080,157,0,5,0,8,155,8,0,0,4,1024.0,0,6.0,1,60990.0
1308,0,3526,28,1.9,12,1,15.6,1920,1080,141,1,5,0,12,86,8,0,0,4,1024.0,0,11.0,1,30990.0
1309,9,1785,243,1.75,16,1,15.6,1920,1080,141,0,5,0,12,155,16,0,0,4,1024.0,0,10.15,1,66990.0
1310,15,91,159,1.6,12,1,14.0,1920,1080,157,0,3,0,4,160,8,0,0,4,1024.0,0,6.0,1,35990.0
1311,2,5781,443,1.8,16,1,15.6,1920,1080,141,0,5,0,18,155,16,0,0,4,1024.0,0,10.0,1,74990.0
1312,2,6307,458,1.8,16,1,15.6,1920,1080,141,0,5,0,18,155,16,0,0,4,1024.0,0,10.0,1,69990.0
1313,9,2282,156,1.75,16,1,15.6,1920,1080,141,0,3,0,6,160,8,0,0,4,1024.0,0,6.0,1,35999.0
1314,9,1780,243,1.74,16,1,15.6,1920,1080,141,0,5,0,12,155,16,0,1,4,1024.0,0,6.0,1,70500.0
1315,2,5780,443,1.8,16,1,15.6,1920,1080,141,0,5,0,18,155,16,0,0,4,1024.0,0,10.0,1,68489.0
1316,6,4898,156,2.44,16,1,15.6,1920,1080,141,0,5,0,12,255,8,0,0,4,1024.0,0,6.0,1,67999.0
1317,9,2321,156,1.7,16,1,15.6,1920,1080,141,0,3,0,6,160,8,0,0,4,1024.0,0,6.0,1,38890.0
1318,6,1318,168,1.83,12,1,15.6,1920,1080,141,1,3,0,4,81,8,0,0,4,1024.0,0,6.0,1,34999.0
1319,1,6169,203,1.25,25,1,13.3,2560,1600,227,0,5,0,4,165,8,0,0,4,1024.0,0,13.0,1,127990.0
1320,0,6475,255,2.7,12,1,15.6,1920,1080,141,0,5,0,8,206,16,0,0,6,1024.0,0,7.0,1,89990.0
1321,9,2627,9,1.78,12,1,15.6,1920,1080,141,0,3,0,4,160,4,0,0,4,1024.0,0,6.0,1,37787.0
1322,18,7035,156,1.8,14,1,12.3,2736,1824,267,0,4,1,4,128,4,0,0,4,1024.0,0,13.0,1,49990.0
1323,9,5175,13,1.74,16,1,15.6,1920,1080,141,1,3,0,4,4,8,0,0,4,1024.0,0,10.0,1,23999.0
1324,15,3109,189,2.3,16,1,15.6,1920,1080,141,0,5,0,12,255,8,0,0,4,1024.0,0,5.9,1,66290.0
1325,2,5361,301,2.3,12,1,15.6,1920,1080,141,0,7,0,8,289,8,0,0,4,1024.0,0,6.0,1,89990.0
1326,6,1312,168,1.83,12,1,15.6,1366,768,100,1,4,0,5,4,4,0,0,4,1024.0,0,7.0,1,30390.0
1327,2,4598,377,2.3,16,1,15.6,1920,1080,141,1,7,0,20,259,16,0,0,6,1024.0,0,6.0,1,72990.0
1328,15,2022,149,2.25,16,1,15.6,1920,1080,141,1,5,0,16,248,16,0,0,4,1024.0,0,4.5,1,50990.0
1329,0,3766,31,2.2,16,1,15.6,1920,1080,141,0,5,0,12,255,8,0,0,4,1024.0,0,6.0,1,53990.0
1330,9,2190,156,1.86,12,1,15.6,1920,1080,141,0,3,0,3,129,4,0,0,4,1024.0,0,6.0,1,32990.0
1331,2,7800,427,1.8,16,1,15.6,1920,1080,141,0,5,0,8,155,8,0,0,4,1024.0,0,6.0,1,40990.0
1332,9,1211,156,1.43,12,1,14.0,1920,1080,157,0,5,0,6,166,8,0,0,4,1024.0,0,6.0,1,58830.0
1333,9,1668,156,1.77,0,1,15.6,1920,1080,141,0,5,0,6,233,8,0,0,2,1024.0,0,6.0,1,46990.0
1334,6,4907,156,2.57,16,1,15.6,1920,1080,141,1,5,0,16,255,16,0,0,4,1024.0,0,10.0,1,70990.0
1335,0,3525,28,1.9,12,1,15.6,1366,768,100,1,4,0,5,4,4,0,0,4,1024.0,0,9.0,1,26499.0
1336,15,5582,156,2.25,16,1,15.6,1920,1080,141,1,5,0,12,209,8,0,0,4,1024.0,0,6.0,1,46999.0
1337,0,3575,28,1.9,12,1,15.6,1920,1080,141,0,5,0,6,160,4,0,0,4,1024.0,0,6.0,1,44168.0
1338,2,5846,444,1.4,12,1,14.0,1920,1080,157,1,5,0,8,4,8,0,0,4,1024.0,0,6.0,1,58990.0
1339,2,7571,429,1.88,16,1,16.0,1920,1200,142,0,3,0,10,133,8,0,0,4,1024.0,0,6.0,1,35990.0
1340,6,1395,118,2.5,12,1,15.6,1920,1080,141,0,7,0,12,293,8,0,0,4,1024.0,0,6.0,1,85750.0
1341,16,6529,262,1.18,12,1,14.0,1920,1080,157,0,5,0,8,166,8,0,0,4,1024.0,0,6.0,1,52990.0
1342,6,1320,168,1.83,12,1,15.6,1920,1080,141,1,5,0,4,81,8,0,0,4,1024.0,0,7.0,1,45290.0
1343,15,4375,402,1.59,12,1,14.0,1920,1080,157,1,5,0,8,4,8,0,0,4,1024.0,0,6.0,1,46999.0
1344,9,2201,156,1.77,12,1,15.6,1366,768,100,0,1,0,4,161,4,0,0,4,1024.0,0,6.0,1,19999.0
1345,18,7024,156,0.79,12,1,12.3,2736,1824,267,0,7,1,8,147,16,0,0,4,1024.0,0,10.5,1,137990.0
1346,2,4778,114,2.5,11,1,15.6,1920,1080,141,0,7,0,6,364,8,0,0,4,1024.0,0,6.0,1,79990.0
1347,0,3524,28,1.9,16,1,15.6,1920,1080,141,1,5,0,12,87,8,0,0,4,1024.0,0,6.0,1,28990.0
1348,0,6390,156,1.5,16,1,14.0,1366,768,112,1,3,0,12,4,8,0,0,4,1024.0,0,6.0,1,23391.0
1349,15,5540,156,2.32,16,1,15.6,1920,1080,141,1,5,0,12,348,16,0,0,4,1024.0,0,6.5,1,81900.0
1350,0,3977,227,2.1,16,1,15.6,1920,1080,141,0,5,0,12,266,8,0,0,6,1024.0,0,5.0,1,78990.0
1351,9,1222,156,1.46,16,1,14.0,1366,768,112,0,1,0,4,160,8,0,0,4,1024.0,0,6.0,1,27800.0
1352,9,1685,156,1.77,12,1,15.6,1920,1080,141,0,3,0,4,166,8,0,0,4,1024.0,0,6.0,1,33990.0
1353,2,866,433,1.38,16,1,14.0,1920,1080,157,0,3,0,6,160,8,0,0,4,1024.0,0,6.0,1,34990.0
1354,15,1061,159,1.4,3,1,14.0,1920,1080,157,0,1,1,4,161,4,0,0,4,1024.0,0,10.0,1,18999.0
1355,15,2044,149,2.32,16,1,15.6,1920,1080,141,1,7,0,16,255,16,0,0,4,1024.0,0,4.5,1,67890.0
1356,2,4638,379,2.6,12,1,17.3,1920,1080,127,1,7,0,12,255,16,0,0,4,1024.0,0,6.0,1,79990.0
1357,2,865,433,1.38,16,1,14.0,1920,1080,157,0,3,0,6,160,8,0,1,4,1024.0,0,6.0,1,31990.0
1358,15,5562,156,2.32,16,1,15.6,1920,1080,141,1,7,0,16,255,8,0,0,4,1024.0,0,6.5,1,64990.0
1359,16,5472,156,2.2,14,1,15.6,1920,1080,141,0,7,0,6,289,8,0,0,4,1024.0,0,6.0,1,93999.0
1360,2,4741,380,2.2,16,1,15.6,1920,1080,141,0,7,0,24,267,16,0,0,8,1024.0,0,6.0,1,98990.0
1361,0,6392,156,1.5,16,1,14.0,1366,768,112,1,3,0,12,4,8,0,0,4,1024.0,0,6.0,1,22999.0
1362,16,5386,156,2.2,12,1,15.6,1920,1080,141,0,5,0,8,201,8,0,0,4,1024.0,0,6.0,1,58990.0
1363,2,7635,445,1.4,12,1,14.0,1920,1080,157,0,5,0,8,316,8,0,0,2,1024.0,0,6.0,1,64990.0
1364,9,1540,156,1.86,0,1,15.6,1920,1080,141,0,3,0,3,7,8,0,0,2,1024.0,0,6.0,1,39007.0
1365,9,8078,243,1.52,16,1,14.0,1920,1080,157,0,3,1,8,160,8,0,0,4,1024.0,0,11.0,1,54990.0
1366,1,5951,203,1.51,31,1,15.3,2880,1864,224,2,4,0,20,101,8,0,0,4,1024.0,0,18.0,1,131521.0
1367,15,2727,156,2.1,12,1,15.6,1366,768,100,0,3,0,3,123,4,0,0,4,1024.0,0,6.0,1,30790.0
1368,1,5948,203,1.51,31,1,15.3,2880,1864,224,2,4,0,20,101,8,0,0,4,1024.0,0,18.0,1,129900.0
1369,0,3687,30,1.8,12,1,15.6,1920,1080,141,0,3,0,4,166,4,0,0,4,1024.0,0,6.0,1,35990.0
1370,1,5952,203,1.51,31,1,15.3,2880,1864,224,2,4,0,20,101,8,0,0,4,1024.0,0,18.0,1,149900.0
1371,0,3908,225,2.4,12,1,15.6,1920,1080,141,1,5,0,12,259,16,0,0,6,1024.0,0,10.0,1,81999.0
1372,6,606,165,1.4,12,1,13.0,1920,1080,169,0,3,0,3,129,4,0,0,4,1024.0,0,6.0,1,44990.0
1373,1,5949,203,1.51,31,1,15.3,2880,1864,224,2,4,0,20,101,8,0,0,4,1024.0,0,18.0,1,154900.0
1374,6,814,166,1.72,12,1,14.0,1920,1080,157,0,5,1,8,155,8,0,0,4,1024.0,0,6.0,1,60999.0
1375,6,2883,168,1.8,16,1,15.6,1920,1080,141,0,3,0,12,133,8,0,0,4,1024.0,0,6.0,1,35999.0
1376,15,5545,156,2.25,16,1,15.6,1920,1080,141,1,5,0,16,255,8,0,0,4,1024.0,0,4.0,1,63350.0
1377,6,3189,166,1.56,11,1,14.0,1920,1080,157,0,3,1,8,160,8,0,0,4,1024.0,0,6.0,1,65500.0
1378,1,5953,203,1.51,31,1,15.3,2880,1864,224,2,4,0,20,101,8,0,0,4,1024.0,0,18.0,1,149890.0
1379,1,5950,203,1.51,31,1,15.3,2880,1864,224,2,4,0,20,101,8,0,0,4,1024.0,0,18.0,1,119900.0
1380,9,2426,423,2.46,16,1,16.1,1920,1080,137,1,7,0,16,255,16,0,0,4,1024.0,0,4.0,1,79990.0
1381,9,1201,156,1.46,12,1,14.0,1920,1080,157,0,5,0,8,160,8,0,0,4,1024.0,0,6.0,1,58990.0
1382,2,7242,518,1.17,12,1,14.0,1920,1080,157,0,7,0,8,166,16,0,0,4,1024.0,0,13.0,1,85990.0
1383,16,5399,156,2.3,12,1,15.6,1920,1080,141,0,7,0,12,321,32,0,0,8,1024.0,0,6.0,1,156090.0
1384,9,943,243,1.41,12,1,14.0,1920,1080,157,0,5,0,8,155,16,0,0,4,1024.0,0,6.0,1,72490.0
1385,15,5527,156,2.25,16,1,15.6,1920,1080,141,0,5,0,8,255,16,0,0,4,1024.0,0,8.0,1,70490.0
1386,15,5543,156,2.2,16,1,15.6,1920,1080,141,1,5,0,11,209,8,0,0,4,1024.0,0,6.0,1,61739.0
1387,15,131,160,1.66,12,1,15.6,1920,1080,141,0,5,0,8,240,8,0,0,2,1024.0,0,8.0,1,65990.0
1388,16,511,122,1.8,16,1,15.6,1920,1080,141,0,5,0,12,209,8,0,0,4,1024.0,0,6.0,1,45990.0
1389,0,6387,156,1.8,12,1,14.0,1366,768,112,0,2,0,2,127,4,0,0,4,1024.0,0,6.0,1,29639.0
1390,9,1590,243,2.0,12,1,15.6,1366,768,100,0,5,0,3,195,8,0,0,2,1024.0,0,6.0,1,61654.0
1391,15,7396,156,1.7,16,1,15.6,1920,1080,141,0,3,0,6,133,8,0,0,4,1024.0,0,6.0,1,30499.0
1392,6,1316,168,1.83,12,1,15.6,1920,1080,141,1,3,0,5,4,8,0,0,4,1024.0,0,7.0,1,36594.0
1393,16,545,178,2.25,12,1,15.6,1920,1080,141,0,7,0,12,259,16,0,0,6,1024.0,0,6.0,1,79990.0
1394,9,1767,243,2.93,16,1,15.6,1920,1080,141,1,5,0,16,209,8,0,0,4,1024.0,0,6.0,1,59910.0
1395,2,7839,427,1.8,12,1,15.6,1920,1080,141,0,5,0,6,160,8,0,0,4,1024.0,0,6.0,1,44694.0
1396,2,4973,303,2.3,12,1,15.6,1920,1080,141,0,7,0,16,212,16,0,0,4,1024.0,0,6.0,1,92990.0
1397,0,3560,28,2.1,12,1,15.6,1366,768,100,0,3,0,3,129,4,0,0,4,1024.0,0,6.0,1,33999.0
1398,33,4310,156,1.1,14,1,11.6,1366,768,135,0,1,1,2,130,2,0,0,4,1024.0,0,6.0,1,9990.0
1399,2,7879,461,2.0,0,1,15.6,1920,1080,141,0,3,0,3,123,4,0,0,4,1024.0,0,6.0,0,25990.0
1400,9,2620,9,1.9,0,1,15.6,1366,768,100,0,1,0,2,115,4,0,0,4,500.0,0,6.0,0,19790.0
1401,9,7982,74,2.14,18,1,15.6,3840,2160,282,0,7,1,24,256,16,0,0,4,1024.0,0,7.15,0,118800.0
1402,15,6608,156,1.85,12,1,15.6,1920,1080,141,0,3,0,4,166,4,0,0,4,1024.0,0,5.5,0,35500.0
1403,6,1387,168,2.03,12,1,15.6,1920,1080,141,0,3,0,3,7,4,0,0,2,1024.0,0,6.0,0,35390.0
1404,9,8117,338,1.92,14,1,15.6,3840,2160,282,0,5,1,6,300,16,0,0,4,1024.0,0,16.5,0,183990.0
1405,2,7196,506,1.27,12,1,13.3,1920,1080,166,0,7,0,8,160,16,0,0,4,1024.0,0,6.0,0,95999.0
1406,6,810,460,1.4,12,1,14.0,1920,1080,157,0,5,0,8,238,8,0,0,2,1024.0,0,6.0,0,82500.0
1407,9,1810,232,2.36,12,1,15.6,3840,2160,282,0,7,0,12,250,16,0,0,8,1024.0,0,6.0,0,177990.0
1408,15,4474,156,2.2,12,1,14.0,1366,768,112,1,4,0,1,43,4,0,0,4,1024.0,0,4.0,0,19999.0
1409,15,2770,156,2.2,12,1,15.6,1920,1080,141,0,3,0,3,8,4,0,0,2,1024.0,0,6.0,0,45000.0
1410,2,5808,444,1.4,12,1,14.0,1920,1080,157,0,5,0,8,155,16,0,0,4,1024.0,0,8.0,0,63990.0
1411,2,4611,377,2.3,12,1,15.6,1920,1080,141,1,5,0,11,297,8,0,0,4,1024.0,0,6.0,0,78990.0
1412,15,6680,156,1.6,12,1,14.0,1920,1080,157,0,3,0,4,160,8,0,0,4,1024.0,0,8.0,0,40490.0
1413,16,6964,156,1.79,14,1,15.6,1920,1080,141,0,7,0,12,214,16,0,0,4,1024.0,0,6.0,0,156990.0
1414,9,2619,156,2.0,12,1,15.6,1366,768,100,0,3,0,3,123,4,0,0,4,1024.0,0,6.0,0,42815.0
1415,0,4520,26,2.4,7,1,15.6,1366,768,100,0,3,0,3,123,4,0,0,4,1024.0,0,6.5,0,28200.0
1416,2,1517,433,1.63,16,1,15.6,1920,1080,141,0,3,0,6,160,8,0,1,4,1024.0,0,6.0,0,35599.0
1417,0,3895,225,2.4,16,1,15.6,2560,1440,188,1,5,0,12,259,16,0,0,6,1024.0,0,6.0,0,99999.0
1418,9,2482,232,2.38,16,1,16.1,2560,1440,182,1,4,0,16,268,32,0,0,12,1024.0,0,6.0,0,189990.0
1419,2,5790,428,1.6,16,1,15.6,2880,1620,212,0,5,0,12,155,16,0,0,4,1024.0,0,6.0,0,65990.0
1420,2,6382,427,1.7,16,1,15.6,1920,1080,141,0,5,0,12,133,16,0,0,4,1024.0,0,6.0,0,62990.0
1421,15,2093,158,2.2,16,1,15.6,1920,1080,141,0,5,0,8,209,16,0,1,4,1024.0,0,6.0,0,54950.0
1422,2,7161,518,1.35,16,1,14.0,2560,1600,216,1,7,0,16,4,16,0,1,4,1024.0,0,10.0,0,69990.0
1423,2,7159,518,1.35,16,1,14.0,2560,1600,216,1,5,0,16,4,16,0,1,4,1024.0,0,10.0,0,64990.0
1424,2,4635,377,2.2,16,1,15.6,2560,1440,188,1,4,0,16,267,16,0,1,8,1024.0,0,6.0,0,125990.0
1425,6,1347,168,2.1,10,1,15.6,1366,768,100,0,5,0,3,189,4,0,0,2,1024.0,0,6.0,0,31590.0
1426,9,7983,74,2.18,18,1,15.6,3840,2160,282,0,9,1,24,259,32,0,0,6,1024.0,0,7.15,0,189400.0
1427,2,7162,518,1.35,16,1,14.0,2560,1600,216,1,7,0,16,4,16,0,1,4,1024.0,0,10.0,0,91990.0
1428,0,4544,110,1.9,16,1,15.6,1920,1080,141,0,5,0,12,155,12,0,0,4,1024.0,0,6.0,0,48990.0
1429,15,7311,156,1.55,0,1,14.0,1366,768,112,0,3,0,4,166,4,0,0,4,1024.0,0,6.0,0,29490.0
1430,6,1442,156,1.6,11,1,15.6,1920,1080,141,0,7,1,12,123,8,0,0,4,1024.0,0,6.0,0,68499.0
1431,2,4726,380,2.24,12,1,15.6,1920,1080,141,0,5,0,8,219,16,0,0,6,1024.0,0,6.0,0,86110.0
1432,6,1278,168,1.83,12,1,15.6,1920,1080,141,0,3,0,4,160,4,0,0,4,1024.0,0,6.0,0,37690.0
1433,15,2804,156,2.2,0,1,15.6,1920,1080,141,0,5,0,6,7,4,0,0,2,1024.0,0,6.0,0,42078.0
1434,15,2719,156,2.2,0,1,15.6,1366,768,100,0,3,0,3,244,4,0,0,2,1024.0,0,5.0,0,35701.0
1435,15,3150,162,1.7,11,1,14.0,1920,1080,157,0,3,1,3,115,4,0,0,4,1024.0,0,5.0,0,48590.0
1436,15,7307,156,1.85,0,1,14.0,1920,1080,157,0,3,0,3,129,4,0,0,4,1024.0,0,6.0,0,24420.0
1437,6,1303,168,1.83,12,1,15.6,1920,1080,141,0,5,0,8,155,8,0,0,4,1024.0,0,6.0,0,61990.0
1438,15,7944,189,2.2,12,1,15.6,1920,1080,141,0,7,0,12,321,16,0,0,8,1024.0,0,6.0,0,117294.0
1439,2,7728,427,1.9,12,1,15.6,1366,768,100,0,5,0,6,160,8,0,0,4,1024.0,0,6.0,0,56990.0
1440,15,7354,156,1.85,12,1,15.6,1366,768,100,1,4,0,5,4,8,0,0,4,1024.0,0,6.0,0,24999.0
1441,15,138,159,1.41,12,1,14.0,1920,1080,157,0,5,0,8,155,8,0,0,4,1024.0,0,7.0,0,60940.0
1442,9,914,243,1.54,12,1,14.0,1920,1080,157,0,5,0,6,234,8,0,0,2,1024.0,0,6.0,0,63790.0
1443,2,4688,380,2.3,12,1,15.6,1920,1080,141,0,5,0,12,255,8,0,0,4,1024.0,0,6.0,0,90970.0
1444,2,6313,437,3.24,16,1,15.6,1920,1080,141,0,9,0,24,255,16,0,0,4,1024.0,0,3.0,0,85020.0
1445,15,2666,156,1.8,12,1,15.6,3840,2160,282,1,3,0,4,4,4,0,0,4,1024.0,0,6.0,0,33990.0
1446,6,2979,168,1.68,16,1,15.6,1920,1080,141,1,7,0,4,4,8,0,0,4,1024.0,0,7.0,0,66190.0
1447,9,1806,232,2.36,12,1,15.6,1920,1080,141,0,7,0,12,304,16,0,0,6,1024.0,0,6.0,0,129990.0
1448,16,1135,373,2.3,16,1,16.0,1920,1200,142,0,9,0,12,267,32,0,0,8,1024.0,0,6.0,0,139990.0
1449,2,1140,447,1.4,16,1,14.0,1920,1200,162,0,5,0,18,248,16,0,0,4,1024.0,0,6.0,0,74990.0
1450,15,4326,156,0.51,14,1,10.1,1280,800,149,0,1,1,4,161,4,0,0,4,1024.0,0,13.0,0,27260.0
1451,15,6615,156,1.85,12,1,15.6,1920,1080,141,0,3,0,4,311,8,0,0,2,1024.0,0,6.0,0,42900.0
1452,15,5860,402,1.38,14,1,13.3,1366,768,118,0,7,0,8,160,16,0,1,4,1024.0,0,6.0,0,99990.0
1453,2,6367,518,1.22,16,1,14.0,1920,1080,157,0,4,0,24,107,16,0,0,4,1024.0,0,6.0,0,109990.0
1454,15,6561,160,1.4,16,1,14.0,2240,1400,189,0,5,0,8,232,16,0,1,2,1024.0,0,10.0,0,81850.0
1455,15,4882,392,1.77,0,1,16.0,1920,1200,142,0,3,0,10,160,8,0,0,4,1024.0,0,6.0,0,47990.0
1456,2,7566,429,1.88,16,1,16.0,1920,1200,142,0,9,0,12,155,16,0,0,4,1024.0,0,6.0,0,89990.0
1457,15,7056,402,1.55,14,1,14.0,1920,1080,157,0,5,0,6,160,8,0,0,4,1024.0,0,6.0,0,109999.0
1458,6,554,463,1.5,19,1,12.5,1920,1080,176,0,5,1,3,117,4,0,0,4,1024.0,0,8.0,0,74990.0
1459,15,6938,156,1.4,16,1,14.0,1920,1200,162,1,5,0,12,4,16,0,0,4,1024.0,0,6.0,0,58390.0
1460,16,732,330,2.7,16,1,16.0,2560,1600,189,0,9,0,12,268,32,0,0,8,1024.0,0,6.0,0,214990.0
1461,2,6366,518,1.22,16,1,14.0,1920,1080,157,0,4,0,18,107,16,0,0,4,1024.0,0,6.0,0,96990.0
1462,2,5290,318,1.72,16,1,14.0,2560,1600,216,1,4,0,16,269,32,0,0,12,1024.0,0,6.0,0,211990.0
1463,16,4265,44,2.25,16,1,15.6,1920,1080,141,1,5,0,12,266,16,0,0,6,1024.0,0,6.0,0,78990.0
1464,6,7986,19,3.25,16,1,16.0,2560,1600,189,0,9,0,36,269,32,0,1,12,1024.0,0,6.0,0,257490.0
1465,15,6425,402,2.8,14,1,15.6,1920,1080,141,0,7,0,24,356,32,0,1,4,1024.0,0,9.0,0,142999.0
1466,15,1500,385,1.7,12,1,15.0,1920,1080,147,0,5,0,8,155,16,0,0,4,1024.0,0,6.0,0,56990.0
1467,2,4989,303,1.9,16,1,15.6,1920,1080,141,1,7,0,12,52,16,0,0,4,1024.0,0,3.0,0,81772.0
1468,9,8036,336,1.36,16,1,13.5,3000,2000,267,0,5,1,12,155,8,0,0,4,1024.0,0,13.3,0,106000.0
1469,2,6355,518,1.39,16,1,14.0,2880,1800,243,0,5,1,12,155,16,0,0,4,1024.0,0,6.0,0,79000.0
1470,15,6420,402,1.47,0,1,14.0,1920,1080,157,1,7,0,12,1,8,0,0,4,1024.0,0,6.0,0,76499.0
1471,9,2413,423,2.46,16,1,16.1,1920,1080,137,0,5,0,12,209,8,0,1,4,1024.0,0,6.0,0,49990.0
1472,15,6443,402,1.8,18,1,16.0,1920,1080,141,0,7,0,18,281,16,0,0,4,1024.0,0,6.0,0,146500.0
1473,2,6410,242,1.6,12,1,14.0,1366,768,112,0,3,0,4,129,4,0,0,4,1024.0,0,6.0,0,57499.0
1474,15,7308,156,1.85,12,1,14.0,1920,1080,157,0,3,0,3,129,4,0,0,4,1024.0,0,6.0,0,39990.0
1475,15,145,159,1.6,12,1,15.6,1920,1080,141,0,5,0,8,155,8,0,1,4,1024.0,0,6.0,0,42990.0
1476,2,7274,507,1.65,12,1,15.6,1920,1080,141,0,7,0,8,294,16,0,0,4,1024.0,0,6.0,0,129990.0
1477,15,7961,485,1.4,12,1,14.0,3840,2160,315,0,7,0,8,237,16,0,0,2,1024.0,0,6.0,0,100000.0
1478,15,499,156,2.2,0,1,15.6,1366,768,100,0,2,0,2,115,4,0,0,4,1024.0,0,4.0,0,26632.0
1479,15,4307,156,1.25,3,1,11.6,1366,768,135,0,1,1,12,160,4,0,0,4,1024.0,0,6.0,0,26890.0
1480,2,4692,380,4.0,12,1,15.6,1920,1080,141,0,5,0,12,256,16,0,0,4,1024.0,0,6.0,0,62990.0
1481,9,652,97,1.32,14,1,13.3,1920,1080,166,0,5,0,6,166,8,0,0,4,1024.0,0,6.0,0,76990.0
1482,2,5837,427,1.7,12,1,15.6,1920,1080,141,0,5,0,8,238,8,0,0,2,1024.0,0,6.0,0,69990.0
1483,6,1270,118,2.34,12,1,15.6,1920,1080,141,0,5,0,8,293,8,0,0,4,1024.0,0,6.0,0,74990.0
1484,2,4743,375,2.0,12,1,15.6,1920,1080,141,0,5,0,8,255,8,0,0,4,1024.0,0,5.0,0,77990.0
1485,15,750,385,1.5,0,1,14.0,1920,1080,157,0,5,0,6,160,8,0,0,4,1024.0,0,9.0,0,58989.0
1486,9,1498,494,2.6,14,1,15.6,1920,1080,141,0,7,0,12,339,16,0,0,4,1024.0,0,6.0,0,172000.0
1487,15,7055,402,1.55,14,1,14.0,1920,1080,157,0,7,0,8,160,8,0,0,4,1024.0,0,6.0,0,123390.0
1488,15,6457,402,2.45,12,1,15.6,1920,1080,141,0,7,0,9,336,16,0,0,4,1024.0,0,6.0,0,181599.0
1489,15,6760,156,1.8,12,1,15.6,1920,1080,141,0,5,0,6,315,8,0,0,2,1024.0,0,6.0,0,62990.0
1490,15,7054,402,1.55,14,1,14.0,1920,1080,157,0,5,1,6,166,16,0,0,4,1024.0,0,6.0,0,105690.0
1491,9,1256,494,1.48,14,1,14.0,1920,1080,157,0,7,0,8,38,8,0,0,4,1024.0,0,6.0,0,112990.0
1492,15,6761,156,1.8,12,1,15.6,1920,1080,141,0,7,0,8,237,8,0,0,2,1024.0,0,12.0,0,85990.0
1493,2,7828,427,1.6,12,1,15.6,1920,1080,141,0,3,0,4,160,4,0,0,4,1024.0,0,6.0,0,36200.0
1494,0,3672,30,2.4,12,1,15.6,1920,1080,141,0,3,0,4,166,4,0,0,4,1024.0,0,6.5,0,27990.0
1495,15,715,156,2.3,0,1,15.6,1366,768,100,0,3,0,3,123,4,0,0,4,1024.0,0,6.0,0,23990.0
1496,9,2863,156,1.48,12,1,14.0,1366,768,112,0,5,0,6,166,8,0,0,4,1024.0,0,6.0,0,62300.0
1497,15,5893,402,1.46,0,1,13.3,1366,768,118,0,3,1,4,166,8,0,0,4,1024.0,0,6.0,0,68999.0
1498,9,1687,156,1.77,12,1,15.6,1920,1080,141,0,3,0,3,233,4,0,0,2,1024.0,0,6.0,0,37980.0
1499,15,7594,402,1.42,14,1,13.3,1920,1080,166,0,7,1,8,166,8,0,0,4,1024.0,0,6.0,0,162999.0
1500,0,4542,110,1.7,12,1,15.6,1920,1080,141,0,3,0,12,160,4,0,0,4,1024.0,0,4.0,0,34000.0
1501,2,7874,461,2.0,0,1,15.6,1920,1080,141,0,1,0,2,130,4,0,0,4,500.0,0,6.0,0,22000.0
1502,15,7362,156,2.2,0,1,15.6,1366,768,100,0,3,0,6,160,4,0,0,4,1024.0,0,6.0,0,39999.0
1503,15,710,156,2.1,12,1,15.6,1920,1080,141,0,3,0,3,129,4,0,0,4,1024.0,0,6.0,0,28990.0
1504,2,4612,377,2.3,12,1,15.6,1920,1080,141,1,7,0,8,212,8,0,0,4,1024.0,0,6.0,0,94500.0
1505,15,7052,402,1.31,14,1,14.0,1920,1080,157,0,5,0,6,235,16,0,0,2,1024.0,0,15.5,0,137900.0
1506,9,5181,0,1.47,0,1,14.0,1366,768,112,0,3,0,6,156,8,0,0,4,1024.0,0,6.0,0,99999.0
1507,15,5877,156,2.2,0,1,15.6,1920,1080,141,0,5,0,6,233,8,0,0,2,1024.0,0,6.5,0,44990.0
1508,6,1272,118,2.34,12,1,15.6,1920,1080,141,0,7,0,12,297,16,0,0,4,1024.0,0,6.0,0,92500.0
1509,9,8081,243,1.52,16,1,14.0,1920,1080,157,0,5,1,8,145,8,0,0,4,1024.0,0,12.0,0,59990.0
1510,15,7058,402,1.55,14,1,14.0,1920,1080,157,0,7,0,8,237,8,0,0,2,1024.0,0,6.0,0,129614.0
1511,2,4980,303,2.3,12,1,15.6,1920,1080,141,0,7,0,12,304,16,0,0,6,1024.0,0,6.0,0,92990.0
1512,2,2539,447,1.8,16,1,16.0,1920,1080,138,0,7,0,12,267,16,0,0,8,1024.0,0,6.0,0,97500.0
1513,2,7243,518,1.15,12,1,14.0,1920,1080,157,0,7,0,8,160,16,0,0,4,1024.0,0,6.0,0,82979.0
1514,15,755,385,1.4,18,1,14.0,1920,1080,157,0,5,0,12,133,8,0,0,4,1024.0,0,6.0,0,85000.0
1515,15,751,385,1.5,14,1,14.0,1920,1080,157,0,3,0,4,160,4,0,0,4,1024.0,0,6.0,0,51400.0
1516,9,1704,232,2.25,12,1,15.6,1920,1080,141,0,7,0,9,206,16,0,0,6,1024.0,0,6.0,0,143696.0
1517,2,5107,305,2.8,12,1,17.3,1920,1080,127,0,7,0,12,217,16,0,0,6,1024.0,0,6.0,0,144988.0
1518,16,4261,44,2.25,16,1,15.6,1920,1080,141,1,7,0,12,255,16,0,0,6,1024.0,0,6.0,0,95000.0
1519,15,712,156,2.1,12,1,15.6,1920,1080,141,0,3,0,3,129,4,0,0,4,1024.0,0,6.0,0,31582.0
1520,15,4353,402,1.77,14,1,14.0,1920,1080,157,0,3,0,4,160,4,0,0,4,500.0,0,6.0,0,48990.0
1521,9,1499,494,2.6,14,1,15.6,1920,1080,141,0,7,0,12,341,16,0,0,4,1024.0,0,6.0,0,203000.0
1522,9,1538,156,1.86,12,1,15.6,1366,768,100,0,2,0,2,118,4,0,0,4,500.0,0,6.0,0,23737.0
1523,15,7597,402,1.29,14,1,13.3,1920,1080,166,0,7,0,8,160,16,0,0,4,1024.0,0,6.0,0,158999.0
1524,2,4673,374,2.2,12,1,15.6,1920,1080,141,1,5,0,6,293,8,0,0,4,1024.0,0,6.0,0,75990.0
1525,15,3308,189,2.3,12,1,15.6,1920,1080,141,0,5,0,12,296,8,0,0,4,1024.0,0,6.0,0,81831.0
1526,2,6450,108,3.0,12,1,14.0,1920,1080,157,0,3,0,4,160,8,0,0,4,1024.0,0,4.0,0,39990.0
1527,6,458,165,1.25,16,1,13.3,1920,1200,170,0,5,0,8,232,16,0,0,2,1024.0,0,11.16,0,74699.0
1528,15,4361,402,1.7,0,1,14.0,1920,1080,157,0,5,0,6,160,8,0,0,4,1024.0,0,6.0,0,59590.0
1529,2,7267,508,1.1,14,1,14.0,1920,1080,157,0,7,0,4,129,16,0,0,4,1024.0,0,12.0,0,84000.0
1530,15,6403,402,1.7,12,1,15.6,3840,2160,282,0,7,0,12,341,16,0,0,4,1024.0,0,6.0,0,247005.0
1531,9,1993,76,2.6,20,1,15.6,1920,1080,141,0,7,1,4,224,8,0,0,4,1024.0,0,6.0,0,87490.0
1532,15,84,159,1.85,12,1,15.6,1920,1080,141,0,5,0,6,234,8,0,0,2,1024.0,0,6.0,0,59994.0
1533,6,3348,165,2.2,12,1,13.3,1920,1080,166,0,7,1,8,160,16,0,0,4,1024.0,0,6.0,0,112990.0
1534,15,492,156,2.1,11,1,14.0,1366,768,112,0,3,0,3,125,4,0,0,4,500.0,0,4.0,0,28000.0
1535,9,1584,156,2.19,11,1,15.6,1366,768,100,0,5,0,3,45,4,0,0,2,1024.0,0,6.0,0,42235.0
1536,2,4289,48,1.47,4,1,14.0,1920,1080,157,0,1,0,12,160,4,0,0,4,1024.0,0,11.0,0,17490.0
1537,2,4295,48,1.8,4,1,15.6,1920,1080,141,0,1,0,4,160,4,0,0,4,1024.0,0,10.0,0,18990.0
1538,0,4518,26,2.4,11,1,15.6,1366,768,100,0,1,0,2,115,2,0,0,4,500.0,0,5.0,0,20990.0
1539,6,802,460,1.66,12,1,14.0,1366,768,112,0,3,0,4,160,8,0,0,4,1024.0,0,6.0,0,39990.0
1540,9,1011,156,1.46,12,1,14.0,1366,768,112,1,4,0,4,4,4,0,0,4,1024.0,0,9.3,0,40407.0
1541,16,4035,218,1.7,16,1,15.6,1920,1080,141,0,3,0,12,160,8,0,0,4,1024.0,0,6.0,0,29990.0
1542,9,929,156,1.43,12,1,14.0,1366,768,112,0,3,0,3,129,8,0,0,4,1024.0,0,6.0,0,73568.0
1543,2,5931,427,1.7,16,1,15.6,1920,1080,141,1,7,0,20,4,16,0,1,4,1024.0,0,6.0,0,49990.0
1544,9,1601,156,2.1,0,1,15.6,1366,768,100,0,3,0,3,125,4,0,0,4,1024.0,0,6.0,0,30750.0
1545,16,4182,216,1.4,16,1,14.0,1920,1080,157,0,5,0,12,155,16,0,0,4,1024.0,0,6.0,0,41500.0
1546,2,4509,452,1.57,16,1,15.6,1920,1080,141,0,1,0,4,115,8,0,1,4,1024.0,0,6.0,0,24990.0
1547,2,5046,302,2.4,12,1,15.6,1920,1080,141,0,7,0,12,209,8,0,0,4,1024.0,0,6.0,0,79990.0
1548,2,4297,48,1.8,4,1,15.6,1920,1080,141,0,1,0,12,160,4,0,0,4,1024.0,0,10.0,0,20990.0
1549,10,1257,207,1.56,12,1,15.6,1920,1080,141,0,3,0,12,160,8,0,0,4,1024.0,0,7.8,0,24279.0
1550,2,4557,427,1.59,12,1,15.6,1920,1080,141,0,5,0,6,160,8,0,0,4,1024.0,0,6.0,0,80110.0
1551,0,3647,30,1.5,12,1,14.0,1920,1080,157,0,5,0,12,160,8,0,0,4,1024.0,0,6.0,0,61999.0
1552,15,2068,143,1.43,16,1,15.0,1920,1080,147,0,3,0,10,160,16,0,0,4,1024.0,0,10.0,0,36990.0
1553,12,5744,156,1.24,16,1,14.0,1920,1080,157,0,5,0,12,155,16,0,0,4,1024.0,0,11.0,0,35990.0
1554,6,1350,168,2.2,7,1,15.6,1366,768,100,1,4,0,1,0,4,0,0,4,500.0,0,5.0,0,19990.0
1555,15,255,154,1.62,16,1,15.0,1920,1080,147,0,7,0,24,160,16,0,0,4,1024.0,0,6.0,0,59990.0
1556,33,4552,156,1.4,11,1,14.0,1366,768,112,0,4,0,2,115,2,0,0,4,1024.0,0,8.5,0,12780.0
1557,9,2009,243,2.2,20,1,15.6,1366,768,100,0,5,0,3,198,4,0,0,2,1024.0,0,6.0,0,46890.0
1558,0,3837,34,1.6,16,1,15.6,1920,1080,141,0,3,0,12,133,8,0,0,4,1024.0,0,6.0,0,29190.0
1559,2,7718,427,1.9,12,1,15.6,1920,1080,141,0,3,0,4,160,4,0,0,4,1024.0,0,6.0,0,32990.0
1560,6,4931,118,2.3,12,1,15.6,1920,1080,141,0,7,0,12,293,16,0,0,4,1024.0,0,6.0,0,98576.0
1561,15,88,159,1.7,16,1,15.6,1920,1080,141,0,3,0,4,160,8,0,1,4,1024.0,0,11.5,0,61490.0
1562,9,1543,243,2.5,20,1,15.6,1366,768,100,0,3,0,3,117,4,0,0,4,500.0,0,6.0,0,34890.0
1563,15,4128,103,2.15,20,1,15.6,1366,768,100,0,3,0,3,119,4,0,0,4,1024.0,0,4.0,0,34590.0
1564,2,2541,447,1.88,16,1,16.0,1920,1200,142,1,5,0,19,85,8,0,0,4,1024.0,0,8.0,0,49990.0
1565,9,1603,156,2.19,11,1,15.6,1366,768,100,0,5,0,3,123,4,0,0,4,1024.0,0,6.0,0,39150.0
1566,2,4563,447,2.14,12,1,15.6,1920,1080,141,0,5,0,8,287,8,0,1,4,1024.0,0,6.0,0,64000.0
1567,12,5741,156,1.58,16,1,15.6,1920,1080,141,0,3,0,12,160,8,0,0,4,1024.0,0,10.0,0,40990.0
1568,9,2594,0,2.4,0,1,14.0,1366,768,112,0,3,0,3,117,4,0,0,4,500.0,0,3.0,0,28500.0
1569,9,1586,243,2.14,0,1,15.6,1366,768,100,1,4,0,4,45,4,0,0,2,500.0,0,6.0,0,28690.0
1570,9,1605,156,2.1,0,1,15.6,1366,768,100,1,4,0,2,41,4,0,0,4,500.0,0,6.0,0,20990.0
1571,2,5261,318,1.6,12,1,14.0,1920,1080,157,1,7,0,16,209,8,0,0,4,1024.0,0,6.0,0,90590.0
1572,12,7956,140,1.78,18,1,16.0,1920,1200,142,0,3,0,10,160,16,0,0,4,1024.0,0,8.0,0,25990.0
1573,9,1606,156,2.19,0,1,15.6,1366,768,100,1,4,0,2,50,4,0,0,2,1024.0,0,6.0,0,32315.0
1574,12,7955,140,1.78,18,1,16.0,1920,1200,142,0,3,0,10,160,16,0,0,4,1024.0,0,8.0,0,24990.0
1575,12,7947,140,1.78,18,1,16.0,1920,1200,142,0,3,0,10,160,8,0,0,4,1024.0,0,8.0,0,23990.0
1576,12,7948,140,1.78,18,1,16.0,1920,1200,142,0,5,0,12,160,16,0,0,4,1024.0,0,8.0,0,29990.0
1577,2,6749,427,1.7,12,1,15.6,1920,1080,141,0,7,0,8,313,8,0,0,2,1024.0,0,6.0,0,161632.0
1578,2,7172,520,1.4,16,1,14.0,2880,1800,243,1,7,0,20,4,16,0,0,4,1024.0,0,6.0,0,69990.0
1579,15,6676,156,1.55,12,1,14.0,1920,1080,157,1,3,0,4,83,8,0,0,4,1024.0,0,6.0,0,52890.0
1580,2,7885,156,2.0,0,1,15.6,1366,768,100,0,5,0,3,360,4,0,0,2,1024.0,0,6.0,0,34990.0
1581,9,8014,243,1.4,11,1,11.6,1366,768,135,0,2,1,2,115,4,0,0,4,500.0,0,6.0,0,33424.0
1582,2,3750,16,2.3,0,1,15.6,1366,768,100,0,3,0,3,125,4,0,0,4,1024.0,0,6.0,0,29000.0
1583,2,7903,461,2.2,0,1,15.6,1366,768,100,0,2,0,2,115,2,0,0,4,500.0,0,6.0,0,30131.0
1584,6,3356,166,1.57,16,1,14.0,1920,1080,157,0,3,1,12,160,8,0,0,4,1024.0,0,6.0,0,56490.0
1585,2,6592,295,2.4,0,1,15.6,1920,1080,141,0,5,0,3,361,4,0,0,2,1024.0,0,4.5,0,41351.0
1586,9,1529,156,2.1,0,1,15.6,1366,768,100,1,4,0,2,43,4,0,0,4,500.0,0,6.0,0,20891.0
1587,9,2001,243,2.2,20,1,15.6,1366,768,100,0,7,0,4,187,8,0,0,2,1024.0,0,6.0,0,62890.0
1588,9,1987,243,2.23,20,1,15.6,1366,768,100,1,4,0,2,30,4,0,0,2,1024.0,0,6.0,0,33990.0
1589,2,7696,447,1.68,12,1,15.6,1920,1080,141,0,5,0,6,123,8,0,0,4,1024.0,0,6.0,0,40780.0
1590,15,2715,162,1.3,11,1,11.6,1366,768,135,0,2,0,2,119,4,0,0,4,500.0,0,4.5,0,30956.0
1591,15,4959,531,2.5,20,1,15.6,1366,768,100,1,4,0,2,384,4,0,0,4,500.0,0,4.0,0,25890.0
1592,9,1577,243,2.3,20,1,15.6,1366,768,100,0,3,0,3,31,4,0,0,2,500.0,0,6.0,0,39390.0
1593,2,3749,16,2.3,11,1,15.6,1366,768,100,0,3,0,3,191,4,0,0,2,1024.0,0,6.0,0,42000.0
1594,9,1597,156,2.1,0,1,15.6,1920,1080,141,0,5,0,3,47,4,0,0,2,1024.0,0,4.0,0,42400.0
1595,2,7773,427,1.7,12,1,15.6,1920,1080,141,0,3,0,4,166,4,0,0,4,1024.0,0,6.0,0,33990.0
1596,9,1187,156,1.47,12,1,14.0,1920,1080,157,0,5,0,6,166,8,0,0,4,1024.0,0,6.0,0,49990.0
1597,9,1579,243,2.2,0,1,15.6,1366,768,100,0,5,0,3,185,4,0,0,2,1024.0,0,6.0,0,41800.0
1598,9,2006,243,2.2,20,1,15.6,1366,768,100,0,3,0,3,186,8,0,0,2,1024.0,0,6.0,0,47390.0
1599,15,3117,189,2.4,12,1,15.6,1920,1080,141,1,5,0,19,209,8,0,0,4,1024.0,0,6.0,1,77990.0
1600,0,3520,26,2.1,7,1,15.6,1366,768,100,1,4,0,1,44,4,0,0,4,1024.0,0,5.5,1,20990.0
1601,6,2836,460,1.59,16,1,14.0,1920,1080,157,1,3,0,4,4,8,0,0,4,1024.0,0,10.0,1,38650.0
1602,2,6602,447,1.5,16,1,14.0,1920,1200,162,1,5,1,19,4,16,0,0,4,1024.0,0,8.0,1,64999.0
1603,16,6526,262,2.2,0,1,15.6,1920,1080,141,0,5,0,6,313,8,0,0,2,1024.0,0,6.0,1,48990.0
1604,15,2487,191,2.45,12,1,16.0,2560,1600,189,1,7,0,16,261,32,0,0,8,1024.0,0,6.0,1,172990.0
1605,16,5402,156,2.4,12,1,15.6,1920,1080,141,0,7,0,12,249,16,0,0,6,1024.0,0,6.0,1,119990.0
1606,6,2725,164,1.7,12,1,11.6,1366,768,135,0,4,1,4,130,4,0,0,4,500.0,0,6.0,1,40944.0
1607,2,7182,506,1.14,16,1,13.3,1920,1080,166,0,7,0,12,155,16,0,0,4,1024.0,0,13.0,1,84990.0
1608,2,4629,377,2.2,16,1,15.6,1920,1080,141,1,7,0,16,266,16,0,1,6,1024.0,0,6.0,1,85990.0
1609,2,6101,156,1.8,12,1,15.6,1920,1080,141,1,5,0,4,86,8,0,0,4,1024.0,0,6.0,1,45490.0
1610,9,8102,243,1.51,16,1,14.0,1920,1080,157,0,3,0,10,160,8,0,0,4,1024.0,0,11.0,1,54490.0
1611,15,3153,471,1.7,12,1,14.0,1920,1080,157,0,5,1,3,129,8,0,0,4,1024.0,0,10.0,1,71175.0
1612,6,817,166,1.72,12,1,14.0,1920,1080,157,0,3,1,6,160,8,0,0,4,1024.0,0,6.0,1,56690.0
1613,2,7249,518,1.29,12,1,14.0,1920,1080,157,0,7,0,12,240,16,0,0,2,1024.0,0,6.0,1,104694.0
1614,15,4425,402,1.7,12,1,15.6,1920,1080,141,0,7,0,12,240,16,0,0,2,1024.0,0,10.8,1,99990.0
1615,18,6986,156,1.25,14,1,13.5,2256,1504,201,0,5,1,3,129,8,0,0,4,1024.0,0,14.0,1,81990.0
1616,2,7259,522,1.62,12,1,14.0,1920,1080,157,0,5,1,8,155,8,0,0,4,1024.0,0,6.0,1,84990.0
1617,0,6505,255,2.9,12,1,17.3,1920,1080,127,0,7,0,12,318,16,0,0,6,1024.0,0,6.0,1,129990.0
1618,0,6531,261,2.6,12,1,15.6,1920,1080,141,0,7,0,6,290,16,0,0,6,1024.0,0,6.0,1,99990.0
1619,9,657,97,1.21,12,1,13.3,1920,1080,166,0,7,0,8,313,8,0,0,2,1024.0,0,6.0,1,94490.0
1620,16,6556,156,1.29,12,1,14.0,1920,1080,157,0,7,0,8,316,16,0,0,2,1024.0,0,6.0,1,93027.0
1621,15,2793,156,2.1,12,1,14.0,1920,1080,157,0,3,0,3,129,4,0,0,4,1024.0,0,5.0,1,29990.0
1622,9,656,97,1.21,12,1,13.3,1920,1080,166,0,7,0,8,166,8,0,0,4,1024.0,0,6.0,1,78378.0
1623,2,7715,447,1.9,12,1,15.6,1920,1080,141,0,3,0,4,160,4,0,0,4,1024.0,0,6.0,1,34150.0
1624,9,1888,423,2.29,16,1,15.6,1920,1080,141,1,5,0,16,209,8,0,0,4,1024.0,0,9.15,1,51990.0
1625,9,1549,245,2.23,12,1,15.6,1920,1080,141,0,5,0,8,255,8,0,0,4,1024.0,0,6.0,1,87152.0
1626,9,2418,423,2.46,16,1,16.1,1920,1080,137,0,5,0,12,209,16,0,1,4,1024.0,0,6.0,1,60695.0
1627,9,8044,249,1.59,12,1,14.0,1920,1080,157,0,3,1,4,234,4,0,0,2,1024.0,0,6.0,1,58990.0
1628,2,7453,424,1.6,16,1,14.0,1920,1080,157,0,3,0,6,160,8,0,0,4,1024.0,0,6.0,1,30100.0
1629,6,1478,463,2.2,12,1,15.6,1920,1080,141,0,7,1,9,205,16,0,0,4,1024.0,0,6.0,1,166599.0
1630,6,3250,168,2.44,11,1,15.6,1920,1080,141,0,5,0,8,209,8,0,0,4,1024.0,0,6.0,1,65990.0
1631,6,3000,168,1.65,16,1,15.6,1920,1080,141,0,3,0,10,160,8,0,0,4,1024.0,0,7.0,1,44090.0
1632,2,5058,310,2.57,12,1,15.6,1920,1080,141,0,7,0,12,249,16,0,0,6,1024.0,0,6.0,1,139990.0
1633,0,6805,362,1.2,12,1,14.0,1920,1080,157,1,5,0,12,4,8,0,0,4,1024.0,0,12.5,1,59990.0
1634,2,7512,427,1.7,16,1,15.6,1920,1080,141,0,5,0,18,155,16,0,0,4,1024.0,0,6.0,1,61990.0
1635,2,7521,427,1.7,15,1,15.6,1920,1080,141,0,3,0,12,160,8,0,0,4,1024.0,0,8.0,1,36382.0
1636,15,2031,152,1.58,16,1,15.6,1920,1080,141,1,5,0,4,13,8,0,0,4,1024.0,0,6.0,1,36990.0
1637,2,6770,443,1.7,16,1,15.6,2880,1620,212,0,5,0,18,155,16,0,0,4,1024.0,0,8.0,1,83869.0
1638,6,2901,168,1.8,16,1,15.6,1920,1080,141,0,3,0,12,133,8,0,0,4,1024.0,0,6.0,1,45290.0
1639,2,6709,443,1.8,16,1,15.6,1920,1080,141,0,5,0,8,155,16,0,0,4,1024.0,0,6.0,1,63999.0
1640,0,6870,341,1.6,12,1,13.3,1920,1080,166,0,3,1,3,123,4,0,0,4,1024.0,0,10.0,1,51999.0
1641,15,3130,189,2.4,12,1,15.6,1920,1080,141,0,7,0,24,255,16,0,0,4,1024.0,0,8.9,1,94990.0
1642,9,2357,156,1.69,16,1,15.6,1920,1080,141,0,5,0,12,155,8,0,0,4,1024.0,0,6.0,1,61990.0
1643,9,2363,156,1.69,16,1,15.6,1920,1080,141,0,5,0,12,155,8,0,0,4,1024.0,0,7.3,1,44990.0
1644,15,7350,156,2.1,12,1,15.6,1366,768,100,1,4,0,12,43,4,0,0,4,1024.0,0,5.0,1,21990.0
1645,2,7605,424,1.6,12,1,14.1,1920,1080,156,0,3,0,4,160,4,0,0,4,1024.0,0,6.0,1,32368.0
1646,15,4389,402,1.69,0,1,14.0,1920,1080,157,1,5,0,16,4,8,0,0,4,1024.0,0,6.0,1,50000.0
1647,0,3512,28,2.2,16,1,14.0,1366,768,112,0,2,0,12,133,8,0,0,4,1024.0,0,6.0,1,22100.0
1648,15,3304,189,2.03,12,1,15.6,1920,1080,141,0,7,0,12,318,16,0,0,6,1024.0,0,6.0,1,122800.0
1649,0,3924,225,2.7,12,1,15.6,1920,1080,141,0,5,0,8,206,8,0,0,6,1024.0,0,7.0,1,74990.0
1650,2,7255,509,1.5,12,1,14.0,1920,1080,157,0,7,0,8,315,16,0,0,2,1024.0,0,6.0,1,107111.0
1651,9,1988,156,1.59,16,1,15.6,1920,1080,141,0,5,0,12,155,8,0,1,4,1024.0,0,6.0,1,53940.0
1652,2,5014,303,2.3,12,1,15.6,1920,1080,141,1,4,0,16,259,16,0,0,6,1024.0,0,6.0,1,129999.0
1653,9,1989,156,1.59,16,1,15.6,1920,1080,141,0,5,0,12,155,16,0,0,4,1024.0,0,6.0,1,63280.0
1654,2,883,435,2.2,16,1,14.0,2880,1800,243,1,5,0,12,24,8,0,0,4,1024.0,0,6.0,1,57490.0
1655,2,6359,424,1.39,16,1,14.0,2880,1800,243,0,7,0,18,141,16,0,0,4,1024.0,0,18.0,1,104990.0
1656,6,1390,168,2.2,12,1,15.6,1366,768,100,1,3,0,5,83,4,0,0,4,1024.0,0,4.0,1,30591.0
1657,2,7191,506,1.19,12,1,13.3,1920,1080,166,0,7,0,8,166,8,0,0,4,1024.0,0,14.0,1,82990.0
1658,2,7181,506,1.14,12,1,13.3,1920,1080,166,0,7,0,12,155,16,0,0,4,1024.0,0,6.0,1,89400.0
1659,0,3920,225,2.7,12,1,15.6,1920,1080,141,0,7,0,6,201,8,0,0,2,1024.0,0,7.0,1,69999.0
1660,15,2817,156,1.87,12,1,15.6,1920,1080,141,0,5,0,6,11,4,0,1,2,1024.0,0,6.0,1,54990.0
1661,15,1261,385,1.7,16,1,15.6,1920,1080,141,1,5,0,8,4,8,0,1,4,1024.0,0,7.5,1,56990.0
1662,9,1238,156,1.49,16,1,14.0,1920,1080,157,0,3,0,6,160,8,0,1,4,1024.0,0,6.0,1,37800.0
1663,6,3027,168,2.1,12,1,15.6,1920,1080,141,0,5,0,4,160,4,0,0,4,1024.0,0,6.0,1,50990.0
1664,0,3690,30,1.8,12,1,15.6,1920,1080,141,0,5,0,6,237,8,0,0,2,1024.0,0,6.0,1,64999.0
1665,2,1484,433,1.8,16,1,15.6,1920,1080,141,1,5,0,4,4,16,0,1,4,1024.0,0,8.0,1,42999.0
1666,2,6082,447,1.6,12,1,14.0,1920,1080,157,1,3,0,4,4,8,0,0,4,1024.0,0,6.0,1,27490.0
1667,6,3253,168,1.64,16,1,15.6,1920,1080,141,0,5,0,8,155,16,0,0,4,1024.0,0,6.0,1,44999.0
1668,2,7192,506,1.19,12,1,13.3,1920,1080,166,0,5,0,6,166,8,0,0,4,1024.0,0,14.0,1,73490.0
1669,6,2923,168,1.8,16,1,15.6,1920,1080,141,1,5,0,4,4,8,0,0,4,1024.0,0,6.0,1,50090.0
1670,9,897,243,1.41,16,1,14.0,1920,1080,157,1,7,0,16,4,16,0,0,4,1024.0,0,6.0,1,74104.0
1671,2,5005,301,2.1,12,1,15.6,1920,1080,141,1,4,0,16,256,16,0,0,4,1024.0,0,6.0,1,117990.0
1672,2,7089,431,1.5,12,1,14.0,1920,1080,157,1,7,0,8,4,8,0,0,4,1024.0,0,6.0,1,69990.0
1673,9,682,244,0.97,12,1,13.3,1920,1080,166,1,5,0,16,4,16,0,1,4,1024.0,0,10.0,1,65400.0
1674,9,5173,8,1.47,16,1,14.0,1366,768,112,1,5,0,4,4,8,0,0,4,1024.0,0,4.0,1,29990.0
1675,9,8083,243,1.52,12,1,14.0,1920,1080,157,0,7,1,12,141,16,0,0,4,1024.0,0,12.0,1,100321.0
1676,15,2152,156,1.6,16,1,15.6,1920,1080,141,0,3,0,12,160,8,0,1,4,1024.0,0,7.0,1,36990.0
1677,12,7980,163,1.8,16,1,15.6,1920,1080,141,0,9,0,12,155,32,0,0,4,1024.0,0,10.0,1,81978.0
1678,2,1485,433,1.63,16,1,15.6,1920,1080,141,1,5,0,4,4,16,0,0,4,1024.0,0,6.0,1,40990.0
1679,15,699,156,2.1,12,1,15.6,1366,768,100,1,4,0,1,41,4,0,0,4,1024.0,0,5.0,1,20390.0
1680,15,7427,156,1.7,0,1,15.0,1920,1080,147,0,3,0,6,160,4,0,0,4,1024.0,0,6.0,1,33990.0
1681,15,1023,147,1.55,16,1,14.0,1920,1200,162,1,5,1,16,4,16,0,0,4,1024.0,0,10.0,1,60490.0
1682,0,3682,30,1.8,12,1,15.6,1920,1080,141,0,3,0,4,166,4,0,0,4,1024.0,0,8.0,1,34990.0
1683,16,4204,216,1.4,16,1,14.0,1920,1080,157,0,3,0,12,160,8,0,0,4,1024.0,0,6.0,1,34214.0
1684,15,6910,156,1.41,16,1,14.0,1920,1080,157,0,3,0,6,168,8,0,0,4,1024.0,0,12.0,1,34990.0
1685,0,6491,156,2.3,12,1,15.6,2560,1440,188,0,7,0,24,259,16,0,0,6,1024.0,0,6.0,1,134990.0
1686,15,7402,156,1.7,16,1,15.6,1920,1080,141,1,5,0,12,4,8,0,0,4,1024.0,0,6.0,1,37798.0
1687,2,7241,518,1.19,12,1,14.0,1920,1080,157,0,5,0,6,166,8,0,0,4,1024.0,0,6.0,1,56999.0
1688,0,3656,30,1.45,12,1,14.0,1920,1080,157,0,5,0,8,155,8,0,0,4,1024.0,0,6.0,1,41400.0
1689,6,846,166,1.86,12,1,14.0,1920,1080,157,0,3,0,4,160,4,0,0,4,1024.0,0,6.0,1,57390.0
1690,0,6816,362,1.56,12,1,14.0,1366,768,112,0,5,0,6,166,4,0,0,4,1024.0,0,10.0,1,43999.0
1691,9,5189,13,1.74,16,1,15.6,1920,1080,141,1,5,0,8,4,8,0,0,4,1024.0,0,6.0,1,30400.0
1692,15,7393,156,1.7,16,1,15.6,1920,1080,141,0,5,0,8,155,8,0,0,4,1024.0,0,5.5,1,42990.0
1693,9,1933,156,1.75,16,1,15.6,1920,1080,141,1,5,0,4,4,16,0,0,4,1024.0,0,11.0,1,51669.0
1694,6,2914,168,1.8,15,1,15.6,1920,1080,141,0,5,0,12,160,16,0,0,4,1024.0,0,6.0,1,49250.0
1695,2,5048,302,2.4,12,1,15.6,1920,1080,141,0,5,0,8,209,8,0,0,4,1024.0,0,6.0,1,69770.0
1696,0,3910,225,2.5,16,1,15.6,1920,1080,141,1,5,0,12,255,8,0,0,4,1024.0,0,6.0,1,57590.0
1697,15,5583,156,2.25,15,1,15.6,1920,1080,141,1,7,0,12,259,16,0,0,6,1024.0,0,7.0,1,83311.0
1698,6,2981,168,1.68,16,1,15.6,1920,1080,141,1,5,0,16,4,8,0,0,4,1024.0,0,6.0,1,55490.0
1699,6,768,460,1.58,12,1,14.0,1920,1080,157,0,3,0,6,160,4,0,0,4,1024.0,0,10.0,1,45890.0
1700,15,2110,180,2.4,16,1,15.6,1920,1080,141,0,5,0,12,266,16,0,0,6,1024.0,0,5.32,1,76990.0
1701,6,601,165,1.23,12,1,13.3,1920,1080,166,0,5,0,8,155,8,0,0,4,1024.0,0,6.0,1,64344.0
1702,2,5116,305,2.4,16,1,17.3,1920,1080,127,1,7,0,12,255,8,0,0,4,1024.0,0,8.0,1,85990.0
1703,2,7825,427,1.92,16,1,15.6,1920,1080,141,0,5,0,12,133,8,0,0,4,1024.0,0,3.0,1,43500.0
1704,15,5572,156,2.25,15,1,15.6,1920,1080,141,0,5,0,8,255,8,0,0,4,1024.0,0,4.5,1,67559.0
1705,6,1409,168,1.71,12,1,15.6,1920,1080,141,0,7,0,8,238,8,0,0,2,1024.0,0,6.0,1,90950.0
1706,0,3782,31,2.1,16,1,15.6,1920,1080,141,0,5,0,12,222,8,0,0,4,1024.0,0,6.0,1,61414.0
1707,0,6794,38,1.25,11,1,12.0,2160,1440,216,0,3,1,3,123,4,0,0,4,1024.0,0,8.0,1,50990.0
1708,15,7432,156,2.2,1,1,15.6,1920,1080,141,0,1,0,12,160,4,0,0,4,1024.0,0,6.0,1,23949.0
1709,2,2546,447,1.8,16,1,16.0,1920,1200,142,1,7,0,16,85,16,0,0,4,1024.0,0,6.0,1,69490.0
1710,2,4716,380,2.2,15,1,15.6,1920,1080,141,0,5,0,12,209,16,0,0,4,1024.0,0,6.0,1,76900.0
1711,15,7348,156,2.1,0,1,15.6,1366,768,100,1,4,0,1,43,4,0,0,4,1024.0,0,6.0,1,22990.0
1712,2,4774,375,2.0,16,1,15.6,2560,1440,188,0,7,0,24,261,16,0,0,8,1024.0,0,8.0,1,103817.0
1713,9,675,97,1.3,12,1,13.3,1920,1080,166,0,5,0,12,240,16,0,1,2,1024.0,0,6.0,1,81999.0
1714,15,4476,156,2.2,12,1,14.0,1366,768,112,1,4,0,1,44,4,0,0,4,1024.0,0,4.0,1,27490.0
1715,13,2551,532,2.25,16,1,16.0,2560,1600,189,0,7,0,18,155,16,0,0,4,1024.0,0,6.0,1,132321.0
1716,2,6720,441,1.3,12,1,14.0,1920,1080,157,0,7,0,8,166,8,0,0,4,1024.0,0,6.0,1,81990.0
1717,15,4236,156,1.65,12,1,14.0,1920,1080,157,0,3,1,4,166,8,0,0,4,1024.0,0,6.0,1,71290.0
1718,16,5335,156,1.86,12,1,15.6,1920,1080,141,0,7,0,8,201,8,0,0,4,1024.0,0,6.0,1,89990.0
1719,15,1260,402,1.7,16,1,15.6,1920,1080,141,1,5,0,8,4,16,0,0,4,1024.0,0,7.5,1,57990.0
1720,9,651,97,1.32,12,1,13.3,1920,1080,166,0,5,1,6,129,8,0,0,4,1024.0,0,6.0,1,77995.0
1721,15,7066,385,1.5,12,1,14.0,1920,1080,157,0,7,1,12,155,16,0,0,4,1024.0,0,6.0,1,84990.0
1722,1,6158,204,1.83,24,1,15.4,2880,1800,221,0,7,0,9,382,16,0,0,4,1024.0,0,10.0,1,187990.0
1723,15,2037,180,2.4,16,1,15.6,1920,1080,141,1,7,0,16,255,16,0,0,6,1024.0,0,9.5,1,75990.0
1724,13,1157,532,1.9,16,1,14.0,1920,1200,162,0,7,0,18,155,16,0,0,4,1024.0,0,6.0,1,149000.0
1725,0,3592,28,1.7,16,1,15.6,1920,1080,141,0,3,0,6,160,4,0,0,4,1024.0,0,9.0,1,31990.0
1726,6,811,460,1.4,12,1,14.0,1920,1080,157,0,5,0,8,160,8,0,0,4,1024.0,0,6.0,1,61531.0
1727,8,4951,156,2.08,16,1,15.6,1920,1080,141,0,7,0,12,266,16,0,0,6,1024.0,0,6.0,1,148500.0
1728,9,2243,156,2.5,12,1,15.6,1920,1080,141,0,5,0,6,234,8,0,1,2,1024.0,0,6.0,1,63990.0
1729,9,1641,156,2.1,12,1,15.6,1366,768,100,1,4,0,1,41,4,0,0,4,500.0,0,6.0,1,22790.0
1730,9,1931,156,1.59,16,1,15.6,1920,1080,141,1,5,0,4,4,8,0,1,4,1024.0,0,6.0,1,38080.0
1731,15,4432,402,1.7,12,1,15.6,1920,1080,141,0,5,0,8,155,16,0,0,4,1024.0,0,6.0,1,77990.0
1732,15,2674,156,1.7,12,1,15.6,1366,768,100,0,1,0,4,161,4,0,0,4,1024.0,0,14.0,1,25990.0
1733,2,6143,436,1.45,12,1,14.0,2880,1800,243,1,4,0,20,255,8,0,0,4,1024.0,0,12.0,1,101990.0
1734,6,2898,168,1.8,16,1,15.6,1920,1080,141,0,5,0,8,178,8,0,0,2,1024.0,0,7.0,1,65290.0
1735,6,3349,166,1.56,16,1,14.0,1920,1080,157,1,5,1,8,4,8,0,0,4,1024.0,0,12.0,1,71190.0
1736,9,1225,156,1.46,12,1,14.0,1920,1080,157,0,7,0,8,146,8,0,1,4,1024.0,0,6.0,1,71426.0
1737,2,6320,437,1.65,16,1,15.6,1920,1080,141,1,5,0,19,255,16,0,1,4,1024.0,0,6.0,1,73500.0
1738,15,3173,156,1.7,12,1,14.0,1920,1080,157,0,5,0,3,129,8,0,0,4,1024.0,0,4.0,1,62116.0
1739,15,3172,156,2.2,12,1,15.6,1366,768,100,0,5,0,3,200,16,0,0,4,2048.0,0,6.0,1,76390.0
1740,18,6990,156,1.25,12,1,13.5,2256,1504,201,0,5,1,6,166,8,0,0,4,1024.0,0,14.0,1,91999.0
1741,15,3118,189,2.4,16,1,15.6,1920,1080,141,1,7,0,20,255,16,0,0,4,1024.0,0,9.29,1,118499.0
1742,25,2588,126,1.16,16,1,13.3,1920,1080,166,0,7,1,12,155,16,0,0,4,1024.0,0,22.0,1,105990.0
1743,6,1457,168,2.0,12,1,15.6,1920,1080,141,0,5,0,6,284,8,0,0,2,1024.0,0,6.0,1,75990.0
1744,12,5741,156,1.58,16,1,15.6,1920,1080,141,0,7,0,12,155,16,0,0,4,1024.0,0,10.0,1,57990.0
1745,6,784,460,1.59,12,1,14.0,1366,768,112,1,3,0,5,4,4,0,0,4,1024.0,0,10.0,1,31490.0
1746,6,1286,168,1.83,12,1,15.6,1920,1080,141,0,3,0,4,160,8,0,0,4,1024.0,0,7.0,1,40990.0
1747,9,2447,423,2.29,16,1,16.1,1920,1080,137,1,7,0,16,255,16,0,0,6,1024.0,0,6.0,1,78990.0
1748,2,4823,382,2.6,16,1,17.3,1920,1080,127,0,7,0,24,259,16,0,0,6,1024.0,0,10.0,1,109990.0
1749,15,4351,402,1.69,0,1,14.0,1920,1080,157,0,3,0,4,160,4,0,0,4,1024.0,0,6.0,1,53721.0
1750,2,5056,302,2.4,12,1,15.6,1920,1080,141,0,5,0,8,217,16,0,0,6,1024.0,0,6.0,1,94990.0
1751,25,2588,126,1.16,16,1,13.3,1920,1080,166,0,5,1,12,155,16,0,0,4,1024.0,0,6.0,1,79900.0
1752,15,6937,156,1.4,16,1,14.0,1920,1200,162,1,5,0,16,4,16,0,1,4,1024.0,0,12.0,1,60999.0
1753,9,1545,243,2.23,12,1,15.6,1920,1080,141,0,7,0,12,209,16,0,1,4,1024.0,0,6.0,1,80990.0
1754,9,2220,156,1.86,12,1,15.6,1920,1080,141,1,4,0,1,44,8,0,0,4,1024.0,0,6.0,1,26990.0
1755,0,6867,340,2.3,11,1,15.6,1366,768,100,0,3,1,3,123,4,0,0,4,500.0,0,9.0,1,36990.0
1756,15,4345,402,1.77,12,1,14.0,1920,1080,157,0,5,0,6,160,8,0,0,4,1024.0,0,6.0,1,67305.0
1757,15,6921,156,1.62,16,1,15.6,1920,1080,141,0,3,0,10,160,8,0,0,4,1024.0,0,12.0,1,36775.0
1758,2,7762,427,3.0,16,1,15.6,1920,1080,141,1,3,0,12,1,8,0,0,4,1024.0,0,6.0,1,36080.0
1759,8,4941,156,2.03,16,1,15.6,1920,1080,141,0,5,0,12,255,16,0,0,4,1024.0,0,6.0,1,73990.0
1760,15,4374,402,1.69,12,1,14.0,1920,1080,157,0,5,0,6,160,8,0,0,4,1024.0,0,6.0,1,59490.0
1761,9,677,243,1.24,12,1,13.3,1920,1080,166,0,7,0,12,154,16,0,0,4,1024.0,0,6.0,1,92990.0
1762,6,1441,168,1.6,11,1,15.6,1920,1080,141,0,7,1,4,123,8,0,0,4,1024.0,0,7.0,1,76177.0
1763,15,1030,147,1.55,16,1,14.0,1920,1200,162,1,7,1,12,4,16,0,1,4,1024.0,0,9.0,1,64990.0
1764,6,1324,168,1.85,12,1,15.6,1920,1080,141,0,3,0,4,160,8,0,0,4,1024.0,0,6.0,1,43612.0
1765,9,8084,243,1.52,16,1,14.0,1920,1080,157,0,7,1,12,155,16,0,0,4,1024.0,0,12.0,1,68999.0
1766,16,4078,218,1.7,16,1,15.6,1920,1080,141,0,7,0,12,155,16,0,0,4,1024.0,0,6.0,1,62190.0
1767,2,6351,518,1.39,16,1,14.0,2880,1800,243,0,5,0,12,133,16,0,0,4,1024.0,0,8.0,1,74990.0
1768,2,4573,432,2.14,12,1,15.6,1920,1080,141,0,7,0,16,209,16,0,0,4,1024.0,0,6.0,1,68990.0
1769,16,4079,218,1.7,16,1,15.6,1920,1080,141,0,5,0,12,155,16,0,0,4,1024.0,0,6.0,1,42999.0
1770,2,5265,318,1.6,12,1,14.0,1920,1080,157,1,7,0,20,209,16,0,0,4,1024.0,0,9.0,1,79990.0
1771,15,1266,385,1.6,18,1,15.6,1920,1080,141,1,7,0,12,4,16,0,0,4,1024.0,0,8.0,1,57400.0
1772,15,4237,156,1.65,12,1,14.0,1920,1080,157,0,3,1,4,160,4,0,0,4,1024.0,0,6.0,1,44990.0
1773,2,4793,380,2.2,16,1,15.6,1920,1080,141,0,7,0,24,255,16,0,0,4,1024.0,0,6.0,1,85999.0
1774,2,7266,522,1.62,16,1,14.0,1920,1080,157,0,7,1,12,240,16,0,0,2,1024.0,0,6.0,1,104990.0
1775,9,6538,243,1.4,16,1,14.0,2240,1400,189,0,5,0,12,155,16,0,0,4,1024.0,0,6.0,1,80990.0
1776,15,3159,156,2.2,12,1,15.6,1920,1080,141,0,5,0,3,200,8,0,0,4,1024.0,0,6.0,1,64715.0
1777,2,6340,518,1.35,16,1,14.0,2880,1800,243,1,5,0,12,4,16,0,0,4,1024.0,0,6.0,1,69990.0
1778,9,923,243,1.6,12,1,14.0,1920,1080,157,0,5,0,6,235,8,0,0,2,1024.0,0,6.0,1,59990.0
1779,6,1437,168,2.2,12,1,15.6,1920,1080,141,0,3,0,4,166,4,0,1,4,1024.0,0,6.0,1,41990.0
1780,15,114,158,2.2,12,1,15.6,1920,1080,141,0,5,0,8,293,8,0,0,4,1024.0,0,6.0,1,63990.0
1781,6,1334,168,1.8,12,1,15.6,1920,1080,141,0,3,0,4,160,8,0,0,4,1024.0,0,6.0,1,40490.0
1782,16,562,122,1.86,16,1,15.6,1920,1080,141,0,5,0,12,134,8,0,0,4,1024.0,0,6.0,1,59990.0
1783,6,3192,166,1.5,16,1,14.0,1920,1080,157,0,5,1,8,155,8,0,0,4,1024.0,0,6.0,1,72547.0
1784,0,6820,362,1.2,12,1,14.0,1920,1080,157,0,5,0,8,155,16,0,0,4,1024.0,0,13.0,1,65999.0
1785,6,1432,168,1.8,12,1,15.6,1920,1080,141,0,7,0,4,6,8,0,0,4,2048.0,0,6.0,1,68990.0
1786,15,7926,189,2.3,12,1,15.6,1920,1080,141,0,7,0,9,201,8,0,0,4,1024.0,0,6.0,1,76990.0
1787,15,7946,479,0.69,12,1,10.1,1920,1080,218,0,4,1,2,116,4,0,0,4,1024.0,0,6.0,1,50000.0
1788,6,813,166,1.72,12,1,14.0,1920,1080,157,0,3,1,6,160,4,0,0,4,1024.0,0,6.0,1,54890.0
1789,0,4285,48,1.37,3,1,13.5,2256,1504,201,0,5,1,12,160,8,0,0,4,1024.0,0,6.0,1,105000.0
1790,9,934,48,1.68,3,1,14.0,1920,1080,157,0,5,1,6,166,8,0,0,4,1024.0,0,11.0,1,51990.0
1791,6,1430,168,2.6,12,1,15.6,1920,1080,141,0,7,0,8,8,8,0,0,4,2048.0,0,6.0,1,74990.0
1792,0,3918,225,2.7,12,1,15.6,1920,1080,141,0,7,0,6,201,8,0,0,4,1024.0,0,6.0,1,80118.0
1793,15,7419,156,1.65,0,1,15.6,1920,1080,141,1,3,0,12,4,8,0,0,4,1024.0,0,8.7,1,25999.0
1794,15,2728,156,2.2,12,1,15.6,1366,768,100,0,3,0,3,123,4,0,0,4,2048.0,0,5.0,1,37498.0
1795,15,700,156,2.1,0,1,15.6,1366,768,100,1,4,0,1,43,4,0,0,4,1024.0,0,5.0,1,17990.0
1796,0,6795,38,1.25,12,1,12.0,2160,1440,216,0,5,1,3,123,4,0,0,4,1024.0,0,8.0,1,41990.0
1797,6,2827,460,1.59,15,1,14.0,1920,1080,157,0,5,0,8,133,8,0,0,4,1024.0,0,6.0,1,55000.0
1798,2,4670,374,2.3,12,1,15.6,1920,1080,141,0,7,0,9,206,8,0,0,6,1024.0,0,6.0,1,111990.0
1799,2,4620,377,2.3,16,1,15.6,1920,1080,141,1,5,0,19,255,16,0,0,4,1024.0,0,6.0,1,61988.0
1800,2,4596,377,2.3,16,1,15.6,1920,1080,141,1,7,0,20,248,16,0,0,4,1024.0,0,6.0,1,60990.0
1801,2,5363,301,2.6,12,1,15.6,1920,1080,141,0,5,0,8,205,8,0,0,4,1024.0,0,6.0,1,85990.0
1802,2,7659,424,1.6,16,1,14.0,1920,1080,157,0,5,0,8,155,8,0,0,4,1024.0,0,6.0,1,45990.0
1803,2,864,433,1.38,16,1,14.0,1920,1080,157,0,3,0,6,160,8,0,0,4,1024.0,0,6.0,1,34990.0
1804,2,7738,156,1.9,12,1,15.6,1920,1080,141,0,3,0,4,160,4,0,0,4,1024.0,0,6.0,1,36990.0
1805,12,7950,140,1.78,18,1,16.0,1920,1200,142,0,3,0,10,160,8,0,0,4,1024.0,0,8.0,1,23990.0
1806,12,5741,156,1.58,16,1,15.6,1920,1080,141,0,5,0,12,155,16,0,0,4,1024.0,0,10.0,1,56990.0
1807,12,5746,141,1.78,16,1,16.0,1920,1200,142,0,3,0,10,155,16,0,0,4,1024.0,0,8.0,1,32990.0
1808,12,5743,156,1.24,16,1,14.0,1920,1080,157,0,3,0,12,160,8,0,0,4,1024.0,0,11.0,1,29750.0
1809,12,5741,156,1.58,16,1,15.6,1920,1080,141,0,5,0,12,155,8,0,0,4,1024.0,0,10.0,1,45477.0
1810,15,6681,156,1.6,12,1,14.0,1920,1080,157,0,3,0,4,160,8,0,0,4,1024.0,0,6.0,1,40990.0
1811,15,1066,142,1.3,16,1,14.0,1366,768,112,0,1,0,4,161,8,0,0,4,1024.0,0,6.0,1,24980.0
1812,9,1951,156,1.59,16,1,15.6,1920,1080,141,0,5,0,12,155,8,0,0,4,1024.0,0,6.0,1,46490.0
1813,9,2364,156,1.69,16,1,15.6,1920,1080,141,0,5,0,12,155,8,0,0,4,1024.0,0,6.0,1,44999.0
1814,6,2970,460,1.62,16,1,15.6,1920,1080,141,0,3,0,10,133,8,0,0,4,1024.0,0,6.0,1,33990.0
1815,15,1079,155,1.48,16,1,14.0,1920,1200,162,0,4,0,18,107,16,0,0,4,1024.0,0,6.0,1,69990.0
1816,16,563,122,1.86,16,1,15.6,1920,1080,141,0,5,0,12,111,16,0,0,4,1024.0,0,6.0,1,41999.0
1817,16,594,122,1.86,16,1,15.6,1920,1080,141,0,7,0,12,266,16,0,0,6,1024.0,0,6.0,1,74999.0
1818,2,7684,424,1.5,16,1,14.0,1920,1080,157,0,2,0,4,144,4,0,0,4,1024.0,0,6.0,1,17990.0
1819,2,7847,427,1.8,16,1,15.6,1920,1080,141,0,7,0,8,147,16,0,0,4,1024.0,0,6.0,1,57990.0
1820,2,4694,380,2.3,16,1,15.6,1920,1080,141,0,7,0,24,256,16,0,0,4,1024.0,0,6.0,1,71900.0
1821,0,3856,34,1.7,16,1,15.6,1920,1080,141,0,5,0,12,160,16,0,0,4,1024.0,0,6.0,1,51990.0
1822,9,1952,156,1.69,16,1,15.6,1920,1080,141,0,5,0,12,155,16,0,1,4,1024.0,0,6.0,1,49300.0
1823,9,1921,423,2.37,16,1,15.6,1920,1080,141,1,5,0,16,248,8,0,0,4,1024.0,0,6.0,1,75142.0
1824,2,4698,380,2.3,16,1,15.6,1920,1080,141,0,5,0,12,248,16,0,0,4,1024.0,0,6.0,1,56990.0
1825,9,1920,423,2.37,16,1,15.6,1920,1080,141,1,5,0,12,248,8,0,0,4,1024.0,0,6.0,1,68000.0
1826,6,2995,168,1.62,16,1,15.6,1920,1080,141,0,5,0,12,160,8,0,0,4,1024.0,0,6.0,1,36990.0
1827,2,7515,427,1.7,16,1,15.6,1920,1080,141,0,7,0,24,160,16,0,0,4,1024.0,0,6.0,1,64990.0
1828,15,2509,155,1.89,16,1,16.0,1920,1200,142,0,7,0,24,155,16,0,0,4,1024.0,0,7.0,1,79999.0
1829,2,4584,377,2.3,16,1,15.6,1920,1080,141,1,7,0,12,255,16,0,0,4,1024.0,0,6.0,1,75990.0
1830,16,597,122,1.86,16,1,15.6,1920,1080,141,0,7,0,12,266,16,0,0,6,1024.0,0,6.0,1,90990.0
1831,2,5933,429,1.88,16,1,16.0,1920,1200,142,1,5,0,19,4,16,0,0,4,1024.0,0,6.0,1,44999.0
1832,2,7461,424,1.5,16,1,14.0,1920,1080,157,0,5,0,10,168,8,0,0,4,1024.0,0,6.0,1,56990.0
1833,16,537,122,1.86,16,1,15.6,1920,1080,141,0,5,0,12,248,16,0,0,4,1024.0,0,6.0,1,46999.0
1834,2,6134,437,1.8,16,1,15.6,1920,1080,141,1,7,0,20,248,16,0,0,4,1024.0,0,6.0,1,55990.0
1835,24,5750,156,1.0,6,1,11.6,1366,768,135,3,4,0,2,173,4,0,0,4,1024.0,0,8.0,1,16499.0
1836,15,179,158,2.32,16,1,15.6,1920,1080,141,0,5,0,12,255,16,0,0,4,1024.0,0,7.0,1,113290.0
1837,15,1065,152,1.3,16,1,14.0,1920,1080,157,0,1,0,4,161,8,0,0,4,1024.0,0,9.0,1,25450.0
1838,12,7951,140,1.78,18,1,16.0,1920,1200,142,0,5,0,12,160,16,0,0,4,1024.0,0,8.0,1,29990.0
1839,15,7383,156,1.85,12,1,15.6,1920,1080,141,1,4,0,4,4,4,0,0,4,1024.0,0,6.0,1,26812.0
1840,2,7896,156,1.9,12,1,15.0,1920,1080,147,0,3,0,4,166,4,0,0,4,1024.0,0,6.0,1,30990.0
1841,2,4697,380,2.3,16,1,15.6,1920,1080,141,0,5,0,12,248,8,0,0,4,1024.0,0,6.0,1,52500.0
1842,6,2961,168,1.65,18,1,15.6,1920,1080,141,0,3,0,6,133,8,0,0,4,1024.0,0,4.0,1,30680.0
1843,9,410,14,1.52,2,1,15.6,1366,768,100,1,3,0,4,4,8,0,0,4,1024.0,0,6.0,1,25799.0
1844,15,6884,156,1.58,16,1,15.6,1920,1080,141,1,3,0,6,13,8,0,0,4,1024.0,0,9.86,1,31990.0
1845,15,2067,143,1.63,16,1,15.6,1920,1080,141,0,3,0,10,160,8,0,0,4,1024.0,0,5.0,1,35990.0
1846,2,7568,429,1.68,16,1,16.0,1920,1200,142,0,9,0,24,155,16,0,0,4,1024.0,0,6.0,1,79980.0
1847,2,7818,427,1.8,16,1,15.6,1920,1080,141,0,5,1,8,155,8,0,0,4,1024.0,0,6.0,1,53990.0
1848,2,7463,424,1.5,16,1,14.0,1920,1080,157,0,3,1,12,160,8,0,0,4,1024.0,0,6.0,1,35990.0
1849,2,4812,374,2.6,12,1,17.3,1920,1080,127,0,7,0,24,255,16,0,0,4,1024.0,0,6.0,1,94990.0
1850,2,7639,445,1.4,12,1,14.0,1920,1080,157,0,5,0,6,160,8,0,0,4,1024.0,0,6.0,1,58990.0
1851,16,4304,156,2.3,0,1,15.6,1920,1080,141,0,7,0,4,283,4,0,0,2,1024.0,0,5.0,1,53990.0
1852,15,1053,143,1.43,16,1,14.0,1920,1080,157,0,3,0,10,160,16,0,0,4,1024.0,0,6.0,1,35865.0
1853,2,7768,427,1.68,12,1,15.6,1920,1080,141,1,5,0,6,86,8,0,0,4,1024.0,0,6.0,1,42999.0
1854,9,1844,423,2.29,16,1,15.6,1920,1080,141,0,5,0,12,255,16,0,1,4,1024.0,0,6.0,1,66999.0
1855,18,7015,156,0.78,14,1,12.3,2736,1824,267,0,5,1,3,123,8,0,0,4,1024.0,0,9.0,1,99990.0
1856,2,7147,379,2.6,12,1,17.3,1920,1080,127,1,7,0,12,217,16,0,0,6,1024.0,0,7.0,1,202639.0
1857,18,7014,156,0.78,14,1,12.3,2736,1824,267,0,7,1,4,159,8,0,0,4,1024.0,0,9.0,1,116999.0
1858,16,569,122,1.86,16,1,15.6,1920,1080,141,0,5,0,12,255,16,0,0,4,1024.0,0,6.0,1,76990.0
1859,18,7017,156,0.78,14,1,12.3,2736,1824,267,0,4,1,4,115,4,0,0,4,1024.0,0,9.0,1,77399.0
1860,2,7884,454,2.0,7,1,15.6,1366,768,100,0,3,0,3,189,4,0,0,2,1024.0,0,6.0,1,32639.0
1861,9,1956,156,1.59,16,1,15.6,1920,1080,141,0,3,0,10,160,8,0,0,4,1024.0,0,7.45,1,38490.0
1862,2,4290,48,1.47,4,1,14.0,1920,1080,157,0,1,0,12,160,4,0,0,4,1024.0,0,11.0,1,18999.0
1863,9,2384,243,1.77,16,1,16.0,1920,1200,142,0,4,0,12,133,16,0,0,4,1024.0,0,11.0,1,64990.0
1864,16,4190,216,1.4,16,1,14.0,1920,1080,157,0,5,0,12,155,16,0,0,4,1024.0,0,6.0,1,40290.0
1865,9,1948,156,1.6,16,1,15.6,1920,1080,141,0,7,0,18,133,16,0,0,4,1024.0,0,6.0,1,73990.0
1866,2,6121,437,1.8,16,1,15.6,1920,1080,141,1,5,0,19,255,16,0,0,4,1024.0,0,6.0,1,65990.0
1867,16,4144,384,1.86,16,1,15.6,1920,1080,141,1,5,0,12,248,8,0,0,4,1024.0,0,6.0,1,51990.0
1868,9,1784,243,1.74,16,1,15.6,1920,1080,141,0,7,0,18,155,16,0,0,4,1024.0,0,6.0,1,88990.0
1869,2,5047,302,2.4,12,1,15.6,1920,1080,141,0,7,0,12,209,16,0,0,4,1024.0,0,6.0,1,92990.0
1870,9,2356,156,1.69,16,1,15.6,1920,1080,141,0,5,0,12,155,8,0,0,4,1024.0,0,6.0,1,46999.0
1871,2,4811,374,2.6,12,1,17.3,1920,1080,127,0,5,0,12,255,8,0,0,4,1024.0,0,6.0,1,71990.0
1872,1,6152,204,1.83,29,1,15.4,2880,1800,221,0,7,0,6,33,16,0,0,2,1024.0,0,10.0,1,205900.0
1873,2,7842,427,1.8,12,1,15.6,1920,1080,141,0,5,0,6,160,8,0,0,4,1024.0,0,6.0,1,46990.0
1874,2,5769,447,1.8,12,1,15.6,1920,1080,141,1,5,0,12,4,8,0,0,4,1024.0,0,4.0,1,62990.0
1875,2,5764,447,1.8,12,1,15.6,1920,1080,141,0,5,0,8,155,16,0,0,4,1024.0,0,8.0,1,62990.0
1876,2,7769,427,1.7,12,1,15.6,1920,1080,141,1,5,0,2,86,8,0,0,4,1024.0,0,6.0,1,44434.0
1877,2,6310,437,1.8,16,1,15.6,1920,1080,141,0,5,0,12,255,16,0,0,4,1024.0,0,6.0,1,89990.0
1878,6,3004,168,1.62,16,1,15.6,1920,1080,141,0,5,0,12,133,8,0,0,4,1024.0,0,6.0,1,49890.0
1879,2,6309,437,1.8,16,1,15.6,1920,1080,141,0,5,0,12,255,16,0,0,4,1024.0,0,6.0,1,84785.0
1880,2,5791,450,1.8,16,1,16.0,1920,1200,142,0,5,0,12,331,16,0,0,4,1024.0,0,6.0,1,69990.0
1881,2,872,433,1.3,16,1,14.0,1920,1080,157,0,1,0,4,160,8,0,1,4,1024.0,0,6.0,1,23590.0
1882,2,5796,450,1.8,16,1,16.0,1920,1200,142,0,5,0,18,255,16,0,0,4,1024.0,0,6.0,1,69990.0
1883,2,6336,458,1.7,16,1,15.6,2880,1620,212,0,5,0,18,155,16,0,0,4,1024.0,0,8.0,1,75690.0
1884,2,5802,450,1.8,16,1,16.0,1920,1200,142,0,5,0,18,266,16,0,1,6,1024.0,0,6.0,1,84990.0
1885,2,5800,450,1.8,16,1,16.0,1920,1200,142,0,5,0,18,248,16,0,1,4,1024.0,0,6.0,1,57990.0
1886,15,7429,156,1.7,12,1,15.0,1920,1080,147,0,3,0,6,160,4,0,0,4,1024.0,0,6.0,1,46544.0
1887,16,573,122,1.86,16,1,15.6,1920,1080,141,0,5,0,12,248,16,0,0,4,1024.0,0,6.0,1,71990.0
1888,16,574,122,1.86,16,1,15.6,1920,1080,141,0,5,0,12,248,8,0,0,4,1024.0,0,6.0,1,65536.0
1889,2,4686,380,2.3,15,1,15.6,1920,1080,141,0,5,0,12,255,8,0,0,4,1024.0,0,8.0,1,63584.0
1890,2,6699,442,1.5,16,1,14.0,2880,1800,243,0,7,0,24,155,16,0,0,4,1024.0,0,6.0,1,79990.0
1891,2,4962,303,2.3,12,1,15.6,1920,1080,141,0,7,0,12,297,8,0,0,4,1024.0,0,6.0,1,94990.0
1892,15,3120,189,2.4,16,1,15.6,1920,1080,141,1,7,0,16,255,16,0,1,4,1024.0,0,7.0,1,115990.0
1893,15,1130,154,1.3,3,1,14.0,1366,768,112,3,4,0,12,173,8,0,0,4,1024.0,0,10.0,1,23650.0
1894,15,2107,180,2.4,16,1,15.6,1920,1080,141,0,7,0,24,266,16,0,0,6,1024.0,0,5.32,1,96390.0
1895,15,89,159,1.7,16,1,15.6,1920,1080,141,0,3,0,4,160,8,0,0,4,1024.0,0,11.0,1,37689.0
1896,15,2146,190,2.32,16,1,15.6,1920,1080,141,0,7,0,24,267,24,0,0,8,1024.0,0,6.0,1,107990.0
1897,16,6209,156,1.3,12,1,14.0,1920,1080,157,0,3,0,6,160,8,0,0,4,1024.0,0,6.0,1,48790.0
1898,2,7466,424,1.4,16,1,14.0,1920,1080,157,0,3,0,10,133,8,0,0,4,1024.0,0,6.0,1,36990.0
1899,15,6918,156,1.85,16,1,15.6,1920,1080,141,0,3,0,4,160,4,0,0,4,1024.0,0,7.3,1,31490.0
1900,12,7978,156,1.8,16,1,15.6,1920,1080,141,0,7,0,12,155,16,0,0,4,1024.0,0,13.0,1,68390.0
1901,2,7467,424,1.4,16,1,14.0,1920,1080,157,0,3,0,10,160,8,0,0,4,1024.0,0,6.0,1,35140.0
1902,15,4392,402,1.59,16,1,14.0,1920,1080,157,0,5,0,12,160,8,0,0,4,1024.0,0,9.4,1,67990.0
1903,12,5746,141,1.78,16,1,16.0,1920,1200,142,0,5,0,12,155,16,0,0,4,1024.0,0,8.0,1,38990.0
1904,2,7468,424,1.4,16,1,14.0,1920,1080,157,0,5,0,12,160,8,0,0,4,1024.0,0,6.0,1,47990.0
1905,15,90,159,1.85,12,1,15.6,1920,1080,141,0,3,0,4,160,4,0,0,4,1024.0,0,5.0,1,32990.0
1906,9,496,243,1.39,12,1,11.6,1366,768,135,0,3,1,3,129,4,0,0,4,1024.0,0,6.0,1,41348.0
1907,6,3261,116,2.81,16,1,15.6,1920,1080,141,0,5,0,20,255,16,0,1,6,1024.0,0,6.0,1,77990.0
1908,2,4631,377,2.2,16,1,15.6,1920,1080,141,1,7,0,20,256,16,0,0,4,1024.0,0,6.0,1,141990.0
1909,12,7978,156,1.8,16,1,15.6,1920,1080,141,0,7,0,12,155,32,0,0,4,1024.0,0,10.0,1,73140.0
1910,16,4135,44,2.35,16,1,15.6,1920,1080,141,1,5,0,12,78,8,0,0,4,1024.0,0,6.0,1,52999.0
1911,6,3001,168,1.62,16,1,15.6,1920,1080,141,0,7,0,12,155,16,0,0,4,1024.0,0,6.0,1,67690.0
1912,1,5985,203,1.24,30,1,13.6,2560,1664,225,3,4,0,20,160,8,0,0,4,1024.0,0,18.0,1,95600.0
1913,1,5988,203,1.51,30,1,15.3,2880,1864,224,3,4,0,20,160,8,0,0,4,1024.0,0,18.0,1,134900.0
1914,6,2965,460,1.83,16,1,15.6,1920,1080,141,0,5,0,12,160,8,0,0,4,1024.0,0,4.0,1,39999.0
1915,1,5984,203,1.24,30,1,13.6,2560,1664,225,3,4,0,20,160,8,0,0,4,1024.0,0,18.0,1,114900.0
1916,1,5990,203,1.51,30,1,15.3,2880,1864,224,3,4,0,20,160,8,0,0,4,1024.0,0,18.0,1,124900.0
1917,1,5986,203,1.24,30,1,13.6,2560,1664,225,3,4,0,20,160,8,0,0,4,1024.0,0,18.0,1,125990.0
1918,1,5989,203,1.51,30,1,15.3,2880,1864,224,3,4,0,20,160,8,0,0,4,1024.0,0,18.0,1,144900.0
1919,1,5995,203,1.51,30,1,15.3,2880,1864,224,3,4,0,20,160,8,0,0,4,1024.0,0,18.0,1,139990.0
1920,1,5981,203,1.24,30,1,13.6,2560,1664,225,3,4,0,20,160,8,0,0,4,1024.0,0,18.0,1,114900.0
1921,15,2032,154,1.62,16,1,15.6,1920,1080,141,1,3,0,4,13,8,0,0,4,1024.0,0,12.0,1,33500.0
1922,1,5983,203,1.24,30,1,13.6,2560,1664,225,3,4,0,20,160,8,0,0,4,1024.0,0,18.0,1,114900.0
1923,1,5982,203,1.24,30,1,13.6,2560,1664,225,3,4,0,20,160,8,0,0,4,1024.0,0,18.0,1,113900.0
1924,1,5993,203,1.51,30,1,15.3,2880,1864,224,3,4,0,20,160,8,0,0,4,1024.0,0,18.0,1,139990.0
1925,2,4566,432,2.14,12,1,15.0,1920,1080,147,0,5,0,8,293,8,0,0,4,1024.0,0,6.0,1,59990.0
1926,12,7981,156,1.8,16,1,15.6,1920,1080,141,0,5,0,12,155,16,0,0,4,1024.0,0,10.0,1,51800.0
1927,16,598,122,1.86,16,1,15.6,1920,1080,141,0,5,0,12,267,16,0,0,8,1024.0,0,6.0,1,95990.0
1928,9,1859,423,2.3,16,1,15.6,1920,1080,141,0,5,0,12,248,8,0,0,4,1024.0,0,6.3,1,55990.0
1929,16,6464,156,2.2,0,1,15.6,1920,1080,141,0,7,0,6,201,16,0,0,4,1024.0,0,6.0,1,78990.0
1930,0,3932,225,2.3,12,1,15.6,1920,1080,141,0,7,0,12,293,8,0,0,4,1024.0,0,6.0,1,74490.0
1931,9,1940,156,1.75,16,1,15.6,1920,1080,141,0,3,0,10,133,8,0,0,4,1024.0,0,6.0,1,38790.0
1932,12,5744,156,1.24,16,1,14.0,1920,1080,157,0,7,0,12,155,16,0,0,4,1024.0,0,11.0,1,42990.0
1933,6,2998,168,2.2,16,1,15.6,1920,1080,141,0,5,0,12,160,8,0,0,4,1024.0,0,6.0,1,55490.0
1934,9,1169,48,1.46,3,1,14.0,1366,768,112,0,1,1,4,161,4,0,0,4,1024.0,0,14.0,1,33990.0
1935,2,4717,382,2.3,12,1,15.6,1920,1080,141,0,5,0,8,212,8,0,0,4,1024.0,0,6.0,1,63990.0
1936,2,7651,424,1.6,16,1,14.0,1920,1080,157,0,3,0,6,160,4,0,0,4,1024.0,0,6.0,1,31999.0
1937,2,7459,424,1.5,16,1,14.0,1920,1080,157,0,3,0,12,155,8,0,0,4,1024.0,0,6.0,1,47990.0
1938,30,6301,156,1.48,16,1,14.0,1920,1020,155,0,7,0,12,147,16,0,0,4,1024.0,0,10.0,1,44640.0
1939,2,4570,432,2.14,12,1,15.6,1920,1080,141,0,7,0,12,293,16,0,0,4,1024.0,0,6.0,1,78990.0
1940,16,521,122,1.86,16,1,15.6,1920,1080,141,0,5,0,12,255,16,0,0,4,1024.0,0,6.0,1,63808.0
1941,16,3425,372,2.3,16,1,15.6,1920,1080,141,0,5,0,12,255,16,0,0,4,1024.0,0,6.0,1,89490.0
1942,2,4453,452,1.63,16,1,15.6,1920,1080,141,1,5,0,6,4,16,0,1,4,1024.0,0,6.0,1,40870.0
1943,15,155,191,2.4,16,1,16.0,2560,1600,189,1,7,0,16,259,16,0,0,6,1024.0,0,8.0,1,104990.0
1944,9,1526,243,2.04,12,1,15.6,1366,768,100,0,5,0,3,195,16,0,0,4,2048.0,0,5.0,1,72143.0
1945,2,6732,441,1.4,12,1,14.0,1920,1080,157,0,7,0,8,313,16,0,0,2,1024.0,0,6.0,1,89990.0
1946,15,1121,147,1.5,16,1,14.0,1920,1080,157,0,3,1,6,160,8,0,0,4,1024.0,0,11.0,1,58990.0
1947,9,956,243,1.41,16,1,14.0,1920,1080,157,0,5,1,12,155,16,0,0,4,1024.0,0,6.0,1,59985.0
1948,9,5222,13,1.74,0,1,15.6,1366,768,100,1,3,0,4,4,8,0,0,4,1024.0,0,6.0,1,27990.0
1949,16,599,122,1.86,16,1,15.6,1920,1080,141,0,7,0,12,267,16,0,0,8,1024.0,0,6.0,1,88340.0
1950,16,507,122,1.86,16,1,15.6,1920,1080,141,0,5,0,12,209,8,0,0,4,1024.0,0,6.0,1,53437.0
1951,2,5009,303,2.1,12,1,15.6,1920,1080,141,1,4,0,20,256,16,0,0,4,1024.0,0,6.0,1,104990.0
1952,15,6950,156,1.89,16,1,16.0,1920,1200,142,0,4,0,18,107,16,0,0,4,1024.0,0,5.0,1,71990.0
1953,16,4180,216,1.4,16,1,14.0,1920,1080,157,0,7,0,12,155,16,0,0,4,1024.0,0,6.0,1,47990.0
1954,16,4105,373,2.2,16,1,16.0,1920,1200,142,0,7,0,30,267,16,0,0,8,1024.0,0,6.0,1,107990.0
1955,6,3221,166,1.53,16,1,14.0,1920,1200,162,0,5,0,12,155,16,0,0,4,1024.0,0,6.0,1,66390.0
1956,2,5841,443,1.7,16,1,15.6,1920,1080,141,0,5,0,18,155,16,0,1,4,1024.0,0,6.0,1,75999.0
1957,0,6819,362,1.19,12,1,14.0,1920,1080,157,0,5,0,6,237,8,0,0,2,1024.0,0,6.0,1,64989.0
1958,16,3429,372,2.25,16,1,15.6,1920,1080,141,0,5,0,12,256,16,0,0,4,1024.0,0,6.0,1,75990.0
1959,2,5275,318,1.7,12,1,14.0,2560,1440,210,1,4,0,16,259,16,0,0,6,1024.0,0,4.0,1,99990.0
1960,0,4272,48,1.45,4,1,14.0,1920,1080,157,0,1,0,12,160,8,0,0,4,1024.0,0,12.5,1,22400.0
1961,15,2099,143,1.58,3,1,15.6,1920,1080,141,0,1,0,4,160,8,0,0,4,1024.0,0,6.0,1,25190.0
1962,0,4253,48,1.26,3,1,11.6,1366,768,135,0,1,0,4,161,4,0,0,4,1024.0,0,6.0,1,23989.0
1963,2,7464,424,1.5,16,1,14.0,1920,1080,157,0,5,1,12,156,16,0,0,4,1024.0,0,6.0,1,66990.0
1964,9,1877,423,2.29,16,1,15.6,1920,1080,141,0,7,0,24,257,16,0,0,4,1024.0,0,7.45,1,75990.0
1965,15,2087,180,2.38,16,1,15.6,1920,1080,141,0,5,0,12,112,8,0,0,4,1024.0,0,6.0,1,55190.0
1966,18,6996,156,1.0,16,1,10.5,1920,1200,216,0,2,1,12,133,8,0,0,4,1024.0,0,4.0,1,55990.0
1967,2,7573,429,1.88,16,1,16.0,1920,1200,142,0,5,0,18,155,16,0,0,4,1024.0,0,6.0,1,53590.0
1968,15,4408,402,1.41,16,1,14.0,1920,1200,162,1,5,0,16,4,8,0,0,4,1024.0,0,12.38,1,43990.0
1969,15,189,415,1.7,16,1,15.6,1920,1080,141,0,5,0,12,146,16,0,0,4,1024.0,0,8.7,1,44990.0
1970,16,4092,174,2.25,16,1,15.6,1920,1080,141,0,5,0,12,255,32,0,0,6,1024.0,0,6.0,1,114990.0
1971,9,1875,423,2.29,16,1,15.6,1920,1080,141,0,7,0,24,257,16,0,0,4,1024.0,0,7.45,1,71990.0
1972,15,727,155,1.15,16,1,13.3,1920,1200,170,1,7,0,16,16,16,0,0,4,1024.0,0,6.0,1,62190.0
1973,15,1042,160,1.38,16,1,14.0,1920,1200,162,0,5,0,12,160,16,0,0,4,1024.0,0,6.0,1,64490.0
1974,2,4639,379,2.6,16,1,17.3,1920,1080,127,1,7,0,12,255,8,0,0,4,1024.0,0,6.0,1,81990.0
1975,6,3013,460,1.67,16,1,15.6,1920,1080,141,0,3,0,10,160,8,0,0,4,1024.0,0,7.0,1,36990.0
1976,2,6772,443,1.7,16,1,15.6,2880,1620,212,0,5,0,18,155,16,0,0,4,1024.0,0,8.0,1,81675.0
1977,0,3968,227,2.1,16,1,15.6,1920,1080,141,1,7,0,12,266,16,0,0,6,1024.0,0,6.0,1,79990.0
1978,9,1887,423,2.29,16,1,15.6,1920,1080,141,0,5,0,12,248,16,0,0,4,1024.0,0,6.0,1,63990.0
1979,2,6776,443,1.7,16,1,15.6,2880,1620,212,0,9,0,24,155,16,0,0,4,1024.0,0,6.0,1,91990.0
1980,2,4601,377,2.2,16,1,15.6,1920,1080,141,1,7,0,20,267,16,0,0,8,1024.0,0,6.0,1,94990.0
1981,9,976,251,1.51,16,1,14.0,1920,1080,157,0,5,1,12,155,16,0,0,4,1024.0,0,9.3,1,83990.0
1982,15,7424,156,1.85,0,1,15.0,1920,1080,147,0,3,0,4,160,4,0,0,4,1024.0,0,6.0,1,36000.0
1983,15,5550,156,2.25,16,1,15.6,1920,1080,141,1,7,0,16,255,8,0,0,4,1024.0,0,4.5,1,63645.0
1984,6,3220,166,1.53,16,1,14.0,1920,1200,162,0,5,0,12,155,8,0,0,4,1024.0,0,8.0,1,59740.0
1985,9,8104,243,1.51,16,1,14.0,1920,1080,157,0,5,1,12,155,16,0,0,4,1024.0,0,6.0,1,78990.0
1986,15,6913,156,1.62,16,1,15.6,1920,1080,141,1,5,0,4,13,8,0,0,4,1024.0,0,12.0,1,39890.0
1987,15,2039,180,2.4,16,1,15.6,1920,1080,141,1,7,0,16,267,16,0,0,8,1024.0,0,9.5,1,97190.0
1988,16,4305,156,2.2,0,1,15.6,1366,768,100,0,5,0,3,195,4,0,0,2,1024.0,0,6.0,1,44990.0
1989,16,576,178,2.25,16,1,15.6,1920,1080,141,0,5,0,12,256,16,0,0,4,1024.0,0,6.0,1,85990.0
1990,12,7979,163,1.8,16,1,15.6,1920,1080,141,0,9,0,12,155,16,0,0,4,1024.0,0,10.0,1,76888.0
1991,6,1425,168,2.6,11,1,15.6,1920,1080,141,0,7,0,4,51,8,0,0,4,1024.0,0,6.0,1,71060.0
1992,9,954,243,1.41,16,1,14.0,1920,1080,157,0,5,0,12,155,16,0,0,4,1024.0,0,6.0,1,78300.0
1993,9,1874,423,2.29,16,1,15.6,1920,1080,141,0,5,0,12,257,16,0,0,4,1024.0,0,15.3,1,66990.0
1994,9,1594,232,2.2,11,1,15.6,1920,1080,141,0,7,0,6,201,16,0,0,4,1024.0,0,6.0,1,109990.0
1995,1,6150,204,2.0,8,1,15.4,2880,1800,221,0,7,0,6,153,16,0,0,4,1024.0,0,9.0,1,162900.0
1996,25,6257,131,1.23,16,1,14.0,2880,1800,243,0,4,1,18,107,16,0,0,4,1024.0,0,7.5,1,131160.0
1997,15,2042,149,2.32,16,1,15.6,1920,1080,141,1,7,0,16,255,16,0,0,6,1024.0,0,6.5,1,75000.0
1998,15,5655,389,1.7,16,1,16.0,1920,1200,142,1,5,0,16,4,16,0,0,4,1024.0,0,9.22,1,48990.0
1999,16,6208,156,1.3,12,1,14.0,1920,1080,157,0,5,0,12,155,8,0,0,4,1024.0,0,6.0,0,54990.0
2000,9,926,243,1.6,12,1,14.0,1920,1080,157,0,5,0,6,237,8,0,0,2,1024.0,0,6.0,0,63761.0
2001,0,7438,26,2.5,12,1,15.6,1920,1080,141,0,7,0,6,201,8,0,0,4,1024.0,0,6.0,0,87999.0
2002,0,4514,32,2.4,7,1,15.6,1366,768,100,1,4,0,3,130,4,0,0,4,1024.0,0,6.0,0,17990.0
2003,15,4862,157,1.5,12,1,14.0,1920,1080,157,0,3,1,4,160,8,0,0,4,1024.0,0,6.0,0,66000.0
2004,2,6110,447,2.0,12,1,15.6,1920,1080,141,1,3,0,4,4,4,0,0,4,1024.0,0,6.0,0,32200.0
2005,15,6673,156,1.55,12,1,15.6,1920,1080,141,0,5,0,6,314,8,0,0,2,1024.0,0,6.0,0,56990.0
2006,15,6688,156,1.79,12,1,15.6,1920,1080,141,0,5,0,6,147,8,0,0,4,1024.0,0,6.0,0,51990.0
2007,2,7754,427,1.7,12,1,15.6,1920,1080,141,0,5,0,6,312,4,0,0,2,1024.0,0,6.0,0,46990.0
2008,6,1273,118,2.3,12,1,15.6,1920,1080,141,0,7,0,12,304,16,0,0,6,1024.0,0,6.0,0,103794.0
2009,2,6120,437,1.8,16,1,15.6,1920,1080,141,1,5,0,19,255,16,0,1,4,1024.0,0,6.0,0,59990.0
2010,6,848,166,1.67,12,1,14.0,1920,1080,157,0,3,1,4,160,4,0,0,4,1024.0,0,6.0,0,67990.0
2011,6,2872,168,1.8,15,1,15.6,1920,1080,141,0,2,0,12,133,4,0,0,4,1024.0,0,6.0,0,39799.0
2012,2,4833,382,2.6,16,1,17.3,1920,1080,127,0,5,0,18,255,16,0,0,4,1024.0,0,6.0,0,67990.0
2013,18,7003,156,0.78,14,1,12.3,2736,1824,267,0,7,1,4,148,16,0,0,4,1024.0,0,13.5,0,147400.0
2014,9,1760,245,2.19,12,1,15.6,1920,1080,141,1,5,0,11,297,8,0,0,4,1024.0,0,6.0,0,64500.0
2015,15,6623,156,1.85,12,1,15.6,1366,768,100,1,4,0,1,43,4,0,0,4,1024.0,0,6.0,0,27190.0
2016,0,3517,28,2.2,12,1,15.6,1920,1080,141,1,4,0,1,42,4,0,0,4,1024.0,0,5.5,0,19790.0
2017,9,1709,232,2.32,12,1,15.6,1920,1080,141,0,5,0,8,209,8,0,0,4,1024.0,0,6.0,0,71990.0
2018,2,7694,447,1.68,12,1,15.6,1366,768,100,0,1,0,4,161,4,0,0,4,1024.0,0,6.0,0,20990.0
2019,9,1699,156,1.8,12,1,15.6,1366,768,100,1,4,0,3,83,4,0,0,4,1024.0,0,6.0,0,27195.0
2020,2,7745,427,1.9,12,1,15.6,1920,1080,141,0,3,0,3,129,4,0,0,4,1024.0,0,6.0,0,27990.0
2021,6,1443,168,1.9,12,1,15.6,1920,1080,141,0,5,0,6,234,8,0,0,2,1024.0,0,6.0,0,64900.0
2022,25,5514,126,1.79,12,1,15.6,1920,1080,141,0,7,0,12,155,16,0,0,4,1024.0,0,6.0,0,231449.0
2023,2,7606,424,1.5,12,1,14.0,1920,1080,157,0,3,0,4,160,4,0,0,4,1024.0,0,6.0,0,33735.0
2024,15,4957,531,2.5,19,1,15.6,1366,768,100,1,4,0,1,41,2,0,0,512,500.0,0,6.0,0,19690.0
2025,2,7704,447,1.68,12,1,15.6,1920,1080,141,0,5,0,6,166,4,0,0,4,1024.0,0,6.0,0,37590.0
2026,15,6897,156,1.65,12,1,15.6,1920,1080,141,0,5,0,8,160,8,0,0,4,1024.0,0,6.0,0,56499.0
2027,2,7645,424,1.6,16,1,14.1,1920,1080,156,0,3,0,6,160,8,0,0,4,1024.0,0,6.0,0,32356.0
2028,2,7843,427,1.8,16,1,15.6,1920,1080,141,0,5,0,12,160,8,0,0,4,1024.0,0,6.0,0,44990.0
2029,18,7004,156,0.78,14,1,12.3,2736,1824,267,0,5,1,3,129,8,0,0,4,1024.0,0,13.5,0,90000.0
2030,2,7703,447,1.68,12,1,15.6,1920,1080,141,0,5,0,6,166,8,0,0,4,1024.0,0,6.0,0,38990.0
2031,9,1632,156,1.86,12,1,15.6,1366,768,100,0,3,0,3,129,4,0,0,4,1024.0,0,6.0,0,27936.0
2032,2,5043,301,2.4,12,1,15.6,1920,1080,141,0,5,0,8,201,8,0,0,4,1024.0,0,6.0,0,64990.0
2033,6,1444,168,1.95,12,1,15.6,1920,1080,141,0,7,0,8,312,8,0,0,4,1024.0,0,6.0,0,84190.0
2034,15,5888,156,2.19,12,1,15.6,1920,1080,141,0,7,0,12,293,8,0,0,4,1024.0,0,6.0,0,74990.0
2035,15,7932,189,2.3,12,1,15.6,1920,1080,141,0,5,0,8,209,8,0,0,4,1024.0,0,6.0,0,73999.0
2036,15,725,472,1.32,12,1,13.3,1920,1080,166,1,7,1,12,4,16,0,0,4,1024.0,0,6.0,0,73799.0
2037,2,7753,427,1.7,12,1,15.6,1920,1080,141,0,5,0,6,312,4,0,1,2,1024.0,0,6.0,0,46990.0
2038,0,3698,30,1.65,16,1,15.6,1920,1080,141,0,5,0,8,155,8,0,0,4,1024.0,0,9.5,0,50000.0
2039,2,7251,509,1.5,12,1,14.0,1920,1080,157,0,5,0,6,237,8,0,0,2,1024.0,0,6.0,0,110999.0
2040,15,6944,156,1.66,16,1,15.6,1920,1080,141,0,5,0,8,156,16,0,0,4,1024.0,0,11.0,0,58890.0
2041,9,8059,249,1.58,12,1,14.0,1920,1080,157,0,5,1,6,160,8,0,0,4,1024.0,0,6.0,0,73990.0
2042,2,7747,427,1.9,12,1,15.6,1920,1080,141,0,3,0,3,129,8,0,0,4,1024.0,0,6.0,0,30184.0
2043,2,7756,447,1.5,12,1,15.6,1920,1080,141,0,5,0,6,235,8,0,0,2,1024.0,0,6.0,0,52790.0
2044,9,1242,156,1.47,12,1,14.0,1920,1080,157,1,5,0,4,4,8,0,0,4,1024.0,0,6.0,0,44000.0
2045,16,4021,216,1.3,12,1,14.0,1920,1080,157,0,5,0,12,160,8,0,0,4,1024.0,0,6.0,0,66990.0
2046,2,7672,424,1.6,16,1,14.0,1920,1080,157,0,5,0,6,160,8,0,0,4,1024.0,0,6.0,0,40990.0
2047,6,839,166,1.5,12,1,14.0,1920,1080,157,0,5,0,8,155,16,0,0,4,1024.0,0,6.0,0,70990.0
2048,9,2182,156,1.86,12,1,15.6,1366,768,100,0,2,0,2,118,4,0,0,4,1024.0,0,6.0,0,23952.0
2049,1,6189,204,2.0,23,1,16.0,3072,1920,226,0,9,0,16,35,16,0,0,4,1024.0,0,11.0,0,215990.0
2050,15,117,158,2.2,12,1,15.6,1920,1080,141,0,5,0,8,209,8,0,0,4,1024.0,0,6.0,0,60999.0
2051,15,2665,156,1.85,12,1,15.6,1920,1080,141,1,3,0,5,4,4,0,0,4,1024.0,0,6.0,0,30990.0
2052,2,7230,517,1.25,11,1,14.0,1920,1080,157,0,7,0,8,129,16,0,0,4,1024.0,0,9.0,0,160905.0
2053,2,6092,427,1.9,14,1,15.6,1920,1080,141,1,5,0,2,86,4,0,0,4,1024.0,0,6.0,0,34990.0
2054,2,6745,427,2.4,12,1,15.6,1920,1080,141,0,5,0,6,313,8,0,0,2,1024.0,0,6.0,0,49990.0
2055,15,6764,156,1.8,12,1,15.6,1920,1080,141,0,5,0,6,237,8,0,0,2,1024.0,0,6.0,0,69303.0
2056,9,1701,232,2.25,12,1,15.6,1920,1080,141,0,7,0,9,289,8,0,0,4,1024.0,0,6.0,0,116941.0
2057,2,7604,424,1.6,12,1,14.0,1920,1080,157,0,5,0,6,166,8,0,1,4,1024.0,0,6.0,0,45990.0
2058,2,6735,441,1.4,12,1,14.0,1920,1080,157,0,5,0,6,166,8,0,0,4,1024.0,0,6.0,0,57599.0
2059,2,5372,297,2.5,11,1,15.6,1920,1080,141,0,7,0,6,227,8,0,0,4,1024.0,0,6.0,0,68000.0
2060,2,4460,447,1.2,12,1,11.6,1366,768,135,0,1,0,4,161,4,0,0,4,500.0,0,6.0,0,19990.0
2061,15,1502,385,1.7,16,1,15.6,1920,1080,141,1,3,0,4,4,8,0,0,4,1024.0,0,7.5,0,34990.0
2062,2,6579,447,1.8,0,1,15.6,1920,1080,141,0,5,0,3,200,8,0,0,2,1024.0,0,4.5,0,42090.0
2063,33,7440,335,2.2,11,1,10.1,1280,800,149,0,4,1,2,115,2,0,0,4,1024.0,0,12.0,0,13900.0
2064,2,7755,427,1.7,12,1,15.6,1920,1080,141,0,5,0,6,235,8,0,0,2,1024.0,0,6.0,0,52990.0
2065,9,8065,243,2.03,12,1,14.0,1920,1080,157,0,5,1,6,160,8,0,0,4,1024.0,0,6.0,0,68990.0
2066,6,843,166,1.7,12,1,14.0,1920,1080,157,0,3,1,4,166,4,0,0,4,1024.0,0,6.0,0,53399.0
2067,15,2778,156,2.2,12,1,15.6,1366,768,100,0,5,0,6,8,8,0,0,2,2048.0,0,6.0,0,57990.0
2068,6,1404,168,2.02,12,1,15.6,1920,1080,141,0,3,0,4,160,4,0,0,4,1024.0,0,6.0,0,35990.0
2069,2,7688,447,1.75,12,1,14.0,1920,1080,157,0,5,0,6,166,8,0,0,4,1024.0,0,6.0,0,39990.0
2070,2,7722,427,1.9,12,1,15.6,1920,1080,141,0,5,0,6,314,8,0,0,2,1024.0,0,6.0,0,47858.0
2071,15,7349,156,2.1,12,1,15.6,1366,768,100,1,4,0,1,43,4,0,0,4,500.0,0,6.0,0,25900.0
2072,2,7475,424,1.4,16,1,14.0,1920,1080,157,0,3,0,10,160,8,0,0,4,1024.0,0,6.0,0,32990.0
2073,0,3933,225,2.3,12,1,15.6,1920,1080,141,0,7,0,12,304,8,0,0,6,2048.0,0,11.0,0,99990.0
2074,9,1727,156,1.85,12,1,15.6,1920,1080,141,0,5,0,6,160,4,0,0,4,1024.0,0,6.0,0,48499.0
2075,0,3653,30,1.55,12,1,14.0,1920,1080,157,0,3,0,6,160,8,0,0,4,1024.0,0,11.5,0,42999.0
2076,6,1317,168,1.83,12,1,15.6,1920,1080,141,1,3,0,5,4,8,0,0,4,1024.0,0,7.0,0,36990.0
2077,6,1280,168,1.83,12,1,15.6,1920,1080,141,0,3,0,4,160,8,0,0,4,1024.0,0,6.0,0,46500.0
2078,9,8071,243,1.61,12,1,14.0,1920,1080,157,0,7,1,12,154,8,0,0,4,1024.0,0,6.0,0,79000.0
2079,9,1667,156,1.77,0,1,15.6,1920,1080,141,0,3,0,3,233,8,0,0,2,1024.0,0,6.0,0,39718.0
2080,9,8055,249,1.59,12,1,14.0,1920,1080,157,0,3,1,4,166,4,0,0,4,1024.0,0,6.0,0,59135.0
2081,15,2786,156,2.2,12,1,15.6,1920,1080,141,0,3,0,3,129,8,0,0,4,1024.0,0,6.0,0,32990.0
2082,15,2811,156,1.6,12,1,15.6,1920,1080,141,0,3,0,3,129,4,0,0,4,1024.0,0,6.0,0,29990.0
2083,9,1580,243,2.2,0,1,15.6,1366,768,100,0,3,0,3,125,4,0,0,4,500.0,0,6.0,0,33087.0
2084,15,2802,156,2.2,12,1,15.6,1366,768,100,0,2,0,4,162,4,0,0,4,1024.0,0,6.0,0,22490.0
2085,2,6748,427,1.7,12,1,15.6,1920,1080,141,0,5,0,6,313,8,0,0,2,1024.0,0,6.0,0,64000.0
2086,9,1695,156,1.77,12,1,15.6,1920,1080,141,1,3,0,1,83,4,0,0,4,1024.0,0,6.0,0,31897.0
2087,6,1373,460,2.2,11,1,15.6,1366,768,100,0,3,0,3,115,4,0,0,4,1024.0,0,4.0,0,27990.0
2088,2,7167,518,1.39,12,1,14.0,1920,1080,157,1,5,0,6,86,8,0,0,4,1024.0,0,6.0,0,60999.0
2089,2,4788,380,2.3,12,1,15.6,1920,1080,141,0,7,0,12,297,8,0,0,4,1024.0,0,6.0,0,64990.0
2090,9,2249,156,1.74,12,1,15.6,1920,1080,141,0,3,0,4,166,8,0,0,4,1024.0,0,6.0,0,43500.0
2091,2,7712,447,1.68,12,1,15.6,1920,1080,141,0,5,0,6,312,8,0,0,2,1024.0,0,6.0,0,41190.0
2092,3,7343,201,1.25,12,1,14.0,1920,1080,157,1,7,0,4,68,8,0,0,4,1024.0,0,6.0,0,47199.0
2093,2,7609,424,1.5,12,1,14.0,1920,1080,157,0,5,0,6,160,8,0,0,4,1024.0,0,6.0,0,45808.0
2094,0,3941,225,2.3,12,1,15.6,1920,1080,141,0,7,0,12,209,8,0,0,4,1024.0,0,6.0,0,93780.0
2095,2,6414,107,1.68,14,1,14.0,1366,768,112,0,3,0,4,160,4,0,0,4,1024.0,0,6.0,0,44999.0
2096,33,4312,156,1.35,11,1,11.6,1920,1080,190,0,4,1,2,124,2,0,0,4,1024.0,0,8.5,0,15750.0
2097,6,1376,168,2.4,12,1,15.6,1920,1080,141,0,7,0,8,7,8,0,0,2,2048.0,0,6.0,0,64200.0
2098,9,2246,156,1.74,12,1,15.6,1920,1080,141,0,3,0,3,129,4,0,0,4,1024.0,0,6.0,0,39853.0
2099,2,7615,424,1.43,12,1,14.0,1920,1080,157,3,4,0,2,48,8,0,0,4,1024.0,0,6.0,0,29990.0
2100,2,4976,303,2.3,12,1,15.6,1920,1080,141,0,7,0,12,304,16,0,0,6,1024.0,0,6.0,0,109990.0
2101,2,7471,424,1.4,16,1,14.0,1920,1080,157,0,5,0,12,155,16,0,0,4,1024.0,0,6.0,0,51990.0
2102,6,1372,460,2.1,7,1,15.6,1366,768,100,0,1,0,2,130,4,0,0,4,1024.0,0,6.0,0,20990.0
2103,2,5821,427,1.85,12,1,15.6,1920,1080,141,0,5,0,8,160,16,0,0,4,1024.0,0,6.0,0,68990.0
2104,9,2565,232,2.97,12,1,17.3,1920,1080,127,0,7,0,12,251,16,0,0,8,1024.0,0,6.0,0,256403.0
2105,22,7148,156,1.2,11,1,11.6,1366,768,135,0,4,0,2,115,2,0,0,4,1024.0,0,10.5,0,13999.0
2106,15,6632,156,1.85,12,1,15.6,1920,1080,141,1,5,0,2,86,4,0,0,4,1024.0,0,6.0,0,44500.0
2107,16,510,122,1.8,16,1,15.6,1920,1080,141,0,7,0,12,209,16,0,0,4,1024.0,0,6.0,0,64871.0
2108,15,4343,402,1.77,0,1,14.0,1920,1080,157,0,3,0,4,160,4,0,0,4,1024.0,0,6.0,0,48000.0
2109,9,1661,243,1.8,12,1,15.6,1920,1080,141,1,5,0,6,86,8,0,0,4,1024.0,0,6.0,0,65500.0
2110,2,7819,427,1.8,12,1,15.6,1920,1080,141,0,5,0,8,238,8,0,0,2,1024.0,0,6.0,0,46447.0
2111,0,6446,412,1.65,12,1,14.0,1920,1080,157,0,5,0,8,155,16,0,0,4,1024.0,0,6.0,0,59989.0
2112,15,4327,156,1.14,12,1,10.1,1280,800,149,0,1,1,12,161,4,0,0,4,1024.0,0,6.0,0,18999.0
2113,6,1345,168,2.4,12,1,15.6,1366,768,100,0,2,0,2,130,4,0,0,4,1024.0,0,6.0,0,23990.0
2114,15,5879,156,2.2,12,1,15.6,1920,1080,141,0,7,0,8,314,8,0,0,2,1024.0,0,6.0,0,59990.0
2115,6,616,165,2.2,12,1,13.3,1920,1080,166,0,5,0,6,166,8,0,0,4,1024.0,0,6.0,0,73600.0
2116,15,5548,156,2.25,16,1,15.6,1920,1080,141,1,5,0,16,255,16,0,0,4,1024.0,0,5.0,0,77990.0
2117,9,8017,48,1.35,3,1,12.0,1366,912,137,0,1,1,4,161,4,0,0,4,1024.0,0,6.0,0,29290.0
2118,2,7261,522,1.62,12,1,14.0,1920,1080,157,0,5,1,8,240,16,0,0,2,1024.0,0,6.0,0,114990.0
2119,2,4790,380,2.3,12,1,15.6,1920,1080,141,0,5,0,8,212,8,0,0,4,1024.0,0,6.0,0,71990.0
2120,6,3244,166,1.67,12,1,14.0,1920,1080,157,0,7,1,8,314,8,0,0,2,1024.0,0,6.0,0,94994.0
2121,2,7167,518,1.39,12,1,14.0,1920,1080,157,1,5,0,6,86,8,0,0,4,1024.0,0,12.0,0,47990.0
2122,9,2397,245,2.44,12,1,16.1,1920,1080,137,0,5,0,8,293,8,0,0,4,1024.0,0,6.0,0,78990.0
2123,2,4608,377,2.3,12,1,15.6,1920,1080,141,1,7,0,8,255,8,0,0,4,1024.0,0,6.0,0,85990.0
2124,9,1734,243,2.25,12,1,15.6,1920,1080,141,0,7,0,12,217,12,0,0,6,1024.0,0,6.0,0,118811.0
2125,0,3940,225,2.3,12,1,15.6,1920,1080,141,0,7,0,12,297,8,0,0,4,1024.0,0,6.0,0,82590.0
2126,2,7563,429,1.88,16,1,16.0,1920,1080,138,0,9,0,24,155,16,0,0,4,1024.0,0,6.0,0,74990.0
2127,6,1452,168,2.0,11,1,15.6,1920,1080,141,0,5,0,3,225,8,0,0,4,1024.0,0,6.0,0,70716.0
2128,2,5133,305,2.5,15,1,17.3,1920,1080,127,1,7,0,20,255,16,0,0,4,1024.0,0,10.0,0,85200.0
2129,9,1021,243,1.9,20,1,14.0,1366,768,112,0,3,0,3,119,4,0,0,4,1024.0,0,6.0,0,38990.0
2130,9,8072,243,1.5,12,1,14.0,1920,1080,157,0,3,1,8,160,8,0,0,4,1024.0,0,6.0,0,59990.0
2131,2,7169,525,1.6,12,1,14.0,1920,1080,157,1,7,1,6,82,8,0,0,4,1024.0,0,6.0,0,65711.0
2132,9,1708,232,2.4,12,1,15.6,1920,1080,141,0,7,0,9,249,16,0,1,6,1024.0,0,6.0,0,265125.0
2133,2,7607,424,1.5,12,1,14.0,1920,1080,157,0,3,0,4,160,4,0,0,4,1024.0,0,6.0,0,34990.0
2134,15,7959,156,1.65,12,1,13.0,1920,1080,169,0,5,1,6,166,8,0,0,4,1024.0,0,6.0,0,74990.0
2135,9,1725,156,1.77,12,1,15.6,1920,1080,141,0,3,0,4,166,4,0,0,4,1024.0,0,6.0,0,30500.0
2136,6,3191,166,1.5,16,1,14.0,1920,1080,157,0,3,1,8,160,8,0,0,4,1024.0,0,6.0,0,28990.0
2137,2,7168,525,1.6,12,1,14.0,1920,1080,157,1,5,1,6,86,8,0,0,4,1024.0,0,6.0,0,66500.0
2138,9,1629,156,1.86,12,1,15.6,1920,1080,141,0,3,0,3,123,4,0,0,4,1024.0,0,6.0,0,27490.0
2139,2,4789,380,2.3,12,1,15.6,1920,1080,141,0,7,0,8,297,16,0,0,4,1024.0,0,6.0,0,94750.0
2140,9,7585,243,1.4,12,1,11.6,1366,768,135,0,2,1,2,118,4,0,0,4,500.0,0,6.0,0,32000.0
2141,2,7881,447,1.98,0,1,15.6,1366,768,100,0,3,0,3,131,4,0,0,4,1024.0,0,6.0,0,28000.0
2142,9,1604,156,2.19,0,1,15.6,1366,768,100,0,3,0,3,123,4,0,0,4,1024.0,0,5.0,0,28475.0
2143,6,765,460,1.64,12,1,14.0,1920,1080,157,0,5,0,8,155,8,0,0,4,1024.0,0,10.0,0,51000.0
2144,2,4835,382,2.6,16,1,17.3,1920,1080,127,0,7,0,24,259,16,0,0,6,1024.0,0,6.0,0,86022.0
2145,2,6074,424,1.6,12,1,14.0,1920,1080,157,1,3,0,4,160,4,0,0,4,1024.0,0,6.0,0,31990.0
2146,15,4386,402,1.69,16,1,14.0,1920,1080,157,1,5,0,16,4,8,0,0,4,1024.0,0,6.0,0,52999.0
2147,9,1670,156,1.77,12,1,15.6,1366,768,100,0,2,0,4,162,4,0,0,4,1024.0,0,6.0,0,24590.0
2148,9,2210,156,1.77,12,1,15.6,1366,768,100,0,2,0,2,129,4,0,0,4,1024.0,0,6.0,0,22989.0
2149,15,4352,402,1.77,12,1,14.0,1920,1080,157,0,3,0,4,160,4,0,0,4,1024.0,0,6.0,0,52990.0
2150,2,7617,424,1.5,12,1,14.0,1920,1080,157,1,5,0,4,86,4,0,0,4,1024.0,0,6.0,0,37990.0
2151,15,6766,156,1.28,12,1,13.3,2560,1600,227,0,5,0,6,237,8,0,1,2,1024.0,0,6.0,0,58750.0
2152,0,3892,225,2.3,12,1,15.6,1920,1080,141,1,7,0,12,297,8,0,0,4,1024.0,0,6.0,0,82590.0
2153,0,4528,110,1.9,12,1,15.6,1366,768,100,0,2,0,4,162,4,0,0,4,1024.0,0,6.0,0,26499.0
2154,2,6350,506,1.11,12,1,13.3,1920,1080,166,0,5,0,8,156,8,0,0,4,1024.0,0,6.0,0,162499.0
2155,0,6483,255,2.3,12,1,15.6,1920,1080,141,0,7,0,16,259,16,0,0,6,1024.0,0,7.0,0,116990.0
2156,2,6757,458,1.8,12,1,15.6,1920,1080,141,0,5,0,6,237,8,0,0,2,1024.0,0,6.0,0,65790.0
2157,2,4803,374,2.6,12,1,17.3,1920,1080,127,1,5,0,6,201,8,0,0,3,1024.0,0,6.0,0,49990.0
2158,9,1803,232,2.36,12,1,15.6,1920,1080,141,0,5,0,8,297,8,0,1,4,1024.0,0,6.0,0,84490.0
2159,9,1738,245,2.23,12,1,15.6,1920,1080,141,0,5,0,8,209,16,0,1,4,1024.0,0,6.0,0,75990.0
2160,2,7527,427,1.7,16,1,15.6,1920,1080,141,0,3,0,10,160,8,0,0,4,1024.0,0,6.0,0,42990.0
2161,15,2106,159,1.85,16,1,15.6,1920,1080,141,0,5,0,6,160,8,0,0,4,1024.0,0,6.0,0,65000.0
2162,20,6572,293,1.4,16,1,14.0,1920,1080,157,0,5,0,8,155,8,0,0,4,1024.0,0,6.0,0,38812.0
2163,0,3556,28,1.9,12,1,15.6,1366,768,100,1,3,0,5,83,4,0,0,4,1024.0,0,7.0,0,28150.0
2164,2,5855,447,1.8,12,1,15.6,1920,1080,141,1,5,0,8,4,8,0,0,4,1024.0,0,6.0,0,59990.0
2165,2,7610,156,1.5,12,1,14.0,1920,1080,157,0,5,0,6,160,8,0,0,4,1024.0,0,6.0,0,52390.0
2166,2,5856,447,1.8,12,1,15.6,1920,1080,141,1,5,0,12,4,8,0,0,4,1024.0,0,6.0,0,62990.0
2167,9,1623,156,1.86,0,1,15.6,1366,768,100,0,5,0,4,166,4,0,0,4,1024.0,0,6.0,0,39490.0
2168,0,5904,26,1.59,16,1,15.6,1920,1080,141,1,5,0,12,4,16,0,0,4,1024.0,0,6.0,0,37990.0
2169,2,558,77,1.05,16,1,11.6,1366,768,135,0,1,0,4,161,4,0,0,4,1024.0,0,6.0,0,17990.0
2170,6,1374,460,2.2,10,1,15.6,1366,768,100,0,3,0,3,123,4,0,0,4,1024.0,0,6.0,0,26990.0
2171,15,491,156,2.3,0,1,15.6,1366,768,100,0,3,0,3,188,4,0,0,2,1024.0,0,3.0,0,31090.0
2172,2,4640,379,2.6,16,1,17.3,1920,1080,127,1,7,0,12,255,8,0,0,4,1024.0,0,6.0,0,75990.0
2173,9,930,156,1.47,12,1,14.0,1366,768,112,0,3,0,3,166,4,0,0,4,1024.0,0,6.0,0,29700.0
2174,9,2250,156,1.74,12,1,15.6,1920,1080,141,0,5,0,6,166,8,0,0,4,1024.0,0,6.0,0,51390.0
2175,15,7313,156,2.4,0,1,15.6,1366,768,100,0,3,0,3,129,4,0,0,4,1024.0,0,6.0,0,34999.0
2176,15,1506,385,1.7,12,1,15.6,1920,1080,141,0,5,0,8,155,16,0,0,4,1024.0,0,6.0,0,67990.0
2177,2,7752,427,1.7,14,1,15.6,1920,1080,141,0,3,0,3,129,4,0,0,4,1024.0,0,6.0,0,31990.0
2178,6,2888,168,1.8,16,1,15.6,1920,1080,141,0,5,0,12,133,8,0,0,4,1024.0,0,6.0,0,54000.0
2179,15,2756,156,2.2,12,1,14.0,1366,768,112,1,4,0,2,41,4,0,0,4,500.0,0,5.0,0,21590.0
2180,15,701,156,2.7,0,1,15.6,1366,768,100,1,4,0,12,160,4,0,0,4,1024.0,0,6.0,0,16890.0
2181,15,5570,156,2.25,16,1,15.6,1920,1080,141,0,5,0,8,255,16,0,0,4,1024.0,0,4.5,0,72500.0
2182,9,1570,243,2.2,20,1,15.6,1366,768,100,1,4,0,2,29,4,0,0,4,500.0,0,3.0,0,33094.0
2183,15,6619,156,2.2,12,1,15.6,1920,1080,141,0,1,0,4,161,4,0,0,4,1024.0,0,6.0,0,21490.0
2184,2,7717,427,1.9,12,1,15.6,1920,1080,141,0,3,0,4,166,4,0,0,4,1024.0,0,6.0,0,32150.0
2185,2,5932,429,1.88,16,1,16.0,1920,1200,142,1,5,0,16,4,8,0,1,4,1024.0,0,6.0,0,45313.0
2186,2,5236,318,1.6,12,1,14.0,1920,1080,157,1,5,0,8,297,8,0,0,4,1024.0,0,6.0,0,65999.0
2187,2,7767,427,1.7,12,1,15.6,1920,1080,141,1,5,0,2,86,8,0,0,4,1024.0,0,6.0,0,38990.0
2188,0,3518,26,2.4,7,1,15.6,1366,768,100,1,4,0,1,41,4,0,0,4,1024.0,0,6.0,0,17999.0
2189,9,7587,243,1.58,11,1,13.3,1920,1080,166,0,7,1,4,129,8,0,0,4,1024.0,0,6.0,0,45000.0
2190,2,7286,514,2.5,12,1,15.6,3840,2160,282,0,7,0,16,318,32,0,0,6,1024.0,0,7.5,0,209990.0
2191,2,6758,458,1.8,12,1,15.6,1920,1080,141,0,7,0,8,237,8,0,0,2,1024.0,0,6.0,0,84999.0
2192,15,115,158,2.2,12,1,15.6,1920,1080,141,0,7,0,12,209,8,0,0,4,1024.0,0,6.0,0,115390.0
2193,9,1658,243,1.85,12,1,15.6,1920,1080,141,0,5,0,6,237,8,0,1,2,1024.0,0,6.0,0,64000.0
2194,15,7927,189,2.3,12,1,15.6,1920,1080,141,0,5,0,4,287,8,0,0,4,1024.0,0,6.0,0,55890.0
2195,15,7067,385,1.5,12,1,14.0,1920,1080,157,0,5,1,8,155,16,0,0,4,1024.0,0,6.0,0,68990.0
2196,2,5243,318,1.7,12,1,14.0,1920,1080,157,1,7,0,8,305,16,0,0,6,1024.0,0,6.0,0,134990.0
2197,9,2604,156,1.98,11,1,14.1,1920,1080,156,0,3,0,12,140,8,0,0,4,1024.0,0,8.0,0,34999.0
2198,15,7405,156,1.7,16,1,15.6,1920,1080,141,1,3,0,4,4,8,0,0,4,1024.0,0,7.5,0,34990.0
2199,6,3009,460,1.66,16,1,15.6,1920,1080,141,0,5,0,12,160,8,0,0,4,1024.0,0,6.0,1,48990.0
2200,15,2023,180,2.38,16,1,15.6,1920,1080,141,1,7,0,16,267,16,0,0,8,1024.0,0,6.0,1,105180.0
2201,16,4051,383,1.86,16,1,15.6,1920,1080,141,0,7,0,12,248,16,0,0,4,1024.0,0,6.0,1,62990.0
2202,6,3362,166,1.58,16,1,14.0,1920,1200,162,0,3,1,10,160,8,0,0,4,1024.0,0,6.0,1,49990.0
2203,2,7550,427,1.7,16,1,15.6,1920,1080,141,0,5,0,12,155,8,0,0,4,1024.0,0,6.0,1,42990.0
2204,9,1913,423,2.29,16,1,15.6,1920,1080,141,1,5,0,16,255,8,0,0,4,1024.0,0,6.0,1,58990.0
2205,1,5978,203,1.51,28,1,15.3,2880,1864,224,3,4,0,20,160,24,0,0,4,1024.0,0,18.0,1,159990.0
2206,1,6002,203,1.51,28,1,15.3,2880,1864,224,3,4,0,20,160,16,0,0,4,1024.0,0,18.0,1,144990.0
2207,1,6005,203,1.51,28,1,15.3,2880,1864,224,3,4,0,20,160,16,0,0,4,1024.0,0,18.0,1,139990.0
2208,9,74,11,1.69,16,1,15.6,1920,1080,141,0,5,0,12,133,16,0,0,4,1024.0,0,5.0,1,50310.0
2209,1,5977,203,1.51,28,1,15.3,2880,1864,224,3,4,0,20,160,24,0,0,4,1024.0,0,18.0,1,159990.0
2210,15,2033,154,1.62,16,1,15.6,1920,1080,141,1,5,0,4,13,8,0,0,4,1024.0,0,6.0,1,39990.0
2211,15,2090,142,1.54,16,1,15.6,1366,768,100,0,1,0,4,161,8,0,0,4,1024.0,0,11.0,1,25990.0
2212,0,3632,28,1.5,16,1,15.6,1366,768,100,0,1,0,4,160,8,0,0,4,1024.0,0,6.5,1,25990.0
2213,1,5974,203,1.51,28,1,15.3,2880,1864,224,3,4,0,20,160,16,0,0,4,1024.0,0,15.0,1,118990.0
2214,15,1043,155,1.46,16,1,14.0,1920,1200,162,0,5,0,12,160,16,0,0,4,1024.0,0,6.0,1,60990.0
2215,15,1094,486,1.35,16,1,14.0,1920,1200,162,0,5,0,18,155,16,0,0,4,1024.0,0,18.0,1,79990.0
2216,15,1096,145,1.6,16,1,14.0,1920,1200,162,0,5,1,12,160,16,0,0,4,1024.0,0,8.0,1,72190.0
2217,15,1055,143,1.43,16,1,14.0,1920,1080,157,0,3,0,10,160,8,0,0,4,1024.0,0,6.0,1,36990.0
2218,2,7499,427,2.63,16,1,15.6,1920,1080,141,0,3,0,12,133,8,0,0,4,1024.0,0,3.0,1,35380.0
2219,9,1960,156,1.59,16,1,15.6,1920,1080,141,0,5,0,12,155,16,0,0,4,1024.0,0,6.0,1,58000.0
2220,6,3240,166,1.61,16,1,14.0,1920,1200,162,1,5,0,16,4,16,0,0,4,1024.0,0,4.0,1,62990.0
2221,15,2133,180,2.38,16,1,15.6,1920,1080,141,0,5,0,20,266,24,0,0,6,1024.0,0,6.0,1,86199.0
2222,2,7531,427,1.7,16,1,15.6,1920,1080,141,0,5,0,12,155,8,0,0,4,1024.0,0,6.0,1,46990.0
2223,15,5597,414,1.6,16,1,14.0,1920,1080,157,0,3,0,12,160,4,0,0,4,1024.0,0,5.0,1,32970.0
2224,1,5944,203,1.24,26,1,13.6,2560,1600,222,2,4,0,20,160,8,0,0,4,1024.0,0,18.0,1,79994.0
2225,15,5693,160,2.2,16,1,16.0,1920,1200,142,0,5,0,12,160,16,0,0,4,1024.0,0,6.0,1,60990.0
2226,25,6262,128,1.17,18,1,14.0,2880,1800,243,0,7,0,18,155,16,0,0,4,1024.0,0,6.0,1,99350.0
2227,1,5943,203,1.24,26,1,13.6,2560,1664,225,2,4,0,20,160,8,0,0,4,1024.0,0,18.0,1,60799.0
2228,1,6050,204,1.55,28,1,14.2,3024,1964,254,3,4,0,20,160,16,0,0,4,1024.0,0,24.0,1,162990.0
2229,1,5941,203,1.24,26,1,13.6,2560,1664,225,2,4,0,20,160,8,0,0,4,1024.0,0,18.0,1,79994.0
2230,0,6851,369,1.3,16,1,14.0,2880,1800,243,0,4,0,18,107,16,0,0,4,1024.0,0,6.0,1,79999.0
2231,9,2404,246,1.89,16,1,16.0,2560,1600,189,0,7,0,24,255,16,0,0,6,1024.0,0,10.0,1,105990.0
2232,0,6800,361,1.25,16,1,14.0,1920,1200,162,0,4,0,8,107,16,0,0,4,1024.0,0,6.0,1,89990.0
2233,0,6799,361,1.25,16,1,14.0,1920,1200,162,0,4,0,12,107,16,0,0,4,1024.0,0,6.0,1,104990.0
2234,15,2015,154,1.62,16,1,15.6,1920,1080,141,1,5,0,16,4,8,0,0,4,1024.0,0,10.0,1,44900.0
2235,9,2403,246,2.91,16,1,16.0,2560,1600,189,0,5,0,18,255,16,0,0,6,1024.0,0,6.0,1,82990.0
2236,25,6253,127,1.57,18,1,15.6,1920,1080,141,0,3,0,10,160,8,0,0,4,1024.0,0,6.0,1,40990.0
2237,9,1786,243,1.74,16,1,15.6,1920,1080,141,0,3,0,12,160,8,0,0,4,1024.0,0,6.0,1,49990.0
2238,2,5842,458,1.7,16,1,15.6,1920,1080,141,0,5,0,18,155,16,0,0,4,1024.0,0,8.0,1,63890.0
2239,0,3621,28,1.45,16,1,14.0,1920,1080,157,0,3,0,10,160,16,0,0,4,1024.0,0,6.0,1,33990.0
2240,1,6053,204,1.6,28,1,14.2,3024,1964,254,3,4,0,36,160,24,0,0,4,1024.0,0,22.0,1,229990.0
2241,16,4046,383,1.86,16,1,15.6,1920,1080,141,0,5,0,12,255,16,0,0,4,1024.0,0,6.0,1,59990.0
2242,15,2121,154,1.62,16,1,15.6,1920,1080,141,0,3,0,10,160,8,0,0,4,1024.0,0,12.0,1,37750.0
2243,6,3022,460,1.67,16,1,15.6,1920,1080,141,1,5,0,12,4,8,0,0,4,1024.0,0,7.0,1,34990.0
2244,9,2473,232,2.39,16,1,16.1,1920,1080,137,0,7,0,30,267,16,0,0,8,1024.0,0,6.0,1,128979.0
2245,2,7487,452,1.57,16,1,15.6,1920,1080,141,0,1,0,4,133,8,0,0,4,1024.0,0,6.0,1,24890.0
2246,1,6001,203,1.24,30,1,13.6,2560,1664,225,3,4,0,20,160,16,0,0,4,1024.0,0,18.0,1,99494.0
2247,2,7454,424,1.6,16,1,14.0,1920,1080,157,0,3,0,6,160,8,0,0,4,1024.0,0,6.0,1,30990.0
2248,6,3417,469,2.31,18,1,17.0,3840,2400,266,0,9,1,24,268,32,0,0,8,1024.0,0,6.0,1,221990.0
2249,1,5937,203,1.24,28,1,13.6,2560,1664,225,2,4,0,20,160,16,0,0,4,1024.0,0,18.0,1,81994.0
2250,9,2474,232,2.39,16,1,16.1,1920,1080,137,0,7,0,30,266,16,0,0,6,1024.0,0,6.0,1,128480.0
2251,1,5971,203,1.24,28,1,13.6,2560,1664,225,3,4,0,20,160,24,0,0,4,1024.0,0,18.0,1,136990.0
2252,1,5973,203,1.51,28,1,15.3,2880,1864,224,3,4,0,20,160,16,0,0,4,1024.0,0,18.0,1,118990.0
2253,1,5976,203,1.51,28,1,15.3,2880,1864,224,3,4,0,20,160,16,0,0,4,1024.0,0,18.0,1,102994.0
2254,1,5969,203,1.24,28,1,13.6,2560,1664,225,3,4,0,20,160,24,0,0,4,1024.0,0,18.0,1,136990.0
2255,1,5975,203,1.51,28,1,15.3,2880,1864,224,3,4,0,20,160,16,0,0,4,1024.0,0,18.0,1,123000.0
2256,1,5940,203,1.24,28,1,13.6,2560,1664,225,2,4,0,20,160,16,0,0,4,1024.0,0,18.0,1,80990.0
2257,1,5938,203,1.24,28,1,13.6,2560,1664,225,2,4,0,20,160,16,0,0,4,1024.0,0,18.0,1,81994.0
2258,1,6063,204,2.14,28,1,16.2,3456,2234,254,3,4,0,36,160,48,0,0,4,1024.0,0,24.0,1,279990.0
2259,1,5972,203,1.24,28,1,13.6,2560,1664,225,3,4,0,20,160,24,0,0,4,1024.0,0,18.0,1,144990.0
2260,1,6059,204,3.48,28,1,16.2,3456,2234,254,3,4,0,36,160,48,0,0,4,1024.0,0,24.0,1,279990.0
2261,1,5970,203,1.24,28,1,13.6,2560,1664,225,3,4,0,20,160,24,0,0,4,1024.0,0,18.0,1,154900.0
2262,1,6035,204,1.55,28,1,14.2,3024,1964,254,3,4,0,20,160,24,0,0,4,1024.0,0,24.0,1,195990.0
2263,1,6054,204,1.62,28,1,14.2,3024,1964,254,3,4,0,36,160,36,0,0,4,1024.0,0,18.0,1,299990.0
2264,1,6060,204,2.15,28,1,16.2,3456,2234,254,3,4,0,36,160,36,0,0,4,1024.0,0,21.0,1,334990.0
2265,6,3413,464,1.18,16,1,13.4,2880,1800,253,0,4,1,12,107,32,0,0,4,1024.0,0,6.0,1,249111.0
2266,9,1005,239,1.34,16,1,14.0,2240,1400,189,3,4,1,12,379,16,0,0,4,1024.0,0,6.0,1,131463.0
2267,6,3265,116,2.81,16,1,15.6,1920,1080,141,0,7,0,24,266,16,0,0,6,1024.0,0,6.0,1,131199.0
2268,6,3269,116,2.81,16,1,15.6,1920,1080,141,0,5,0,20,255,16,0,0,6,1024.0,0,6.0,1,78490.0
2269,6,3412,464,1.18,16,1,13.4,1920,1200,169,0,4,0,12,107,16,0,0,4,1024.0,0,6.0,1,211772.0
2270,6,3237,166,1.53,16,1,14.0,1920,1200,162,3,4,0,12,379,16,0,0,4,1024.0,0,6.0,1,118067.0
2271,16,3635,353,2.1,16,1,16.0,2560,1600,189,1,4,0,12,267,32,0,0,8,1024.0,0,6.0,1,207990.0
2272,9,278,500,2.01,18,1,15.6,1920,1080,141,0,9,0,24,354,32,0,0,6,1024.0,0,6.0,1,229999.0
2273,9,396,12,1.74,0,1,15.6,1366,768,100,0,5,0,12,155,16,0,0,4,1024.0,0,6.0,1,56990.0
2274,8,4005,156,3.93,16,1,16.0,2560,1600,189,0,9,0,36,268,32,0,0,8,1024.0,0,8.0,1,189990.0
2275,0,4000,227,2.5,16,1,16.0,1920,1200,142,0,5,0,12,266,16,0,0,6,1024.0,0,6.0,1,102990.0
2276,9,1935,156,1.59,16,1,15.6,1920,1080,141,1,3,0,4,4,8,0,0,4,1024.0,0,6.0,1,29920.0
2277,9,2574,232,2.78,16,1,17.3,2560,1440,170,0,7,0,30,267,16,0,0,8,1024.0,0,6.0,1,126900.0
2278,15,5603,390,1.59,18,1,14.0,1920,1080,157,0,5,0,12,133,16,0,0,4,1024.0,0,6.0,1,79900.0
2279,0,3999,227,2.5,16,1,16.0,1920,1200,142,0,7,0,12,266,16,0,0,6,1024.0,0,6.0,1,109999.0
2280,16,3452,67,1.6,16,1,14.0,1920,1200,162,0,5,0,12,255,16,0,0,6,1024.0,0,6.0,1,69990.0
2281,15,2115,154,1.62,16,1,15.6,1920,1080,141,0,7,0,24,160,16,0,0,4,1024.0,0,6.0,1,68990.0
2282,25,3042,126,1.23,16,1,14.0,2880,1800,243,0,4,1,18,107,16,0,0,4,1024.0,0,6.0,1,131990.0
2283,25,6264,132,1.66,16,1,16.0,2880,1800,212,0,4,1,24,107,16,0,0,4,1024.0,0,7.5,1,174990.0
2284,6,2963,168,1.65,16,1,15.6,1920,1080,141,0,3,0,12,160,8,0,0,4,1024.0,0,7.0,1,37490.0
2285,15,257,154,1.37,18,1,14.1,1920,1080,156,0,5,0,12,160,8,0,0,4,1024.0,0,6.0,1,49490.0
2286,0,3857,34,1.7,16,1,15.6,1920,1080,141,0,5,0,12,160,12,0,0,4,1024.0,0,6.0,1,47990.0
2287,9,1008,237,1.34,16,1,14.0,2880,1800,243,0,4,1,12,107,32,0,1,4,1024.0,0,6.0,1,187400.0
2288,15,1057,143,1.43,16,1,14.0,1920,1080,157,0,3,0,10,160,16,0,1,4,1024.0,0,6.0,1,39690.0
2289,9,1006,237,1.34,16,1,14.0,2880,1800,243,0,4,1,12,107,16,0,1,4,1024.0,0,6.0,1,177998.0
2290,9,1007,237,1.34,16,1,14.0,2880,1800,243,0,4,1,12,107,32,0,1,4,1024.0,0,6.0,1,187590.0
2291,15,1075,488,1.39,16,1,14.0,1920,1200,162,0,4,0,24,107,16,0,1,4,1024.0,0,6.0,1,93990.0
2292,0,3859,34,1.7,16,1,15.6,1920,1080,141,0,5,0,12,160,16,0,0,4,1024.0,0,6.0,1,49900.0
2293,16,4112,63,2.29,18,1,16.0,2560,1600,189,0,7,0,12,346,32,0,0,8,1024.0,0,6.0,1,265990.0
2294,15,2130,180,2.38,16,1,15.6,1920,1080,141,0,7,0,24,255,16,0,0,6,1024.0,0,6.0,1,90490.0
2295,16,4124,269,1.5,16,1,16.0,2560,1600,189,0,4,0,24,107,16,0,0,4,1024.0,0,6.0,1,99990.0
2296,0,3873,17,1.99,16,1,15.6,1920,1080,141,0,7,0,12,255,16,0,0,6,1024.0,0,6.0,1,72999.0
2297,15,2132,180,2.38,16,1,15.6,1920,1080,141,0,7,0,24,266,16,0,0,6,1024.0,0,6.0,1,104490.0
2298,15,2075,180,2.38,16,1,15.6,1920,1080,141,0,5,0,12,248,12,0,1,4,1024.0,0,6.0,1,62490.0
2299,6,3364,166,1.58,16,1,14.0,1920,1200,162,0,7,1,12,155,16,0,0,4,1024.0,0,6.0,1,100190.0
2300,15,2058,154,1.62,16,1,15.6,1920,1080,141,0,5,0,12,160,8,0,1,4,1024.0,0,6.0,1,46899.0
2301,0,6507,257,2.6,16,1,14.5,1920,1200,156,0,4,0,24,266,16,0,0,6,1024.0,0,6.0,1,139990.0
2302,2,5723,275,0.85,16,1,13.3,2880,1800,255,3,4,1,12,379,16,0,1,4,1024.0,0,6.0,1,120990.0
2303,15,19,396,2.2,18,1,16.0,1900,1200,140,0,7,0,12,355,16,0,0,4,1024.0,0,6.0,1,165900.0
2304,16,4205,60,2.38,18,1,16.0,2560,1600,189,0,7,0,12,266,32,0,0,6,1024.0,0,6.0,1,154990.0
2305,15,2497,155,1.82,16,1,16.0,1920,1200,142,0,4,0,18,107,16,0,1,4,1024.0,0,6.0,1,70990.0
2306,2,4577,376,1.46,18,1,14.0,2560,1600,216,1,7,0,24,266,16,0,1,6,1024.0,0,6.0,1,114990.0
2307,2,7547,427,1.7,16,1,15.6,1920,1080,141,0,5,0,12,155,8,0,0,4,1024.0,0,6.0,1,42190.0
2308,2,6784,443,1.5,16,1,15.6,2880,1620,212,0,4,0,24,107,16,0,1,4,1024.0,0,6.0,1,152990.0
2309,25,6259,135,1.23,16,1,14.0,2880,1800,243,0,4,1,12,110,16,0,0,8,1024.0,0,21.0,1,139990.0
2310,9,1953,156,1.59,16,1,15.6,1920,1080,141,0,5,0,12,155,8,0,1,4,1024.0,0,6.0,1,54990.0
2311,2,7551,427,1.7,16,1,15.6,1920,1080,141,0,5,0,12,155,16,0,1,4,1024.0,0,6.0,1,48990.0
2312,6,2984,168,1.68,16,1,15.6,1920,1080,141,1,5,0,8,4,8,0,0,4,1024.0,0,6.0,1,40200.0
2313,16,3472,62,2.49,18,1,17.0,2560,1600,178,0,9,1,12,268,64,0,0,8,1024.0,0,6.0,1,299990.0
2314,16,4206,60,2.38,18,1,16.0,2560,1600,189,0,7,0,12,267,32,0,0,8,1024.0,0,6.0,1,149990.0
2315,16,3456,67,1.6,16,1,14.0,1920,1200,162,0,7,0,24,266,16,0,0,6,1024.0,0,6.0,1,91790.0
2316,16,4183,216,1.4,16,1,14.0,1920,1080,157,0,5,0,12,155,8,0,0,4,1024.0,0,6.0,1,36990.0
2317,16,4192,216,1.4,16,1,14.0,1920,1080,157,0,3,0,12,160,16,0,0,4,1024.0,0,6.0,1,35490.0
2318,0,3988,227,2.1,16,1,15.6,1920,1080,141,0,5,0,12,266,16,0,0,6,1024.0,0,6.0,1,82990.0
2319,16,4118,373,2.2,16,1,16.0,1920,1200,142,0,9,0,12,267,16,0,0,8,1024.0,0,6.0,1,149990.0
2320,16,3796,328,3.6,18,1,18.0,2560,1600,168,1,4,0,12,269,32,0,0,12,1024.0,0,6.0,1,269990.0
2321,9,1861,423,2.29,16,1,15.6,1920,1080,141,0,7,0,24,266,16,0,0,6,1024.0,0,8.3,1,84990.0
2322,15,1131,488,1.28,16,1,14.5,2944,1840,239,3,4,1,12,376,32,0,0,4,1024.0,0,6.0,1,120990.0
2323,15,1045,154,1.37,16,1,14.0,1920,1080,157,0,5,0,12,160,8,0,0,4,1024.0,0,6.0,1,45990.0
2324,16,3473,62,2.49,18,1,17.0,2560,1600,178,0,7,1,12,268,32,0,0,8,1024.0,0,6.0,1,279990.0
2325,9,317,3,2.2,0,1,14.0,1366,768,112,0,3,0,10,155,8,0,0,4,1024.0,0,6.0,1,36970.0
2326,25,6252,127,1.57,18,1,15.6,1920,1080,141,0,5,0,12,155,16,0,0,4,1024.0,0,14.0,1,64990.0
2327,9,368,497,1.41,0,1,14.0,1920,1200,162,0,4,0,12,106,16,0,0,4,1024.0,0,6.0,1,99800.0
2328,15,2078,180,2.38,16,1,15.6,1920,1080,141,0,5,0,12,266,24,0,1,6,1024.0,0,6.0,1,78990.0
2329,6,3264,116,2.81,16,1,15.6,1920,1080,141,0,7,0,24,267,16,0,0,8,1024.0,0,6.0,1,119490.0
2330,6,3232,166,1.56,16,1,14.0,1920,1200,162,0,4,0,12,106,16,0,1,4,1024.0,0,6.0,1,105990.0
2331,12,7952,140,1.78,18,1,16.0,1920,1200,142,0,7,0,12,160,16,0,0,4,1024.0,0,8.0,1,39990.0
2332,15,199,148,1.5,16,1,14.0,1920,1200,162,0,3,1,10,160,8,0,1,4,1024.0,0,6.0,1,57999.0
2333,9,1955,156,1.59,16,1,15.6,1920,1080,141,0,3,0,10,160,8,0,0,4,1024.0,0,7.45,1,38899.0
2334,0,3860,34,1.59,16,1,15.6,1920,1080,141,0,3,0,12,133,8,0,0,4,1024.0,0,6.0,1,32700.0
2335,9,696,244,1.0,16,1,13.3,1920,1200,170,1,5,0,16,4,16,0,0,4,1024.0,0,11.3,1,77290.0
2336,8,5103,156,2.5,18,1,16.0,1920,1200,142,0,7,0,24,266,16,0,0,6,1024.0,0,6.0,1,102283.0
2337,15,5683,195,2.2,16,1,16.0,2560,1600,189,1,4,0,12,267,16,0,1,8,1024.0,0,6.0,1,152790.0
2338,0,3971,227,2.1,16,1,15.6,1920,1080,141,1,5,0,12,255,16,0,0,6,1024.0,0,6.0,1,55470.0
2339,15,168,144,1.45,3,1,15.6,1920,1080,141,0,1,0,12,160,8,0,0,4,1024.0,0,10.0,1,21990.0
2340,9,1175,51,1.37,3,1,14.0,1920,1080,157,0,3,1,6,160,8,0,0,4,1024.0,0,10.15,1,47990.0
2341,9,1176,51,1.37,3,1,14.0,1920,1080,157,0,3,1,6,160,8,0,0,4,1024.0,0,10.15,1,48990.0
2342,16,4097,383,1.86,16,1,15.6,1920,1080,141,0,7,0,12,266,16,0,0,6,1024.0,0,6.0,1,88990.0
2343,16,4029,218,1.7,16,1,15.6,1920,1080,141,0,7,0,12,155,16,0,0,4,1024.0,0,6.0,1,49999.0
2344,16,3494,348,1.99,16,1,16.0,2560,1600,189,0,4,0,24,268,32,0,0,8,1024.0,0,6.0,1,280990.0
2345,9,2166,48,1.49,3,1,15.6,1920,1080,141,0,3,0,6,160,8,0,0,4,1024.0,0,6.0,1,38999.0
2346,16,4043,383,1.86,16,1,15.6,1920,1080,141,0,5,0,12,255,16,0,0,4,1024.0,0,6.0,1,62990.0
2347,25,6256,131,1.23,16,1,14.0,2880,1800,243,0,4,1,24,107,32,0,0,4,1024.0,0,7.5,1,156990.0
2348,0,3639,29,1.54,16,1,14.0,1920,1200,162,0,3,1,12,160,8,0,0,4,1024.0,0,8.5,1,41900.0
2349,15,2135,180,2.38,16,1,15.6,1920,1080,141,0,5,0,20,255,16,0,0,6,1024.0,0,4.0,1,74990.0
2350,25,6255,131,1.23,16,1,14.0,2880,1800,243,0,4,1,24,107,16,0,0,4,1024.0,0,7.5,1,124990.0
2351,15,266,146,1.5,16,1,14.0,1920,1200,162,0,5,1,12,160,16,0,0,4,1024.0,0,6.0,1,70300.0
2352,15,5629,390,1.41,16,1,14.0,1920,1200,162,0,5,0,12,155,16,0,0,4,1024.0,0,6.0,1,83000.0
2353,2,4300,48,1.8,3,1,15.6,1920,1080,141,0,1,0,12,160,4,0,0,4,1024.0,0,10.0,1,17990.0
2354,9,2407,243,1.79,16,1,16.0,1920,1200,142,1,5,0,16,4,16,0,0,4,1024.0,0,6.0,1,62990.0
2355,9,340,497,1.41,18,1,14.0,1920,1200,162,0,4,0,24,355,32,0,0,4,1024.0,0,6.0,1,143800.0
2356,18,6978,156,1.22,16,1,13.8,2304,1536,201,3,4,0,12,380,16,0,0,4,1024.0,0,13.0,1,150990.0
2357,15,729,480,1.34,16,1,13.3,2880,1800,255,0,4,1,12,133,32,0,0,4,1024.0,0,7.0,1,239990.0
2358,9,339,497,1.41,18,1,14.0,1920,1200,162,0,4,0,24,355,16,0,0,4,1024.0,0,6.0,1,136800.0
2359,28,5731,223,1.65,16,1,15.6,1920,1080,141,0,3,0,12,160,8,0,0,4,1024.0,0,6.0,1,28990.0
2360,25,6263,132,1.66,16,1,16.0,2880,1800,212,0,4,1,24,107,16,0,0,4,1024.0,0,7.5,1,163990.0
2361,15,2501,484,2.0,16,1,16.0,3200,2000,236,0,4,1,24,266,32,0,0,6,1024.0,0,7.0,1,181990.0
2362,0,3032,26,2.32,16,1,15.6,3840,2160,282,0,7,0,12,266,16,0,0,6,1024.0,0,6.0,1,174990.0
2363,9,697,244,1.0,16,1,13.3,1920,1200,170,1,7,0,16,4,16,0,0,4,1024.0,0,8.0,1,84990.0
2364,0,3033,26,2.32,16,1,15.6,3840,2160,282,0,5,0,12,248,16,0,0,4,1024.0,0,6.0,1,149990.0
2365,15,1074,476,1.49,16,1,14.0,2880,1800,243,0,4,1,24,107,32,0,0,4,1024.0,0,6.0,1,179990.0
2366,2,4795,380,2.2,16,1,15.6,1920,1080,141,0,7,0,24,255,16,0,0,4,1024.0,0,6.0,1,76390.0
2367,28,5734,223,1.65,16,1,15.6,1920,1080,141,0,7,0,12,155,16,0,0,4,1024.0,0,6.0,1,37990.0
2368,9,2367,156,1.69,16,1,15.6,1920,1080,141,0,3,0,10,160,8,0,0,4,1024.0,0,6.0,1,33990.0
2369,2,4600,377,2.2,16,1,15.6,1920,1080,141,1,7,0,20,266,16,0,0,6,1024.0,0,6.0,1,84990.0
2370,0,3814,34,1.59,16,1,15.6,1920,1080,141,1,3,0,12,4,16,0,0,4,1024.0,0,6.0,1,29990.0
2371,0,3835,34,1.59,16,1,15.6,1920,1080,141,0,5,0,12,133,8,0,0,4,1024.0,0,6.0,1,46990.0
2372,18,6980,156,1.66,16,1,15.0,2496,1664,200,3,4,0,12,380,16,0,0,4,1024.0,0,15.0,1,126300.0
2373,15,1083,482,1.59,16,1,14.5,2880,1800,234,0,4,0,24,266,16,0,0,6,1024.0,0,6.0,1,123990.0
2374,6,3410,464,1.19,16,1,13.4,2880,1800,253,3,4,1,12,379,32,0,0,4,1024.0,0,6.0,1,227418.0
2375,6,3302,460,1.98,16,1,16.0,1920,1200,142,0,5,0,12,160,8,0,0,4,1024.0,0,7.0,1,93999.0
2376,2,4592,377,2.3,16,1,15.6,1920,1080,141,1,7,0,20,255,16,0,0,4,1024.0,0,6.0,1,64300.0
2377,18,7008,156,1.0,16,1,13.8,2880,1920,251,3,4,1,12,380,16,0,0,4,1024.0,0,10.0,1,126990.0
2378,18,6977,156,1.22,16,1,13.8,2304,1536,201,3,4,0,12,380,16,0,0,4,1024.0,0,13.0,1,150990.0
2379,18,6982,156,1.22,16,1,13.8,2304,1536,201,3,4,0,12,380,16,0,0,4,1024.0,0,13.0,1,170990.0
2380,18,6975,156,1.22,16,1,13.8,2304,1536,201,3,4,0,12,380,16,0,0,4,1024.0,0,13.0,1,126990.0
2381,16,734,419,2.67,16,1,16.0,2560,1600,189,0,7,0,12,268,16,0,0,8,1024.0,0,6.0,1,155990.0
2382,0,3998,227,2.5,16,1,16.0,1920,1200,142,1,7,0,12,267,16,0,0,8,1024.0,0,7.0,1,112990.0
2383,0,3663,30,1.4,16,1,14.0,1920,1200,162,0,5,0,12,155,8,0,0,4,1024.0,0,6.0,1,41990.0
2384,9,1174,48,1.45,3,1,14.0,1920,1080,141,0,2,0,6,160,4,0,0,4,1024.0,0,12.0,1,29585.0
2385,18,6983,156,1.66,16,1,15.0,2496,1664,200,3,4,0,12,380,16,0,0,4,1024.0,0,15.0,1,183999.0
2386,15,1052,143,1.43,16,1,14.0,1920,1080,157,0,3,0,10,160,8,0,0,4,1024.0,0,7.0,1,32985.0
2387,2,7208,519,1.28,16,1,14.0,2880,1800,243,0,4,1,24,107,32,0,0,4,1024.0,0,6.0,1,170990.0
2388,2,5777,425,1.45,16,1,14.0,1920,1200,162,0,7,0,24,248,16,0,0,4,1024.0,0,6.0,1,86990.0
2389,8,4946,156,2.8,16,1,15.6,1920,1080,141,0,7,0,12,267,16,0,0,6,1024.0,0,8.0,1,105624.0
2390,9,2366,156,1.69,16,1,15.6,1920,1080,141,0,3,0,10,160,8,0,0,4,1024.0,0,7.3,1,30999.0
2391,8,4953,156,2.8,16,1,15.6,1920,1080,141,0,5,0,12,266,16,0,0,6,1024.0,0,6.0,1,91257.0
2392,16,4150,177,2.7,16,1,17.3,1920,1080,127,1,4,0,12,266,16,0,0,6,1024.0,0,6.0,1,114990.0
2393,8,5082,156,2.3,16,1,16.0,1920,1200,142,0,7,0,12,267,16,0,0,8,1024.0,0,6.0,1,105226.0
2394,8,5083,156,2.3,16,1,16.0,1920,1200,142,0,7,0,12,266,16,0,0,6,1024.0,0,6.0,1,74990.0
2395,15,2028,142,1.58,16,1,15.6,1920,1080,141,1,5,0,12,13,8,0,0,4,1024.0,0,10.0,1,36600.0
2396,16,4217,266,1.7,16,1,14.0,1920,1200,162,0,4,0,18,107,16,0,0,4,1024.0,0,6.0,1,84990.0
2397,2,7535,427,1.7,16,1,15.6,1920,1080,141,0,5,0,12,155,16,0,0,4,1024.0,0,6.0,1,50990.0
2398,16,4076,219,1.9,16,1,15.6,1920,1080,141,0,9,0,12,155,16,0,0,4,1024.0,0,6.0,1,69990.0
2399,15,728,491,1.0,16,1,13.3,2560,1600,227,0,7,1,12,155,16,0,1,4,1024.0,0,10.0,1,118990.0
2400,15,4228,156,1.65,12,1,14.0,1920,1080,157,0,5,1,6,166,8,0,0,4,1024.0,0,6.0,1,66990.0
2401,9,2417,423,2.46,16,1,16.1,1920,1080,137,0,5,0,12,209,16,0,1,4,1024.0,0,6.0,1,68500.0
2402,6,799,188,2.1,14,1,14.0,1366,768,112,0,5,0,6,166,4,0,0,4,1024.0,0,10.0,1,47899.0
2403,15,3341,156,1.1,14,1,13.3,1920,1080,166,0,7,0,4,129,8,0,0,4,1024.0,0,6.0,1,74990.0
2404,16,527,178,2.25,12,1,15.6,1920,1080,141,0,5,0,12,255,8,0,0,4,1024.0,0,4.0,1,74999.0
2405,15,7366,156,1.85,0,1,15.6,1920,1080,141,0,5,0,6,160,4,0,0,4,1024.0,0,6.0,1,42970.0
2406,2,5278,318,1.72,16,1,14.0,2560,1600,216,1,4,0,16,64,16,0,0,8,1024.0,0,8.0,1,173885.0
2407,9,3332,277,2.2,12,1,13.3,1920,1080,166,1,5,0,12,1,8,0,0,4,1024.0,0,6.0,1,69990.0
2408,15,7394,156,2.59,0,1,15.6,1920,1080,141,0,3,0,12,133,4,0,0,4,1024.0,0,6.0,1,34998.0
2409,2,4633,377,2.2,16,1,15.6,2560,1440,188,1,7,0,16,259,16,0,0,6,1024.0,0,6.0,1,144990.0
2410,15,2,385,1.5,12,1,14.0,1920,1080,157,0,3,0,4,160,4,0,0,4,1024.0,0,6.0,1,36990.0
2411,7,3093,46,0.9,16,1,13.3,1920,1080,166,0,7,0,12,155,16,0,0,4,1024.0,0,10.0,1,69990.0
2412,6,3236,166,1.53,16,1,14.0,1920,1200,162,3,4,0,12,379,16,0,0,4,1024.0,0,6.0,1,82990.0
2413,9,8021,97,1.3,12,1,13.3,1920,1080,166,1,3,1,6,84,4,0,0,4,1024.0,0,6.0,1,79339.0
2414,2,7280,528,1.2,16,1,14.0,2880,1800,243,0,4,1,12,107,32,0,0,4,1024.0,0,6.0,1,149990.0
2415,2,4331,512,1.7,16,1,14.5,2880,1800,234,0,7,1,24,155,16,0,0,4,1024.0,0,6.0,1,158812.0
2416,15,7330,156,1.6,0,1,14.0,1366,768,112,0,5,0,8,155,8,0,1,4,1024.0,0,6.0,1,40960.0
2417,9,1663,243,2.17,12,1,15.6,1920,1080,141,0,5,0,8,201,8,0,0,4,1024.0,0,6.0,1,67990.0
2418,15,5667,478,1.4,16,1,14.0,3840,2160,315,0,7,1,24,155,16,0,0,4,1024.0,0,14.0,1,179759.0
2419,6,3291,460,1.91,16,1,16.0,1920,1080,138,1,7,0,4,4,16,0,0,4,1024.0,0,7.0,1,76000.0
2420,2,6331,437,1.8,16,1,15.6,1920,1080,141,1,7,0,16,255,16,0,0,4,1024.0,0,6.0,1,92500.0
2421,6,8000,19,2.2,15,1,17.3,1920,1080,127,0,9,0,24,264,32,0,0,16,1024.0,0,6.0,1,297000.0
2422,2,4602,380,2.2,16,1,15.6,1920,1080,141,1,7,0,20,256,16,0,0,4,1024.0,0,6.0,1,108000.0
2423,2,7536,427,1.7,16,1,15.6,1920,1080,141,0,5,0,12,155,16,0,1,4,1024.0,0,6.0,1,50990.0
2424,6,632,463,1.24,16,1,13.4,3840,2160,329,0,5,1,12,155,16,0,0,4,1024.0,0,6.0,1,163660.0
2425,16,5413,156,2.4,12,1,15.6,1920,1080,141,0,7,0,12,251,32,0,0,8,1024.0,0,6.0,1,258390.0
2426,6,1473,463,1.5,16,1,15.6,1920,1080,141,0,7,1,12,349,16,0,0,4,1024.0,0,6.0,1,232221.0
2427,15,6424,402,2.07,12,1,15.6,1920,1080,141,0,7,0,12,245,16,0,0,4,1024.0,0,6.0,1,154000.0
2428,2,7784,427,1.75,12,1,15.6,1920,1080,141,0,7,0,8,237,8,0,0,2,1024.0,0,7.0,1,78990.0
2429,2,1518,514,4.0,16,1,15.6,3840,2160,282,0,7,1,24,259,16,0,0,6,1024.0,0,6.0,1,234990.0
2430,0,3880,225,2.7,12,1,15.6,1920,1080,141,1,4,0,2,75,8,0,0,4,1024.0,0,6.0,1,59920.0
2431,2,5774,447,1.8,16,1,15.6,1920,1080,141,1,7,0,12,4,16,0,0,4,1024.0,0,6.0,1,63999.0
2432,18,6971,156,1.27,16,1,13.5,1920,1080,163,0,5,1,12,133,8,0,0,4,1024.0,0,18.0,1,77990.0
2433,18,6973,156,1.56,16,1,15.0,2496,1664,200,0,7,1,12,155,8,0,0,4,1024.0,0,17.0,1,104990.0
2434,15,7326,156,2.2,16,1,14.0,1920,1080,157,0,3,0,12,160,8,0,0,4,1024.0,0,6.0,1,35590.0
2435,1,6061,204,2.15,28,1,16.2,3456,2234,254,3,4,0,36,160,48,0,0,4,1024.0,0,21.0,1,381990.0
2436,6,636,463,1.4,12,1,13.3,1920,1080,166,0,7,0,8,166,16,0,0,4,1024.0,0,6.0,1,122475.0
2437,9,1654,232,2.56,11,1,15.6,3840,2160,282,0,7,0,6,206,16,0,0,6,1024.0,0,6.0,1,142990.0
2438,9,2435,423,2.48,16,1,16.1,1920,1080,137,1,5,0,16,255,8,0,0,4,1024.0,0,11.45,1,78900.0
2439,15,6440,402,2.2,18,1,15.6,1920,1080,141,0,7,0,24,340,32,0,0,4,1024.0,0,6.0,1,189900.0
2440,2,5773,447,1.8,16,1,15.6,1920,1080,141,1,5,0,11,4,16,0,0,4,1024.0,0,6.0,1,62990.0
2441,6,628,463,1.6,15,1,13.0,2880,1920,266,0,7,1,12,155,16,0,0,4,1024.0,0,6.0,1,165462.0
2442,6,2557,463,2.57,16,1,17.0,3840,2400,266,0,9,0,24,259,32,0,0,6,1024.0,0,6.0,1,331353.0
2443,15,127,159,1.4,3,1,14.0,1920,1080,157,0,1,0,4,161,4,0,0,4,1024.0,0,6.0,1,17999.0
2444,6,2869,460,1.69,16,1,15.6,1920,1080,141,0,3,0,6,160,8,0,0,4,1024.0,0,7.0,1,44990.0
2445,6,1476,463,1.8,12,1,15.6,1920,1080,141,0,7,0,8,205,16,0,1,4,1024.0,0,6.0,1,153603.0
2446,18,6993,156,1.12,16,1,12.4,1536,1024,149,0,5,1,8,155,8,0,0,4,1024.0,0,13.5,1,73999.0
2447,2,7856,427,1.8,18,1,15.6,1366,768,100,0,2,0,4,162,4,0,0,4,1024.0,0,6.0,1,30790.0
2448,15,3342,479,1.12,12,1,13.3,1920,1080,166,0,5,1,6,166,8,0,0,4,1024.0,0,6.0,1,94990.0
2449,15,7334,156,1.6,0,1,14.0,1366,768,112,0,3,0,6,160,8,0,0,4,1024.0,0,6.0,1,31910.0
2450,2,5281,318,1.65,16,1,14.0,1920,1200,162,1,7,0,20,64,16,0,0,8,1024.0,0,8.0,1,151990.0
2451,18,6994,156,1.12,16,1,12.4,1536,1024,149,0,5,1,8,155,8,0,0,4,1024.0,0,13.5,1,80999.0
2452,15,4479,156,1.6,12,1,14.0,1920,1080,157,1,4,0,4,4,4,0,0,4,1024.0,0,11.0,1,22283.0
2453,9,1765,245,1.98,12,1,15.6,1920,1080,141,1,7,0,16,255,16,0,0,4,1024.0,0,6.0,1,92490.0
2454,0,3506,28,1.9,16,1,14.0,1366,768,112,1,4,0,12,24,4,0,0,4,1024.0,0,9.5,1,20899.0
2455,9,1649,243,2.02,11,1,15.6,1366,768,100,0,5,0,6,195,8,0,0,2,1024.0,0,6.0,1,58990.0
2456,8,4003,156,2.4,16,1,15.6,2560,1440,188,0,7,0,12,262,16,0,0,8,1024.0,0,6.0,1,225337.0
2457,9,1170,48,1.46,3,1,14.0,1366,768,112,0,1,1,4,169,4,0,0,4,1024.0,0,14.0,1,43580.0
2458,2,644,447,0.78,16,1,13.3,1920,1080,166,0,2,1,4,160,4,0,0,4,1024.0,0,9.5,1,42990.0
2459,15,2120,154,1.62,16,1,15.6,1920,1080,141,0,5,0,12,160,16,0,0,4,1024.0,0,12.0,1,57890.0
2460,9,1927,423,2.29,16,1,15.6,1920,1080,141,1,4,0,16,267,16,0,0,8,1024.0,0,8.0,1,109990.0
2461,9,2392,232,2.32,16,1,16.1,1920,1080,137,1,7,0,16,256,16,0,0,4,1024.0,0,9.0,1,99990.0
2462,9,8073,243,1.5,12,1,14.0,1920,1080,157,0,5,1,8,154,8,0,0,4,1024.0,0,6.0,1,78478.0
2463,9,1976,156,1.65,15,1,15.6,1920,1080,141,0,4,0,18,133,16,0,0,4,1024.0,0,6.0,1,71990.0
2464,1,6190,204,1.4,23,1,13.0,2560,1600,232,0,5,0,6,147,16,0,0,4,1024.0,0,6.0,1,174900.0
2465,15,1035,154,1.37,16,1,14.0,1920,1080,157,1,5,0,4,13,8,0,0,4,1024.0,0,6.0,1,40190.0
2466,0,3862,34,1.59,16,1,15.6,1920,1080,141,0,3,0,12,160,16,0,0,4,1024.0,0,6.0,1,33490.0
2467,9,1819,232,2.37,12,1,15.6,1920,1080,141,1,7,0,16,259,16,0,0,6,1024.0,0,12.5,1,113490.0
2468,15,6922,156,1.7,16,1,15.6,1920,1080,141,0,5,0,8,155,8,0,0,4,1024.0,0,7.0,1,52990.0
2469,15,2060,154,1.62,16,1,15.6,1920,1080,141,0,5,0,12,388,16,0,0,4,1024.0,0,7.6,1,55400.0
2470,6,1368,460,2.1,12,1,15.6,1366,768,100,0,3,0,3,123,4,0,0,4,1024.0,0,6.0,1,37017.0
2471,6,4906,156,2.57,16,1,15.6,1920,1080,141,1,5,0,16,255,8,0,0,4,1024.0,0,10.0,1,95999.0
2472,18,7016,156,0.78,14,1,12.3,2736,1824,267,0,5,1,3,123,4,0,0,4,1024.0,0,9.0,1,79990.0
2473,6,2977,168,1.66,16,1,15.6,1366,768,100,1,4,0,12,4,8,0,0,4,1024.0,0,6.0,1,49852.0
2474,6,2845,460,1.48,15,1,14.0,1920,1080,157,0,3,0,10,133,8,0,0,4,1024.0,0,6.0,0,35990.0
2475,6,3215,166,1.53,16,1,14.0,1920,1200,162,0,5,0,12,155,16,0,1,4,1024.0,0,6.0,0,70190.0
2476,6,2971,460,1.66,16,1,15.6,1920,1080,141,0,3,0,10,160,8,0,0,4,1024.0,0,6.0,0,35990.0
2477,2,1479,48,1.8,3,1,15.6,1920,1080,141,0,1,0,4,160,8,0,0,4,1024.0,0,6.0,0,18990.0
2478,6,2968,460,1.66,16,1,15.6,1920,1080,141,0,5,0,12,155,16,0,0,4,1024.0,0,6.0,0,50989.0
2479,0,5908,26,1.59,16,1,15.6,1920,1080,141,0,3,0,12,160,8,0,0,4,1024.0,0,4.0,0,32990.0
2480,6,1423,168,2.3,11,1,15.6,1366,768,100,0,5,0,3,51,8,0,0,2,1024.0,0,5.0,0,59000.0
2481,0,3827,34,1.59,16,1,15.6,1920,1080,141,1,5,0,12,4,16,0,0,4,1024.0,0,6.0,0,38990.0
2482,9,1736,245,2.28,12,1,15.6,1920,1080,141,0,5,0,8,293,8,0,0,4,1024.0,0,6.0,0,76390.0
2483,16,3438,68,1.98,16,1,15.6,1920,1080,141,0,7,0,12,266,16,0,0,6,1024.0,0,6.0,0,89990.0
2484,9,1832,101,1.7,16,1,15.6,1920,1080,141,0,7,1,12,155,16,0,0,4,1024.0,0,6.0,0,127107.0
2485,9,2184,156,1.86,12,1,15.6,1366,768,100,0,3,0,3,123,4,0,0,4,1024.0,0,6.0,0,28990.0
2486,2,6068,156,1.6,12,1,14.0,1920,1080,157,1,3,1,12,42,4,0,0,4,1024.0,0,6.0,0,30184.0
2487,2,7834,427,1.8,16,1,15.6,1920,1080,141,0,3,0,4,160,8,0,0,4,1024.0,0,6.0,0,34225.0
2488,0,3764,31,2.15,16,1,15.6,1920,1080,141,1,5,0,11,209,8,0,0,4,1024.0,0,6.0,0,45990.0
2489,0,3757,31,2.15,12,1,15.6,1920,1080,141,1,5,0,6,293,8,0,0,4,1024.0,0,6.0,0,72990.0
2490,0,6388,156,1.8,12,1,14.0,1366,768,112,0,2,0,2,127,4,0,0,4,1024.0,0,6.0,0,23290.0
2491,9,2239,156,1.76,12,1,15.6,1920,1080,141,1,3,0,5,84,8,0,0,4,1024.0,0,6.0,0,24831.0
2492,1,6157,203,1.35,29,1,13.3,1440,900,128,0,5,0,3,126,8,0,0,4,1024.0,0,12.0,0,71990.0
2493,2,7894,427,1.9,12,1,15.6,1920,1080,141,0,3,0,3,129,4,0,0,4,1024.0,0,6.0,0,29404.0
2494,9,1184,156,1.47,12,1,14.0,1366,768,112,0,3,0,3,129,8,0,0,4,1024.0,0,6.0,0,33990.0
2495,15,6627,156,1.85,12,1,15.6,1920,1080,141,1,3,0,4,83,4,0,0,4,1024.0,0,6.0,0,28990.0
2496,15,6639,156,1.85,12,1,15.6,1920,1080,141,0,3,0,3,129,4,0,0,4,1024.0,0,6.0,0,30980.0
2497,15,2155,159,1.6,16,1,15.6,1920,1080,141,0,5,0,8,155,16,0,1,4,1024.0,0,7.0,0,52999.0
2498,9,2269,156,1.77,12,1,15.6,1920,1080,141,0,3,0,4,160,8,0,0,4,1024.0,0,6.0,0,45990.0
2499,0,3756,31,2.15,12,1,15.6,1920,1080,141,1,7,1,6,293,8,0,0,4,1024.0,0,6.0,0,57990.0
2500,25,7910,48,1.15,3,1,11.6,1366,768,135,0,1,0,2,116,4,0,0,4,1024.0,0,11.0,0,37874.0
2501,9,550,48,1.08,3,1,11.6,1366,768,135,3,4,1,2,176,4,0,0,4,1024.0,0,6.0,0,50587.0
2502,9,2213,156,1.91,12,1,15.6,1366,768,100,0,3,0,4,160,8,0,0,4,1024.0,0,6.0,0,38990.0
2503,2,6696,442,1.5,16,1,14.0,2880,1800,243,0,5,0,18,155,16,0,0,4,1024.0,0,4.0,0,65990.0
2504,16,5340,156,1.86,12,1,15.6,1920,1080,141,0,5,0,12,211,8,0,0,4,1024.0,0,6.0,0,49990.0
2505,15,6620,156,2.0,12,1,15.6,1366,768,100,1,4,0,1,44,4,0,0,4,1024.0,0,6.0,0,24990.0
2506,9,944,243,1.41,12,1,14.0,1920,1080,157,0,5,0,8,155,16,0,0,4,1024.0,0,6.0,0,66999.0
2507,15,6621,156,1.85,0,1,15.6,1366,768,100,1,4,0,1,43,4,0,0,4,1024.0,0,4.5,0,17990.0
2508,6,800,460,1.66,12,1,14.0,1920,1080,157,0,5,0,6,160,8,0,0,4,1024.0,0,10.0,0,57217.0
2509,15,2650,156,1.7,16,1,15.6,1920,1080,141,0,3,0,6,160,8,0,1,4,1024.0,0,7.0,0,35890.0
2510,0,3881,225,2.7,12,1,15.6,1920,1080,141,1,5,0,4,57,8,0,0,4,1024.0,0,5.0,0,79999.0
2511,0,3884,225,2.3,12,1,15.6,1920,1080,141,1,5,0,4,57,8,0,0,4,1024.0,0,6.0,0,47890.0
2512,6,795,460,1.79,12,1,14.0,1366,768,112,0,5,0,6,7,8,0,0,2,1024.0,0,6.0,0,50575.0
2513,9,932,156,1.47,12,1,14.0,1366,768,112,0,5,0,6,160,8,0,0,4,1024.0,0,6.0,0,53900.0
2514,9,2286,156,1.7,12,1,15.6,1920,1080,141,1,5,0,6,86,8,0,0,4,1024.0,0,6.0,0,45499.0
2515,9,1183,156,1.47,12,1,14.0,1366,768,112,0,5,0,6,166,8,0,0,4,1024.0,0,6.0,0,46990.0
2516,2,5770,447,1.8,16,1,15.6,1920,1080,141,1,5,0,11,4,8,0,0,4,1024.0,0,6.0,0,46990.0
2517,17,5900,47,1.5,11,1,11.6,1280,800,130,0,4,1,2,115,2,0,0,4,1024.0,0,10.0,0,17999.0
2518,0,3939,225,2.3,12,1,15.6,1920,1080,141,0,5,0,8,201,8,0,0,3,1024.0,0,11.0,0,55490.0
2519,25,7909,48,1.15,3,1,11.6,1366,768,135,0,1,0,2,116,4,0,0,4,1024.0,0,11.0,0,54211.0
2520,9,2272,156,1.77,12,1,15.6,1920,1080,141,0,3,0,6,160,8,0,0,4,1024.0,0,12.0,0,42990.0
2521,6,771,460,1.58,12,1,14.0,1920,1080,157,0,3,0,6,160,8,0,0,4,1024.0,0,10.0,0,55448.0
2522,9,1622,156,1.86,0,1,15.6,1920,1080,141,0,5,0,6,166,8,0,0,4,1024.0,0,11.5,0,40990.0
2523,9,2347,156,1.69,12,1,15.6,1920,1080,141,0,3,0,4,160,4,0,0,4,1024.0,0,6.0,0,41500.0
2524,2,7833,427,1.8,12,1,14.0,1920,1080,157,0,3,0,4,160,8,0,0,4,1024.0,0,6.0,0,33990.0
2525,2,4684,374,2.2,12,1,15.6,1920,1080,141,0,5,0,8,209,8,0,0,4,1024.0,0,6.0,0,138256.0
2526,9,1678,156,1.77,12,1,15.6,1920,1080,141,0,3,0,3,129,4,0,0,4,1024.0,0,6.0,0,35276.0
2527,2,4708,380,3.18,16,1,15.6,1920,1080,141,0,5,0,8,209,8,0,0,4,1024.0,0,6.0,0,113752.0
2528,15,698,156,2.1,12,1,15.6,1920,1080,141,1,4,0,2,43,4,0,0,4,1024.0,0,6.0,0,21990.0
2529,9,2255,156,1.74,12,1,15.6,1366,768,100,0,2,0,2,160,4,0,0,4,1024.0,0,8.0,0,29632.0
2530,15,3134,156,1.66,12,1,15.6,1920,1080,141,0,5,0,8,155,16,0,0,4,1024.0,0,6.0,0,58990.0
2531,2,6700,441,1.5,16,1,14.0,1920,1200,162,0,5,0,18,155,8,0,0,4,1024.0,0,6.0,0,62990.0
2532,2,6701,441,1.5,16,1,14.0,1920,1080,157,0,5,0,12,155,8,0,0,4,1024.0,0,6.0,0,62990.0
2533,2,7805,427,1.8,12,1,15.6,1920,1080,141,0,3,0,6,160,4,0,0,4,1024.0,0,6.0,0,26990.0
2534,6,1385,460,2.4,12,1,15.6,1366,768,100,0,3,0,3,129,4,0,0,4,1024.0,0,6.0,0,30590.0
2535,17,5858,47,1.3,11,1,11.6,1366,768,135,0,4,0,2,115,2,0,0,4,1024.0,0,11.0,0,10490.0
2536,15,5889,156,2.19,12,1,15.6,1920,1080,141,0,5,0,8,287,8,0,0,3,1024.0,0,6.0,0,52990.0
2537,2,5828,447,1.8,12,1,15.6,1920,1080,141,0,3,0,6,160,8,0,0,4,1024.0,0,6.0,0,58990.0
2538,15,6656,156,1.85,12,1,15.6,1920,1080,141,0,5,0,6,160,8,0,0,4,1024.0,0,6.0,0,48744.0
2539,0,6484,255,2.3,12,1,15.6,1920,1080,141,0,7,0,16,259,16,0,0,6,1024.0,0,7.0,0,79900.0
2540,2,7889,156,1.8,12,1,15.6,1366,768,100,0,2,0,12,133,4,0,0,4,1024.0,0,4.0,0,21990.0
2541,15,2089,159,1.85,12,1,15.6,1366,768,100,0,1,0,4,161,4,0,0,4,1024.0,0,5.0,0,29990.0
2542,20,6221,294,1.1,12,1,14.0,1920,1080,157,0,5,0,6,160,8,0,0,4,1024.0,0,8.0,0,42917.0
2543,0,4269,48,1.55,3,1,14.0,1920,1080,157,0,1,0,2,116,4,0,0,4,1024.0,0,6.0,0,59870.0
2544,9,2315,156,1.7,12,1,15.6,1920,1080,141,0,3,0,6,160,8,0,1,4,1024.0,0,6.0,0,39299.0
2545,15,6930,156,1.66,12,1,15.6,1920,1080,141,0,5,0,8,155,16,0,0,4,1024.0,0,6.0,0,60890.0
2546,9,2285,156,1.7,12,1,15.6,1920,1080,141,1,3,0,5,83,4,0,1,4,1024.0,0,6.0,0,28999.0
2547,25,7912,48,1.15,3,1,11.6,1366,768,135,0,1,0,2,130,4,0,0,4,1024.0,0,11.0,0,71310.0
2548,9,1215,156,1.43,12,1,14.0,1920,1080,157,0,5,0,6,166,8,0,0,4,1024.0,0,6.0,0,49990.0
2549,0,2724,48,1.7,3,1,14.0,1920,1080,157,0,1,0,4,161,4,0,0,4,1024.0,0,6.0,0,17500.0
2550,6,1311,168,1.96,12,1,15.6,1920,1080,141,1,5,0,6,86,8,0,0,4,1024.0,0,6.0,0,52990.0
2551,6,775,460,1.64,12,1,14.0,1366,768,112,0,3,0,4,160,4,0,0,4,1024.0,0,6.0,0,33990.0
2552,9,2370,156,1.85,12,1,15.6,1366,768,100,1,4,0,4,4,4,0,0,4,1024.0,0,6.0,0,27990.0
2553,9,1213,156,1.43,12,1,14.0,1920,1080,157,0,5,0,6,160,8,0,0,4,1024.0,0,6.0,0,56990.0
2554,16,5346,156,2.4,12,1,15.6,1920,1080,141,0,5,0,8,293,8,0,0,4,1024.0,0,7.0,0,54990.0
2555,6,803,460,1.66,12,1,14.0,1366,768,112,0,3,0,4,160,4,0,0,4,1024.0,0,6.0,0,39990.0
2556,12,5739,156,1.24,16,1,14.0,1920,1080,157,0,3,0,12,160,8,0,0,128,1024.0,0,11.0,0,28190.0
2557,9,2278,156,1.75,16,1,15.6,1366,768,100,0,3,0,8,160,8,0,0,4,1024.0,0,6.0,0,34890.0
2558,9,1737,245,2.28,12,1,15.6,1920,1080,141,0,5,0,8,293,8,0,0,4,1024.0,0,6.0,0,74890.0
2559,2,7721,427,1.6,12,1,15.6,1920,1080,141,0,5,0,6,236,8,0,0,2,1024.0,0,6.0,0,50230.0
2560,15,2645,156,1.85,12,1,15.6,1366,768,100,1,4,0,5,4,4,0,0,4,1024.0,0,6.0,0,25990.0
2561,9,946,243,1.41,12,1,14.0,1920,1080,157,0,7,0,12,155,16,0,0,4,1024.0,0,6.0,0,78999.0
2562,9,2238,156,1.76,12,1,15.6,1920,1080,141,1,5,0,6,86,8,0,0,4,1024.0,0,6.0,0,90000.0
2563,2,7729,427,1.9,12,1,15.6,1920,1080,141,0,3,0,4,160,4,0,0,4,1024.0,0,6.0,0,36990.0
2564,9,1240,156,1.51,12,1,14.0,1920,1080,157,0,5,0,6,160,8,0,0,4,1024.0,0,6.0,0,78400.0
2565,15,501,156,2.2,0,1,15.6,1366,768,100,3,4,0,2,160,8,0,0,4,1024.0,0,4.0,0,25990.0
2566,15,2151,159,1.65,12,1,15.6,1920,1080,141,0,3,0,6,160,8,0,0,4,1024.0,0,6.0,0,35500.0
2567,0,3692,30,1.65,12,1,15.6,1920,1080,141,0,5,0,8,155,8,0,0,4,1024.0,0,9.5,0,54999.0
2568,15,6929,156,1.39,12,1,14.0,1920,1080,157,1,7,0,12,4,8,0,0,4,1024.0,0,6.0,0,48990.0
2569,9,1679,156,1.77,12,1,15.6,1920,1080,141,0,3,0,3,129,8,0,0,4,1024.0,0,6.0,0,37990.0
2570,9,1728,243,2.25,12,1,15.6,1920,1080,141,0,5,0,8,201,8,0,1,3,1024.0,0,10.0,0,121999.0
2571,2,4587,377,2.3,16,1,15.6,1920,1080,141,1,5,0,11,209,8,0,0,4,1024.0,0,6.0,0,65990.0
2572,12,5744,156,1.24,16,1,14.0,1920,1080,157,0,3,0,12,155,8,0,0,4,1024.0,0,11.0,0,27990.0
2573,1,5922,203,1.29,22,1,13.3,2560,1600,227,2,4,0,16,100,16,0,0,4,1024.0,0,15.0,0,112900.0
2574,0,3887,225,2.3,12,1,15.6,1920,1080,141,1,5,0,6,293,8,0,0,4,1024.0,0,6.0,0,54990.0
2575,15,6684,156,1.6,12,1,14.0,1920,1080,157,0,3,0,4,160,8,0,0,4,1024.0,0,6.0,0,42490.0
2576,1,6192,203,1.29,23,1,13.3,2560,1600,227,0,3,0,4,147,8,0,0,4,1024.0,0,11.0,0,83990.0
2577,0,3945,225,2.4,12,1,15.6,1920,1080,141,0,5,0,12,255,8,0,0,4,1024.0,0,8.0,0,74699.0
2578,9,1697,156,1.8,12,1,15.6,1920,1080,141,1,3,0,5,83,4,0,0,4,1024.0,0,6.0,0,33256.0
2579,1,6183,203,1.25,25,1,13.3,2560,1600,227,0,5,0,4,165,8,0,0,4,1024.0,0,12.0,0,94990.0
2580,9,2234,156,1.76,12,1,15.6,1366,768,100,1,3,0,5,81,4,0,0,4,1024.0,0,12.0,0,30490.0
2581,15,6651,156,1.85,12,1,15.6,1920,1080,141,0,3,0,4,160,8,0,0,4,1024.0,0,6.0,0,36490.0
2582,9,2616,5,2.1,0,1,14.0,1366,768,112,1,4,0,1,43,4,0,0,4,1024.0,0,6.0,0,21200.0
2583,2,7855,427,1.8,16,1,15.6,1366,768,100,0,1,0,4,160,8,0,1,4,1024.0,0,6.0,0,26990.0
2584,0,4533,110,1.7,16,1,15.6,1920,1080,141,0,3,0,12,160,8,0,0,4,1024.0,0,6.0,0,31490.0
2585,33,4313,156,1.1,11,1,11.6,1366,768,135,0,4,0,2,115,2,0,0,4,1024.0,0,6.0,0,8990.0
2586,0,4532,110,1.7,16,1,15.6,1920,1080,141,0,3,0,12,160,8,0,0,4,1024.0,0,6.0,0,33999.0
2587,9,1681,156,1.77,12,1,15.6,1920,1080,141,0,3,0,3,129,8,0,0,4,1024.0,0,6.0,0,32190.0
2588,15,112,158,2.5,12,1,15.6,1920,1080,141,0,5,0,8,297,8,0,0,4,1024.0,0,6.0,0,74590.0
2589,15,2785,156,2.2,0,1,15.6,1920,1080,141,0,3,0,3,129,8,0,0,4,1024.0,0,6.0,0,29990.0
2590,0,3950,225,2.4,12,1,15.6,1920,1080,141,0,5,0,12,255,16,0,1,4,1024.0,0,6.0,0,89999.0
2591,15,6890,156,1.85,12,1,15.6,1366,768,100,1,4,0,5,4,4,0,0,4,1024.0,0,6.0,0,27770.0
2592,3,6217,102,1.37,12,1,14.0,1920,1080,157,0,1,0,12,161,4,0,1,4,1024.0,0,6.0,0,23500.0
2593,2,4242,48,1.4,3,1,14.0,1366,768,112,0,1,0,2,120,4,0,0,4,1024.0,0,6.0,0,34419.0
2594,9,1226,156,1.46,12,1,14.0,1920,1080,157,0,3,0,4,160,8,0,0,4,1024.0,0,6.0,0,42990.0
2595,0,3644,30,1.5,12,1,14.0,1920,1080,157,0,3,0,4,160,4,0,1,4,1024.0,0,11.0,0,37990.0
2596,9,2605,156,1.8,0,1,14.0,1366,768,112,1,4,0,12,43,4,0,0,4,500.0,0,6.0,0,21399.0
2597,0,4517,26,2.4,7,1,15.6,1366,768,100,0,2,0,2,121,4,0,0,4,1024.0,0,6.5,0,24780.0
2598,2,7137,431,1.5,12,1,14.0,1920,1080,157,0,5,0,8,154,8,0,0,4,1024.0,0,6.0,0,59990.0
2599,12,7949,140,1.78,18,1,16.0,1920,1200,142,0,7,0,12,160,16,0,0,4,1024.0,0,8.0,1,39990.0
2600,2,6783,443,1.5,16,1,15.6,2880,1620,212,0,4,0,24,107,16,0,0,4,1024.0,0,6.0,1,152990.0
2601,15,1084,473,1.49,16,1,14.0,1920,1200,162,0,4,1,18,107,16,0,0,4,1024.0,0,12.0,1,94990.0
2602,16,3449,67,1.6,16,1,14.0,1920,1200,162,0,5,0,12,248,16,0,0,4,1024.0,0,6.0,1,59990.0
2603,2,5486,316,2.48,12,1,15.6,1920,1080,141,0,7,0,16,325,32,0,0,8,1024.0,0,6.0,1,279990.0
2604,2,886,435,1.4,12,1,14.0,2880,1800,243,1,7,0,20,255,16,0,0,4,1024.0,0,6.0,1,82990.0
2605,2,5443,298,1.3,12,1,13.4,3840,2400,338,1,4,0,20,247,32,0,0,4,1024.0,0,6.0,1,94990.0
2606,16,736,333,3.1,16,1,17.3,2560,1600,175,0,9,0,12,270,64,0,0,16,1024.0,0,6.0,1,364990.0
2607,6,7999,19,2.72,16,1,16.0,2560,1600,189,0,9,0,24,270,32,0,1,16,1024.0,0,6.0,1,314990.0
2608,8,4949,156,2.08,16,1,15.6,1920,1080,141,0,5,0,12,266,8,0,0,6,1024.0,0,6.0,1,69900.0
2609,9,1829,101,1.6,16,1,15.6,1920,1080,141,0,5,1,12,155,16,0,0,4,1024.0,0,6.0,1,79000.0
2610,9,2479,232,2.37,16,1,16.1,1920,1080,141,1,7,0,16,266,16,0,0,6,1024.0,0,8.0,1,97990.0
2611,9,8107,243,1.51,16,1,14.0,1920,1080,157,0,7,1,12,155,16,0,1,4,1024.0,0,8.0,1,88530.0
2612,15,7441,492,1.45,16,1,14.5,3072,1920,250,0,7,1,12,255,16,0,1,4,1024.0,0,10.9,1,139990.0
2613,2,7282,513,1.89,12,1,15.6,3840,2160,282,0,7,1,9,205,16,0,0,4,1024.0,0,9.5,1,157999.0
2614,6,3371,166,1.75,16,1,14.0,1920,1200,162,0,5,1,12,155,16,0,0,4,1024.0,0,6.0,1,83990.0
2615,28,5735,222,1.56,16,1,15.6,1920,1080,141,0,1,0,4,160,4,0,0,4,1024.0,0,6.0,1,16990.0
2616,2,7289,526,2.34,12,1,15.6,3840,2160,282,0,7,0,16,160,32,0,0,8,1024.0,0,6.0,1,239990.0
2617,1,6055,204,1.6,28,1,14.2,3024,1964,254,3,4,0,36,160,24,0,0,4,1024.0,0,22.0,1,191990.0
2618,2,5063,311,2.35,12,1,15.6,1920,1080,141,0,9,0,16,323,32,0,0,8,1024.0,0,6.0,1,159990.0
2619,9,1949,156,1.59,16,1,15.6,1920,1080,141,0,3,0,10,160,8,0,0,4,1024.0,0,6.0,1,34490.0
2620,16,4317,217,1.6,16,1,14.0,1920,1080,141,0,9,0,12,155,16,0,0,4,1024.0,0,6.0,1,71990.0
2621,2,4634,377,2.2,15,1,15.6,1920,1080,141,1,4,0,12,266,16,0,0,6,1024.0,0,6.0,1,119990.0
2622,2,7209,519,1.28,16,1,14.0,2880,1800,243,0,4,1,24,107,32,0,0,4,1024.0,0,6.0,1,170990.0
2623,15,6568,189,2.8,16,1,16.0,2560,1600,189,0,9,0,36,269,32,0,0,12,1024.0,0,6.0,1,275190.0
2624,6,3255,116,2.81,16,1,15.6,1920,1080,141,0,9,0,36,267,16,0,0,8,1024.0,0,6.0,1,148620.0
2625,15,1264,385,1.7,16,1,15.6,1920,1080,141,0,7,0,12,155,16,0,0,4,1024.0,0,6.0,1,67999.0
2626,25,3043,126,1.56,16,1,16.0,2880,1800,212,0,4,1,18,107,16,0,0,4,1024.0,0,7.5,1,136990.0
2627,16,5329,156,3.1,12,1,17.3,1920,1080,127,0,7,0,9,207,16,0,0,8,1024.0,0,6.0,1,179990.0
2628,9,1646,247,2.18,12,1,15.6,1920,1080,141,0,5,0,6,201,8,0,0,2,1024.0,0,6.0,1,70990.0
2629,9,913,243,1.54,12,1,14.0,1920,1080,157,0,7,0,8,200,8,0,0,4,1024.0,0,10.5,1,78990.0
2630,9,8121,338,2.01,16,1,16.0,3072,1920,226,0,7,1,24,155,16,0,0,4,1024.0,0,19.0,1,143490.0
2631,6,3288,460,1.91,16,1,16.0,1920,1080,138,0,7,0,12,242,16,0,0,2,1024.0,0,7.0,1,91999.0
2632,2,5490,316,2.48,12,1,15.6,1920,1080,141,0,9,0,16,328,32,0,0,8,1024.0,0,6.0,1,349990.0
2633,9,8122,338,2.01,16,1,16.0,3840,2400,283,0,7,1,18,111,16,0,0,4,1024.0,0,6.0,1,133560.0
2634,6,1468,120,2.5,12,1,15.6,1920,1080,141,0,7,0,12,303,16,0,0,6,1024.0,0,6.0,1,122999.0
2635,15,1097,145,1.5,16,1,14.0,1920,1200,162,0,7,1,24,160,16,0,0,4,1024.0,0,10.0,1,84690.0
2636,2,7279,528,1.2,16,1,14.0,2880,1800,243,0,4,1,12,107,32,0,0,4,1024.0,0,6.0,1,149990.0
2637,16,3461,348,1.88,18,1,16.0,3840,2400,283,0,9,0,12,267,32,0,0,8,1024.0,0,6.0,1,249990.0
2638,2,7552,427,1.7,16,1,15.6,1920,1080,141,0,5,0,12,155,16,0,0,4,1024.0,0,8.0,1,49699.0
2639,2,6785,443,1.42,16,1,15.6,2880,1620,212,3,4,0,12,379,16,0,0,4,1024.0,0,6.0,1,79990.0
2640,2,4578,376,1.46,16,1,14.0,2560,1600,216,1,4,0,36,267,32,0,0,8,1024.0,0,6.0,1,164990.0
2641,2,5200,314,2.5,17,1,18.0,1920,1200,126,0,9,0,36,269,32,0,0,12,1024.0,0,6.0,1,269990.0
2642,9,5218,9,1.47,16,0,15.6,1366,768,100,0,5,0,8,155,8,0,0,4,1024.0,0,4.5,1,50490.0
2643,9,8129,338,1.36,16,1,13.5,3000,2000,267,0,7,1,12,155,16,0,0,4,1024.0,0,6.0,1,124990.0
2644,2,5099,312,2.5,16,1,16.0,2560,1600,189,0,9,0,36,269,32,0,0,12,1024.0,0,6.0,1,279990.0
2645,2,4637,378,2.2,16,1,16.0,1920,1200,142,1,4,0,16,67,16,0,0,8,1024.0,0,13.6,1,89990.0
2646,16,4110,289,2.7,16,1,17.3,1920,1080,127,0,9,0,12,268,16,0,0,8,1024.0,0,6.0,1,157999.0
2647,2,5315,319,1.9,15,1,15.6,2560,1440,188,1,4,0,16,264,16,0,0,8,1024.0,0,8.0,1,189183.0
2648,2,4334,512,1.75,16,1,14.5,2880,1800,234,0,7,1,24,155,16,0,0,4,1024.0,0,6.0,1,164694.0
2649,2,6408,105,1.5,0,1,14.0,1920,1080,157,0,5,0,8,160,8,0,0,4,1024.0,0,6.0,1,39990.0
2650,2,5141,305,2.9,16,1,17.3,2560,1440,170,1,4,0,20,264,16,0,0,8,1024.0,0,8.0,1,210990.0
2651,2,5078,311,2.3,16,1,15.6,2560,1440,188,0,9,0,24,265,32,0,0,16,1024.0,0,6.0,1,166220.0
2652,4,4208,470,1.1,14,1,14.0,1920,1080,157,0,7,0,8,160,8,0,0,4,1024.0,0,12.0,1,80920.0
2653,2,5468,299,2.0,15,1,16.0,2560,1600,189,1,7,1,20,16,16,0,0,6,1024.0,0,6.0,1,159990.0
2654,2,4996,303,2.1,12,1,15.6,1920,1080,141,1,7,0,8,209,8,0,0,4,1024.0,0,6.0,1,80500.0
2655,16,6555,156,1.29,12,1,14.0,1920,1080,157,0,7,0,8,238,16,0,0,2,1024.0,0,6.0,1,74890.0
2656,0,7437,39,2.4,11,1,15.6,3840,2160,282,0,7,0,6,226,12,0,0,4,1024.0,0,4.0,1,99500.0
2657,2,5070,311,2.3,12,1,15.6,1920,1080,141,1,7,0,16,264,16,0,0,8,1024.0,0,6.0,1,183990.0
2658,2,5451,298,1.3,12,1,13.4,1920,1200,169,1,4,1,16,209,16,0,0,4,1024.0,0,6.0,1,102990.0
2659,2,5293,318,1.5,16,1,14.0,2880,1800,243,1,4,0,24,267,16,0,1,8,1024.0,0,6.0,1,164990.0
2660,1,6052,204,1.6,28,1,14.2,3024,1964,254,3,4,0,36,160,24,0,0,4,1024.0,0,22.0,1,191990.0
2661,18,7011,156,1.0,16,1,13.8,2880,1920,251,3,4,1,12,380,16,0,0,4,1024.0,0,10.0,1,161990.0
2662,18,7010,156,1.0,16,1,13.8,2880,1920,251,3,4,1,12,380,16,0,0,4,1024.0,0,10.0,1,161990.0
2663,28,5729,222,1.35,16,1,14.1,1366,768,111,0,1,0,4,160,4,0,0,4,1024.0,0,5.0,1,12990.0
2664,18,6976,156,1.22,16,1,13.8,2304,1536,201,3,4,0,12,380,16,0,0,4,1024.0,0,13.0,1,126990.0
2665,9,367,497,1.41,18,1,14.0,1920,1200,162,0,4,0,12,106,16,0,0,4,1024.0,0,6.0,1,108780.0
2666,6,468,22,2.61,16,1,16.0,2560,1600,189,0,4,0,24,266,16,0,0,6,1024.0,0,6.0,1,154490.0
2667,25,6235,129,1.55,16,1,15.6,1920,1080,141,0,7,0,12,155,16,0,0,4,1024.0,0,6.0,1,63000.0
2668,16,3458,349,1.99,16,1,16.0,2560,1600,189,0,7,0,12,267,32,0,0,8,1024.0,0,6.0,1,219990.0
2669,9,8109,338,1.44,16,1,14.0,2880,1800,243,0,4,1,24,107,32,0,0,4,1024.0,0,12.3,1,138956.0
2670,9,2458,232,2.35,16,1,16.1,1920,1080,137,0,7,0,30,267,16,0,0,8,1024.0,0,6.0,1,146990.0
2671,2,5101,312,2.65,16,1,16.0,2560,1600,189,0,9,0,36,269,32,0,0,12,1024.0,0,6.0,1,279990.0
2672,9,8108,338,1.44,16,1,14.0,2880,1800,243,0,4,1,24,107,32,0,0,4,1024.0,0,12.3,1,149999.0
2673,16,3460,345,2.1,16,1,15.6,2560,1440,188,0,7,0,12,267,16,0,0,8,1024.0,0,6.0,1,150990.0
2674,2,6126,437,1.8,16,1,15.6,1920,1080,141,1,7,0,12,255,16,0,0,4,1024.0,0,6.0,1,62990.0
2675,2,5277,318,1.65,16,1,14.0,2560,1600,216,1,7,0,16,266,16,0,0,6,1024.0,0,6.0,1,114990.0
2676,2,5312,319,1.9,16,1,15.6,2560,1440,188,1,7,0,20,259,16,0,0,6,1024.0,0,8.0,1,110990.0
2677,9,1985,101,1.82,16,1,15.6,1920,1080,141,1,7,1,16,4,16,0,0,4,1024.0,0,6.0,1,88490.0
2678,2,5289,318,1.72,16,1,14.0,2560,1600,216,1,4,0,16,267,32,0,1,8,1024.0,0,6.0,1,201288.0
2679,2,6325,437,1.8,16,1,15.6,1920,1080,141,1,7,0,12,210,16,0,0,4,1024.0,0,6.0,1,71990.0
2680,0,6389,156,1.5,18,1,14.0,1366,768,112,1,3,0,12,133,8,0,0,4,1024.0,0,6.0,1,29999.0
2681,15,6908,156,1.63,16,1,15.6,1920,1080,141,0,5,0,12,133,8,0,0,4,1024.0,0,6.0,1,49850.0
2682,2,5465,299,2.1,16,1,16.0,2560,1600,189,1,4,1,16,16,16,0,0,6,1024.0,0,6.0,1,211990.0
2683,2,5492,317,2.5,16,1,16.0,1920,1200,142,1,7,1,20,259,32,0,0,6,1024.0,0,8.0,1,220081.0
2684,6,8001,19,3.2,16,1,17.3,1920,1080,127,0,9,0,24,265,32,0,0,16,1024.0,0,6.0,1,389990.0
2685,2,5306,319,1.9,16,1,15.6,2560,1440,188,1,4,0,16,4,16,0,0,6,1024.0,0,6.0,1,161990.0
2686,2,5284,318,1.72,16,1,14.0,2560,1600,216,1,4,0,16,66,32,0,0,8,1024.0,0,6.0,1,121990.0
2687,2,5510,300,1.18,16,1,13.4,3840,2400,338,0,9,1,24,256,16,0,0,4,1024.0,0,8.0,1,191990.0
2688,2,5314,319,1.9,15,1,15.6,2560,1440,188,1,4,0,16,264,16,0,0,8,1024.0,0,6.0,1,189990.0
2689,2,5258,318,1.7,12,1,14.0,1920,1080,157,1,4,0,16,256,16,0,0,4,1024.0,0,6.0,1,98990.0
2690,2,5299,319,1.9,12,1,15.6,2560,1440,188,1,7,0,16,259,16,0,0,6,1024.0,0,6.0,1,139990.0
2691,9,389,6,1.36,18,1,14.0,1920,1080,141,1,5,0,16,387,8,0,0,4,1024.0,0,7.5,1,39990.0
2692,2,5010,303,2.3,12,1,15.6,1920,1080,141,1,4,0,16,223,16,0,0,6,1024.0,0,6.0,1,144990.0
2693,2,4647,379,2.6,12,1,17.3,1920,1080,127,1,5,0,11,297,8,0,0,4,1024.0,0,6.0,1,74990.0
2694,2,5302,319,1.9,12,1,15.6,2560,1440,188,1,4,0,16,259,16,0,0,6,1024.0,0,6.0,1,109990.0
2695,1,6057,204,1.62,28,1,14.2,3024,1964,254,3,4,0,36,160,36,0,0,4,1024.0,0,18.0,1,309990.0
2696,2,4606,377,2.2,16,1,15.6,1920,1080,141,1,4,0,24,267,16,0,0,8,1024.0,0,6.0,1,124990.0
2697,1,6049,204,1.55,28,1,14.2,3024,1964,254,3,4,0,20,160,16,0,0,4,1024.0,0,24.0,1,182990.0
2698,2,7278,528,1.2,16,1,14.0,2880,1800,243,0,4,1,12,107,32,0,0,4,1024.0,0,6.0,1,152990.0
2699,1,6051,204,1.55,28,1,14.2,3024,1964,254,3,4,0,20,160,16,0,0,4,1024.0,0,24.0,1,177990.0
2700,1,6062,204,2.14,28,1,16.2,3456,2234,254,3,4,0,36,160,24,0,0,4,1024.0,0,24.0,1,239990.0
2701,15,2499,155,1.82,16,1,16.0,1920,1200,142,0,4,0,24,107,16,0,0,4,1024.0,0,7.5,1,88990.0
2702,18,7012,156,1.0,16,1,13.8,2880,1920,251,3,4,1,12,380,16,0,0,4,1024.0,0,10.0,1,180990.0
2703,15,5633,390,1.41,16,1,14.0,1920,1200,162,0,7,0,12,155,16,0,0,4,1024.0,0,6.0,1,87990.0
2704,9,276,495,1.72,18,1,16.0,1920,1200,142,0,7,1,12,355,16,0,0,4,1024.0,0,6.0,1,128990.0
2705,18,6981,156,1.66,16,1,15.0,2496,1664,200,3,4,0,12,380,16,0,0,4,1024.0,0,15.0,1,159990.0
2706,6,3411,464,1.19,16,1,13.4,2880,1800,253,3,4,1,12,379,16,0,0,4,1024.0,0,6.0,1,141583.0
2707,28,5732,223,1.65,16,1,15.6,1920,1080,141,0,5,0,12,155,16,0,0,4,1024.0,0,6.0,1,37990.0
2708,6,3369,166,1.75,16,1,14.0,1920,1200,162,0,4,1,10,106,8,0,1,4,1024.0,0,6.0,1,58090.0
2709,2,5098,312,2.65,16,1,16.0,2560,1600,189,0,9,0,36,270,32,0,0,16,1024.0,0,6.0,1,329990.0
2710,9,1936,156,1.59,16,1,15.6,1920,1080,141,1,5,0,4,4,8,0,0,4,1024.0,0,6.0,1,37990.0
2711,9,1858,423,2.29,16,1,15.6,1920,1080,141,0,5,0,12,255,16,0,0,6,1024.0,0,6.0,1,74490.0
2712,9,8120,338,1.95,16,1,16.0,2880,1800,212,0,4,1,24,107,32,0,0,4,1024.0,0,12.3,1,187990.0
2713,6,381,21,3.3,16,1,16.0,2560,1600,189,1,7,0,40,267,16,0,0,8,1024.0,0,6.0,1,200690.0
2714,2,4729,380,2.2,16,1,15.6,1920,1080,141,0,7,0,12,266,16,0,0,6,1024.0,0,6.0,1,94990.0
2715,9,3074,277,1.37,0,1,14.0,1920,1080,157,1,7,0,16,4,8,0,0,4,1024.0,0,6.0,1,49990.0
2716,1,6011,204,2.16,30,1,16.2,3456,2234,254,3,4,0,12,160,18,0,0,4,1024.0,0,22.0,1,229990.0
2717,15,5539,156,2.3,16,1,15.6,1920,1080,141,1,5,0,12,248,16,0,1,4,1024.0,0,6.0,1,56900.0
2718,18,6999,156,1.13,16,1,12.4,1536,1024,149,0,5,1,12,155,16,0,0,4,1024.0,0,6.0,1,100999.0
2719,15,2127,180,2.4,16,1,15.6,1920,1080,141,0,7,0,24,266,16,0,0,6,1024.0,0,6.0,1,93190.0
2720,1,6012,204,3.48,30,1,16.2,3456,2234,254,3,4,0,20,94,36,0,0,4,1024.0,0,22.0,1,289900.0
2721,15,195,180,2.4,16,1,15.6,1920,1080,141,1,7,0,12,267,16,0,0,8,1024.0,0,6.0,1,97990.0
2722,15,1491,385,2.2,0,1,15.6,1920,1080,141,1,3,0,12,4,8,0,0,4,1024.0,0,4.0,1,27170.0
2723,6,3214,166,1.59,16,1,14.0,1920,1080,141,0,7,0,12,133,16,0,0,4,1024.0,0,6.0,1,77890.0
2724,9,1984,101,1.82,16,1,15.6,1920,1080,141,1,5,1,16,4,16,0,0,4,1024.0,0,6.0,1,87490.0
2725,15,1262,385,1.7,16,1,15.6,1920,1080,141,0,5,0,12,160,8,0,1,4,1024.0,0,6.0,1,56970.0
2726,15,1037,473,1.49,16,1,14.0,2880,1800,243,1,7,1,16,16,16,0,0,4,1024.0,0,6.0,1,97690.0
2727,2,7553,427,1.7,16,1,15.6,1920,1080,141,0,5,0,12,155,16,0,1,4,1024.0,0,6.0,1,47490.0
2728,9,981,156,1.4,16,1,14.0,1920,1080,157,1,5,0,4,4,8,0,1,4,1024.0,0,6.0,1,42989.0
2729,2,5291,318,1.72,16,1,14.0,2560,1600,216,1,4,0,16,269,32,0,0,12,1024.0,0,6.0,1,214155.0
2730,2,4656,379,2.6,16,1,17.3,1920,1080,127,1,4,0,16,266,16,0,1,6,1024.0,0,6.0,1,142890.0
2731,2,5434,323,2.5,16,1,16.0,2560,1600,189,0,9,0,24,270,32,0,0,16,1024.0,0,6.0,1,364990.0
2732,9,2436,99,2.32,16,1,16.0,3840,2400,283,0,7,1,24,111,16,0,0,4,1024.0,0,13.45,1,149990.0
2733,9,2568,232,2.78,16,1,17.3,2560,1440,170,0,9,0,24,265,32,0,0,16,1024.0,0,7.45,1,232990.0
2734,15,1029,147,1.5,16,1,14.0,1920,1200,162,1,5,1,8,4,16,0,1,4,1024.0,0,9.0,1,64990.0
2735,2,5721,276,2.4,16,1,16.0,3840,2400,283,0,9,1,24,262,32,0,0,8,1024.0,0,10.0,1,179990.0
2736,9,2439,232,2.35,16,1,16.1,1920,1080,137,1,7,0,16,256,16,0,0,4,1024.0,0,11.45,1,83990.0
2737,18,6967,156,1.29,16,1,13.5,2256,1504,201,0,5,0,8,133,16,0,0,4,1024.0,0,2.25,1,151999.0
2738,4,4207,470,1.65,14,1,15.6,1920,1080,141,0,5,0,6,168,8,0,0,4,1024.0,0,7.0,1,58132.0
2739,2,5041,303,2.3,16,1,15.6,2560,1440,188,1,4,0,20,262,16,0,0,8,1024.0,0,6.0,1,196309.0
2740,2,5469,299,2.1,16,1,16.0,2560,1600,189,1,4,1,16,262,32,0,0,8,1024.0,0,6.0,1,261990.0
2741,11,483,156,1.3,12,1,14.0,1920,1080,157,0,5,0,12,133,8,0,0,4,1024.0,0,13.2,1,53190.0
2742,2,5495,317,2.5,15,1,16.0,1920,1200,142,1,4,1,20,265,32,0,0,16,1024.0,0,8.0,1,361990.0
2743,2,5501,326,2.6,12,1,17.3,1920,1080,127,0,7,0,12,254,32,0,0,8,1024.0,0,6.0,1,367990.0
2744,15,7598,402,1.29,14,1,13.3,1920,1080,166,0,7,0,8,160,8,0,0,4,1024.0,0,6.0,1,129990.0
2745,2,4754,375,2.0,12,1,15.6,1920,1080,141,0,7,0,12,259,16,0,0,6,1024.0,0,6.0,1,120000.0
2746,2,5297,319,1.9,12,1,15.6,2560,1440,188,1,4,0,20,256,16,0,0,4,1024.0,0,5.0,1,128990.0
2747,2,4159,106,0.99,12,1,14.0,1920,1080,157,0,7,0,8,160,16,0,0,4,1024.0,0,6.0,1,154990.0
2748,2,4757,375,2.0,12,1,15.6,1920,1080,141,0,7,0,12,259,16,0,0,6,1024.0,0,5.0,1,119900.0
2749,2,4160,106,0.99,14,1,14.0,1920,1080,157,0,7,0,8,160,16,0,0,4,1024.0,0,6.0,1,160990.0
2750,2,7578,429,1.88,16,1,16.0,1920,1200,142,0,4,0,18,133,16,0,0,4,1024.0,0,6.0,1,75990.0
2751,15,2091,153,1.54,16,1,15.6,1366,768,100,0,1,0,4,161,8,0,0,4,1024.0,0,6.0,1,25990.0
2752,2,7436,137,1.95,16,1,16.0,1920,1200,142,0,4,0,12,266,16,0,0,6,1024.0,0,6.0,1,84990.0
2753,2,7132,448,1.57,16,1,14.0,1920,1200,162,0,4,1,12,107,16,0,0,4,1024.0,0,6.0,1,111990.0
2754,9,988,246,1.38,16,1,14.0,1920,1200,162,0,5,0,12,155,16,0,0,4,1024.0,0,6.0,1,85000.0
2755,2,7579,429,1.88,16,1,16.0,1920,1200,142,0,4,0,18,133,16,0,0,4,1024.0,0,6.0,1,75990.0
2756,1,6034,204,1.55,28,1,14.2,3024,1964,254,3,4,0,20,160,24,0,0,4,1024.0,0,24.0,1,201990.0
2757,1,6056,204,1.6,28,1,14.2,3024,1964,254,3,4,0,36,160,24,0,0,4,1024.0,0,22.0,1,229990.0
2758,16,3453,67,1.6,16,1,14.0,1920,1200,162,0,5,0,12,255,8,0,0,6,1024.0,0,6.0,1,63230.0
2759,15,5630,390,1.41,16,1,14.0,1920,1200,162,0,7,0,12,155,16,0,0,4,1024.0,0,6.0,1,93800.0
2760,16,3450,67,1.6,16,1,14.0,1920,1200,162,0,5,0,12,248,8,0,0,4,1024.0,0,6.0,1,56990.0
2761,15,5638,390,1.41,16,1,14.0,1920,1200,162,1,5,0,16,4,16,0,0,4,1024.0,0,6.0,1,57690.0
2762,15,5639,390,1.41,16,1,14.0,1920,1200,162,1,7,0,16,4,16,0,0,4,1024.0,0,6.0,1,65990.0
2763,1,6064,204,2.15,28,1,16.2,3456,2234,254,3,4,0,36,160,36,0,0,4,1024.0,0,21.0,1,327990.0
2764,16,4200,219,1.9,16,1,15.6,1920,1080,141,0,5,0,12,160,16,0,0,4,1024.0,0,6.0,1,53990.0
2765,16,4199,219,1.9,16,1,15.6,1920,1080,141,0,7,0,12,155,16,0,0,4,1024.0,0,6.0,1,69990.0
2766,2,7538,427,1.7,16,1,15.6,1920,1080,141,0,4,0,12,160,16,0,1,4,1024.0,0,6.0,1,58990.0
2767,2,5319,320,1.85,16,1,16.0,2560,1600,189,1,4,0,36,267,16,0,1,8,1024.0,0,6.0,1,194750.0
2768,16,3448,67,1.6,16,1,14.0,1920,1200,162,0,7,0,24,248,16,0,0,4,1024.0,0,6.0,1,67990.0
2769,2,5722,274,1.38,16,1,13.3,2880,1800,255,1,4,1,34,266,24,0,1,6,1024.0,0,6.0,1,159990.0
2770,9,365,497,1.41,0,1,14.0,1920,1200,162,0,4,0,12,106,16,0,0,4,1024.0,0,6.0,1,80150.0
2771,16,4030,218,1.7,16,1,15.6,1920,1080,141,0,5,0,12,155,16,0,0,4,1024.0,0,6.0,1,43999.0
2772,6,3271,116,2.81,16,1,15.6,1920,1080,141,1,5,0,22,255,16,0,1,6,1024.0,0,6.0,1,79990.0
2773,9,346,497,1.79,18,1,16.0,1920,1200,142,0,4,0,24,355,32,0,0,4,1024.0,0,6.0,1,141800.0
2774,9,331,281,1.38,18,1,14.0,1920,1080,157,0,5,0,12,133,16,0,0,4,1024.0,0,6.0,1,96000.0
2775,16,4189,216,1.4,16,1,14.0,1920,1080,157,0,7,0,12,155,16,0,0,4,1024.0,0,6.0,1,49990.0
2776,9,366,497,1.41,18,1,14.0,1920,1200,162,0,4,0,12,106,16,0,0,4,1024.0,0,6.0,1,90590.0
2777,16,4193,216,1.4,16,1,14.0,1920,1080,157,0,5,0,12,155,8,0,0,4,1024.0,0,6.0,1,39990.0
2778,18,7013,156,1.0,16,1,13.8,2880,1920,251,3,4,1,12,380,32,0,0,4,1024.0,0,10.0,1,232990.0
2779,9,347,497,1.79,18,1,16.0,1920,1200,142,0,4,0,24,355,16,0,0,4,1024.0,0,6.0,1,138300.0
2780,18,7009,156,1.0,16,1,13.8,2880,1920,251,3,4,1,12,380,16,0,0,4,1024.0,0,10.0,1,126990.0
2781,6,3415,467,1.92,16,1,15.6,3456,2160,261,0,7,1,24,266,16,0,0,6,1024.0,0,6.0,1,257490.0
2782,9,342,497,1.41,16,1,14.0,1920,1200,162,0,4,0,24,107,16,0,0,4,1024.0,0,6.0,1,132500.0
2783,18,6979,156,1.22,16,1,13.8,2304,1536,201,3,4,0,12,380,32,0,0,4,1024.0,0,13.0,1,201990.0
2784,6,3414,466,1.8,16,1,14.5,3200,2000,260,0,4,1,24,107,16,0,0,4,1024.0,0,6.0,1,248918.0
2785,2,7513,427,1.7,16,1,15.6,1920,1080,141,0,5,0,12,155,16,0,0,4,1024.0,0,8.0,1,48990.0
2786,6,3416,468,2.13,16,1,16.3,3840,2400,278,0,4,1,24,267,32,0,0,8,1024.0,0,6.0,1,366490.0
2787,25,3036,130,1.46,16,1,15.6,1920,1080,141,0,4,1,12,114,16,0,0,4,1024.0,0,6.0,1,130990.0
2788,15,2125,154,1.62,16,1,15.6,1920,1080,141,0,4,0,12,133,16,0,0,4,1024.0,0,8.0,1,58990.0
2789,6,472,166,1.75,16,1,14.0,1920,1200,162,0,4,1,12,106,16,0,0,4,1024.0,0,6.0,1,95990.0
2790,0,6857,367,1.3,16,1,14.0,1920,1200,162,0,4,1,24,107,16,0,0,4,1024.0,0,6.0,1,89990.0
2791,15,1267,385,2.56,0,1,15.6,1920,1080,141,1,3,0,12,4,8,0,0,4,1024.0,0,3.0,1,29985.0
2792,25,3037,126,1.66,16,1,16.0,2880,1800,212,0,4,1,24,107,16,0,0,4,1024.0,0,7.5,1,153499.0
2793,15,876,402,1.4,0,1,14.0,1920,1080,157,0,3,0,6,160,8,0,0,4,1024.0,0,4.0,1,36990.0
2794,2,4877,441,1.5,16,1,14.0,1920,1200,162,1,7,1,16,4,16,0,0,4,1024.0,0,3.0,1,73990.0
2795,9,982,156,1.41,16,1,14.0,1920,1080,157,1,5,0,4,4,16,0,0,4,1024.0,0,6.0,1,49990.0
2796,9,1853,423,2.29,16,1,15.6,1920,1080,141,0,5,0,12,248,8,0,0,4,1024.0,0,6.0,1,59270.0
2797,25,3038,126,1.66,16,1,16.0,2880,1800,212,0,4,1,24,107,16,0,0,4,1024.0,0,7.5,1,168999.0
2798,15,6442,402,2.22,18,1,15.6,1920,1080,141,0,7,0,24,344,32,0,0,4,1024.0,0,6.0,1,160990.0
2799,0,3917,225,2.7,12,1,15.6,1920,1080,141,0,7,0,6,201,8,0,0,4,1024.0,0,6.0,0,66347.0
2800,15,5551,156,2.25,16,1,15.6,1920,1080,141,1,7,0,20,255,8,0,0,4,1024.0,0,6.0,0,68999.0
2801,0,761,35,1.7,7,1,14.0,1366,768,112,0,2,0,3,115,4,0,0,4,500.0,0,4.0,0,18800.0
2802,15,6742,156,1.8,12,1,15.6,1920,1080,141,0,5,0,6,315,8,0,0,2,1024.0,0,12.0,0,60870.0
2803,2,4804,374,2.6,12,1,17.3,1920,1080,127,1,7,0,6,209,8,0,0,4,1024.0,0,6.0,0,67390.0
2804,2,4564,447,1.8,12,1,15.6,1920,1080,141,0,7,0,12,209,16,0,1,4,1024.0,0,6.0,0,72990.0
2805,2,4675,374,2.2,12,1,15.6,1920,1080,141,1,5,0,2,209,8,0,0,4,1024.0,0,6.0,0,77990.0
2806,9,1691,156,1.85,12,1,15.0,1920,1080,147,0,3,0,4,160,4,0,0,4,1024.0,0,6.0,0,37715.0
2807,9,2274,156,1.83,12,1,15.6,1920,1080,141,0,5,0,8,317,8,0,0,2,1024.0,0,6.0,0,59899.0
2808,6,2875,460,1.8,16,1,15.6,1920,1080,141,0,3,0,4,160,8,0,0,4,1024.0,0,10.0,0,54781.0
2809,9,2271,156,1.75,12,1,15.6,1920,1080,141,0,5,0,8,154,8,0,0,4,1024.0,0,6.0,0,53490.0
2810,2,7689,427,1.6,12,1,15.6,1920,1080,141,1,5,0,2,86,8,0,0,4,1024.0,0,6.0,0,34990.0
2811,2,7690,427,1.6,12,1,15.6,1920,1080,141,1,5,0,2,86,4,0,0,4,1024.0,0,6.0,0,31400.0
2812,9,2207,156,1.77,12,1,15.6,1920,1080,141,0,3,0,3,129,4,0,1,4,1024.0,0,6.0,0,36550.0
2813,9,1531,156,2.1,11,1,15.6,1366,768,100,0,3,0,3,125,4,0,0,4,1024.0,0,6.0,0,34857.0
2814,9,2607,5,2.1,0,1,14.0,1366,768,112,1,4,0,1,43,4,0,0,4,1024.0,0,4.0,0,21789.0
2815,9,1206,156,1.51,12,1,14.0,1920,1080,157,0,3,0,4,160,4,0,0,4,1024.0,0,6.0,0,47000.0
2816,9,2623,9,2.3,0,1,15.6,1366,768,100,0,1,0,2,120,4,0,0,4,1024.0,0,6.0,0,22490.0
2817,9,2279,156,1.75,16,1,15.6,1366,768,100,0,3,0,8,160,8,0,0,4,1024.0,0,6.0,0,37990.0
2818,2,7234,517,1.3,12,1,14.0,1920,1080,157,0,5,0,6,166,8,0,0,4,1024.0,0,6.0,0,46833.0
2819,6,1351,168,2.1,10,1,15.6,1366,768,100,1,4,0,1,41,4,0,0,4,500.0,0,5.0,0,22532.0
2820,9,2242,156,1.74,12,1,15.6,1920,1080,141,0,5,0,6,234,8,0,0,2,1024.0,0,6.0,0,69990.0
2821,2,2547,447,1.88,16,1,16.0,1920,1200,142,1,7,0,20,4,16,0,1,4,1024.0,0,6.0,0,61990.0
2822,15,6642,156,1.85,12,1,15.6,1920,1080,141,0,3,0,4,166,4,0,0,4,1024.0,0,6.0,0,36500.0
2823,2,7614,424,1.43,12,1,14.0,1920,1080,157,3,4,0,2,48,4,0,0,4,1024.0,0,6.0,0,23990.0
2824,3,7298,334,1.3,16,1,14.1,1920,1080,156,0,1,0,12,160,4,0,0,4,1024.0,0,8.0,0,15990.0
2825,15,106,159,1.85,12,1,15.6,1920,1080,141,0,5,0,6,160,8,0,0,4,1024.0,0,6.0,0,61400.0
2826,15,102,159,1.85,12,1,15.6,1920,1080,141,0,5,0,6,160,8,0,0,4,1024.0,0,7.3,0,42990.0
2827,9,941,355,1.3,12,1,14.0,1366,768,112,1,4,0,1,42,4,0,0,4,1024.0,0,8.15,0,43901.0
2828,6,801,460,1.66,12,1,14.0,1920,1080,157,0,3,0,4,160,4,0,0,4,1024.0,0,10.0,0,38302.0
2829,0,3938,225,2.3,12,1,15.6,1920,1080,141,0,5,0,8,293,8,0,0,4,1024.0,0,6.0,0,61499.0
2830,9,8064,243,1.58,12,1,14.0,1920,1080,157,0,3,1,16,160,8,0,0,4,1024.0,0,6.0,0,48629.0
2831,9,8069,243,1.61,12,1,14.0,1920,1080,157,0,5,1,8,154,8,0,0,4,1024.0,0,6.0,0,80400.0
2832,2,7700,462,1.68,12,1,15.6,1920,1080,141,0,3,0,3,129,8,0,0,4,1024.0,0,6.0,0,30490.0
2833,16,5348,156,1.86,12,1,15.6,1920,1080,141,0,5,0,8,213,8,0,0,4,1024.0,0,6.0,0,62190.0
2834,6,3029,168,2.2,12,1,15.6,1920,1080,141,0,3,0,4,160,8,0,0,4,1024.0,0,6.0,0,42999.0
2835,6,1429,168,2.2,12,1,15.6,1920,1080,141,0,5,0,6,8,8,0,0,4,2048.0,0,6.0,0,68853.0
2836,15,2096,159,1.85,12,1,15.6,1920,1080,141,0,5,0,6,160,8,0,0,4,1024.0,0,6.0,0,43990.0
2837,2,7691,427,1.6,12,1,15.6,1920,1080,141,1,5,0,6,86,8,0,0,4,1024.0,0,6.0,0,35990.0
2838,3,7341,201,1.25,12,1,14.0,1920,1080,157,0,5,0,6,166,8,0,0,4,1024.0,0,10.0,0,31990.0
2839,6,2864,166,1.66,12,1,14.0,1920,1080,157,0,3,0,4,160,4,0,0,4,1024.0,0,6.0,0,47800.0
2840,9,2313,156,1.69,16,1,15.6,1920,1080,141,1,3,0,12,4,8,0,0,4,1024.0,0,6.0,0,36710.0
2841,2,7707,447,1.86,12,1,15.6,1920,1080,141,0,3,0,3,123,8,0,0,4,1024.0,0,6.0,0,29100.0
2842,15,3114,157,1.5,12,1,14.0,1920,1080,157,0,3,1,6,160,8,0,0,4,1024.0,0,10.0,0,54990.0
2843,9,1680,156,1.77,12,1,15.6,1366,768,100,0,2,0,2,127,4,0,0,4,1024.0,0,6.0,0,27743.0
2844,6,820,166,1.43,12,1,14.0,1920,1080,157,0,5,0,6,316,8,0,0,2,1024.0,0,6.0,0,63890.0
2845,2,4558,454,2.0,12,1,15.6,1366,768,100,0,2,0,2,121,4,0,0,4,1024.0,0,6.0,0,26990.0
2846,10,6297,205,1.38,16,1,14.0,1920,1080,157,1,5,0,12,4,16,0,0,4,1024.0,0,14.0,0,43890.0
2847,9,1179,156,1.47,12,1,14.0,1366,768,112,0,3,0,3,129,4,0,0,4,1024.0,0,6.0,0,31500.0
2848,2,4807,374,2.6,12,1,17.3,1920,1080,127,1,5,0,2,57,8,0,0,4,1024.0,0,6.0,0,60990.0
2849,9,908,156,1.94,12,1,14.0,1366,768,112,0,3,0,3,123,4,0,0,4,1024.0,0,4.0,0,34900.0
2850,9,1688,156,1.77,12,1,15.6,1920,1080,141,0,5,0,6,166,8,0,0,4,1024.0,0,6.0,0,49990.0
2851,15,6643,156,1.85,12,1,15.6,1920,1080,141,0,3,0,4,166,8,0,0,4,1024.0,0,6.0,0,35510.0
2852,9,8048,243,1.59,12,1,14.0,1920,1080,157,0,3,1,4,166,4,0,0,4,1024.0,0,6.0,0,46990.0
2853,0,6812,362,1.2,12,1,14.0,1920,1080,157,0,5,0,8,155,8,0,0,4,1024.0,0,6.0,0,49990.0
2854,15,3096,157,1.5,12,1,14.0,1920,1080,157,0,3,1,4,160,4,0,0,4,1024.0,0,6.0,0,39900.0
2855,2,7710,447,1.68,12,1,15.6,1920,1080,141,0,5,0,6,312,8,0,0,2,1024.0,0,6.0,0,41590.0
2856,25,7911,48,1.15,3,1,11.6,1366,768,135,0,1,0,2,116,2,0,0,4,1024.0,0,11.0,0,36212.0
2857,0,3597,28,1.7,16,1,15.6,1920,1080,141,0,5,0,12,155,8,0,0,4,1024.0,0,6.0,0,56999.0
2858,0,4545,110,1.7,15,1,15.6,1920,1080,141,0,3,0,12,160,8,0,0,4,1024.0,0,6.0,0,52990.0
2859,0,3598,28,1.7,16,1,15.6,1920,1080,141,0,5,0,12,155,16,0,0,4,1024.0,0,6.0,0,40990.0
2860,0,3894,225,2.2,12,1,15.6,2560,1440,188,1,7,0,12,259,16,0,0,6,1024.0,0,6.0,0,73140.0
2861,15,4356,402,1.69,12,1,14.0,1920,1080,157,0,5,0,6,160,8,0,0,4,1024.0,0,6.0,0,60442.0
2862,15,6626,156,1.65,12,1,14.0,1366,768,112,1,4,0,1,43,4,0,0,4,1024.0,0,4.5,0,23990.0
2863,2,7613,424,1.6,12,1,14.0,1920,1080,157,0,3,0,3,166,4,0,0,4,1024.0,0,6.0,0,27668.0
2864,15,4859,157,1.5,12,1,14.0,1920,1080,157,0,3,1,4,160,4,0,0,4,1024.0,0,6.0,0,65999.0
2865,12,5748,139,1.8,16,1,15.6,1920,1080,141,0,5,0,8,160,16,0,0,4,1024.0,0,8.0,0,29990.0
2866,9,2168,156,2.1,12,1,15.6,1366,768,100,0,5,0,3,25,8,0,0,2,1024.0,0,6.0,0,55950.0
2867,20,6222,293,1.4,16,1,14.1,1920,1080,156,0,5,0,8,155,16,0,0,4,1024.0,0,6.0,0,40000.0
2868,9,2369,156,1.74,12,1,15.6,1920,1080,141,1,5,0,4,4,8,0,0,4,1024.0,0,6.0,0,46999.0
2869,9,937,249,1.65,12,1,14.0,1920,1080,157,0,7,1,8,315,16,0,0,2,1024.0,0,6.0,0,82490.0
2870,15,500,156,2.2,0,1,15.6,1366,768,100,1,4,0,2,49,8,0,0,2,1024.0,0,4.0,0,27985.0
2871,9,1630,156,1.86,12,1,15.6,1920,1080,141,0,3,0,3,129,4,0,0,4,1024.0,0,6.0,0,29497.0
2872,32,7974,271,1.65,16,1,15.6,1920,1080,141,0,5,0,12,155,16,0,1,4,1024.0,0,10.0,0,51999.0
2873,6,1295,168,1.83,12,1,15.6,1920,1080,141,0,3,0,4,160,8,0,0,4,1024.0,0,8.0,0,41400.0
2874,6,1388,168,1.37,12,1,15.6,1920,1080,141,0,3,0,3,129,4,0,0,4,1024.0,0,6.0,0,34990.0
2875,2,7599,447,1.5,12,1,14.0,1366,768,112,0,5,0,6,166,4,0,0,4,1024.0,0,6.0,0,43990.0
2876,2,4288,48,1.24,3,1,11.6,1366,768,135,0,1,0,4,161,4,0,0,4,1024.0,0,6.0,0,16990.0
2877,6,2925,168,1.8,16,1,14.9,1920,1080,148,1,3,0,4,4,8,0,0,4,1024.0,0,7.0,0,47695.0
2878,15,702,156,2.1,12,1,15.6,1366,768,100,1,4,0,1,4,4,0,0,4,1024.0,0,4.5,0,17990.0
2879,15,6722,156,1.6,12,1,14.0,1920,1080,157,0,3,0,4,160,8,0,0,4,1024.0,0,11.0,0,44500.0
2880,6,3245,119,2.5,12,1,15.6,1920,1080,141,1,5,0,11,56,8,0,0,6,1024.0,0,6.0,0,75300.0
2881,2,5117,305,2.4,12,1,17.3,1920,1080,127,1,7,0,8,209,8,0,0,4,1024.0,0,6.0,0,71550.0
2882,9,2331,156,1.7,16,1,15.6,1920,1080,141,0,5,0,8,155,8,0,0,4,1024.0,0,6.0,0,54000.0
2883,6,1356,168,2.2,11,1,15.6,1366,768,100,0,3,0,3,123,4,0,0,4,1024.0,0,8.0,0,26990.0
2884,15,2814,156,1.67,12,1,14.0,1920,1080,157,0,3,0,3,129,4,0,0,4,1024.0,0,6.0,0,36990.0
2885,2,7730,427,1.9,12,1,15.6,1920,1080,141,0,3,0,4,160,4,0,0,4,1024.0,0,6.0,0,30990.0
2886,15,83,159,1.7,12,1,15.6,1920,1080,141,0,5,0,6,234,8,0,0,2,1024.0,0,7.5,0,50990.0
2887,0,3557,28,1.9,12,1,15.6,1366,768,100,1,3,0,6,84,4,0,0,4,1024.0,0,6.0,0,40999.0
2888,15,7933,189,2.3,12,1,15.6,1920,1080,141,0,5,0,8,209,8,0,0,4,1024.0,0,6.0,0,77290.0
2889,15,3316,189,2.3,12,1,15.6,1920,1080,141,0,5,0,8,293,8,0,0,4,1024.0,0,6.0,0,72990.0
2890,0,3576,28,1.9,12,1,15.6,1920,1080,141,0,3,0,4,160,4,0,0,4,1024.0,0,6.0,0,45999.0
2891,2,6669,439,1.2,12,1,13.3,1920,1080,166,0,5,0,8,155,8,0,0,4,1024.0,0,6.0,0,64694.0
2892,6,1407,168,2.2,12,1,15.6,1366,768,100,1,4,0,1,44,4,0,0,4,1024.0,0,4.0,0,27254.0
2893,15,7359,156,2.33,0,1,15.6,1920,1080,141,0,1,0,12,133,4,0,1,4,1024.0,0,5.0,0,27996.0
2894,15,95,159,1.6,12,1,14.0,1920,1080,157,0,3,0,4,160,8,0,0,4,1024.0,0,7.5,0,39499.0
2895,9,1722,156,1.77,12,1,15.6,1366,768,100,0,2,0,2,127,4,0,0,4,1024.0,0,6.0,0,22490.0
2896,2,7789,446,1.8,12,1,15.6,1920,1080,141,0,3,0,6,160,8,0,0,4,1024.0,0,6.0,0,45990.0
2897,9,1168,48,1.46,3,1,14.0,1920,1080,157,0,1,0,4,161,4,0,0,4,1024.0,0,6.0,0,32743.0
2898,15,2723,156,2.0,12,1,14.0,1920,1080,157,0,5,0,3,129,8,0,0,4,1024.0,0,5.0,0,47493.0
2899,6,1369,460,2.1,12,1,15.6,1366,768,100,0,3,0,3,123,4,0,0,4,1024.0,0,6.0,0,28990.0
2900,2,5373,297,2.5,11,1,15.6,1920,1080,141,0,7,0,6,227,16,0,0,2,1024.0,0,5.0,0,218158.0
2901,9,2349,156,2.48,16,1,15.6,1920,1080,141,0,3,0,6,160,8,0,0,4,1024.0,0,9.15,0,36990.0
2902,6,603,165,1.39,12,1,13.3,1920,1080,166,0,5,0,6,166,8,0,0,4,1024.0,0,6.0,0,60999.0
2903,2,4971,303,2.0,12,1,15.6,1920,1080,141,0,7,0,6,302,16,0,0,4,1024.0,0,6.0,0,93990.0
2904,15,5882,156,2.2,12,1,15.6,1920,1080,141,0,5,0,8,293,8,0,0,4,1024.0,0,9.0,0,98990.0
2905,2,7679,424,1.6,12,1,14.0,1920,1080,157,0,3,0,4,160,4,0,0,4,1024.0,0,6.0,0,41100.0
2906,2,7701,447,1.68,12,1,15.6,1920,1080,141,0,3,0,3,129,4,0,0,4,1024.0,0,6.0,0,28999.0
2907,0,3531,28,1.9,12,1,15.6,1920,1080,141,1,5,0,12,86,8,0,0,4,1024.0,0,11.0,0,37999.0
2908,2,4676,374,2.2,12,1,15.6,1920,1080,141,1,5,0,6,293,8,0,0,4,1024.0,0,6.0,0,78990.0
2909,0,4933,255,2.7,12,1,15.6,1920,1080,141,0,7,0,6,206,16,0,0,6,2048.0,0,6.0,0,120999.0
2910,18,7001,156,0.77,14,1,12.3,2736,1824,267,0,5,1,3,129,8,0,0,4,1024.0,0,13.5,0,82919.0
2911,2,6108,447,2.0,12,1,15.6,1920,1080,141,1,4,0,4,4,4,0,0,4,1024.0,0,6.0,0,29799.0
2912,2,7678,424,1.6,12,1,14.0,1920,1080,157,0,3,0,4,160,4,0,0,4,1024.0,0,6.0,0,34990.0
2913,2,5894,447,2.1,12,1,14.0,1366,768,112,1,4,0,2,41,4,0,0,4,1024.0,0,6.0,0,77460.0
2914,0,3651,30,1.45,16,1,14.0,1920,1080,157,0,5,0,8,155,8,0,0,4,1024.0,0,11.5,0,55989.0
2915,2,4678,374,2.2,12,1,15.6,1920,1080,141,1,7,0,6,293,8,0,0,4,1024.0,0,6.0,0,66990.0
2916,9,653,97,1.21,12,1,13.3,1920,1080,166,0,3,0,4,166,4,0,0,4,1024.0,0,6.0,0,58051.0
2917,9,2251,156,1.74,12,1,15.6,1920,1080,141,0,3,0,4,166,4,0,0,4,1024.0,0,6.0,0,27990.0
2918,9,2613,5,1.52,0,1,14.0,1366,768,112,1,5,0,3,81,4,0,0,4,1024.0,0,6.0,0,31490.0
2919,1,5936,203,1.51,31,1,15.3,2880,1864,224,2,4,0,20,160,8,0,0,4,1024.0,0,18.0,0,113690.0
2920,3,6293,292,1.34,12,1,14.0,1920,1080,157,0,3,0,4,166,4,0,0,4,1024.0,0,10.0,0,28499.0
2921,9,2317,156,1.7,16,1,15.6,1920,1080,141,0,3,0,8,160,8,0,0,4,1024.0,0,9.15,0,38000.0
2922,15,2156,159,1.6,16,1,15.6,1920,1080,141,0,7,0,12,155,16,0,1,4,1024.0,0,6.0,0,60190.0
2923,2,7760,427,1.68,16,1,15.6,1920,1080,141,1,3,0,5,83,8,0,0,4,1024.0,0,6.0,0,33990.0
2924,16,4166,156,1.96,12,1,15.6,1920,1080,141,1,5,0,12,54,8,0,0,4,1024.0,0,6.0,0,60990.0
2925,2,4565,447,2.14,12,1,15.6,1920,1080,141,0,5,0,8,293,8,0,1,4,1024.0,0,6.0,0,62990.0
2926,9,1721,156,1.77,12,1,15.6,1920,1080,141,0,3,0,4,311,4,0,0,2,1024.0,0,6.0,0,40790.0
2927,0,3519,26,2.2,12,1,15.6,1366,768,100,1,4,0,1,41,4,0,0,4,1024.0,0,5.5,0,19490.0
2928,6,605,165,1.4,12,1,13.0,1920,1080,169,0,7,0,8,8,8,0,0,2,1024.0,0,6.0,0,84490.0
2929,9,8016,243,1.21,12,1,11.6,1366,768,135,0,2,1,4,162,4,0,0,4,1024.0,0,6.0,0,85743.0
2930,16,5391,156,2.3,12,1,15.6,1920,1080,141,0,5,0,12,209,8,0,0,4,1024.0,0,6.0,0,71990.0
2931,9,1731,243,2.25,12,1,15.6,1920,1080,141,0,7,0,12,209,8,0,0,4,1024.0,0,6.0,0,91211.0
2932,9,2008,243,1.96,0,1,15.6,1366,768,100,0,5,0,3,285,4,0,0,2,1024.0,0,6.0,0,40890.0
2933,15,497,156,2.2,0,1,15.6,1366,768,100,0,2,0,2,115,4,0,0,4,1024.0,0,4.0,0,23987.0
2934,9,1591,243,2.04,12,1,15.6,1366,768,100,0,5,0,3,195,8,0,0,4,1024.0,0,6.0,0,63854.0
2935,2,7697,447,1.68,12,1,15.6,1920,1080,141,0,5,0,6,312,8,0,0,2,1024.0,0,6.0,0,48990.0
2936,1,6193,204,1.4,23,1,13.0,2560,1600,232,0,5,0,6,149,8,0,0,4,1024.0,0,6.0,0,111990.0
2937,9,1683,156,1.77,12,1,15.6,1920,1080,141,0,3,0,4,166,4,0,0,4,1024.0,0,6.0,0,30615.0
2938,2,7706,447,1.68,12,1,15.6,1920,1080,141,0,3,0,3,129,4,0,0,4,1024.0,0,6.0,0,27000.0
2939,0,3903,225,2.2,16,1,15.6,1920,1080,141,1,5,0,8,255,16,0,0,4,1024.0,0,6.0,0,106999.0
2940,9,2632,9,2.1,0,1,15.6,1366,768,100,0,3,0,3,129,4,0,0,4,1024.0,0,6.0,0,26480.0
2941,15,6666,156,1.85,12,1,15.6,1920,1080,141,0,5,0,6,160,8,0,0,4,1024.0,0,6.0,0,49990.0
2942,9,2263,156,1.75,12,1,15.6,1920,1080,141,0,3,0,4,160,4,0,0,4,1024.0,0,6.0,0,43381.0
2943,2,4967,303,2.3,12,1,15.6,1920,1080,141,0,5,0,8,212,8,0,0,4,1024.0,0,6.0,0,77990.0
2944,2,7225,518,1.17,12,1,14.0,1920,1080,157,0,5,0,8,155,8,0,0,4,1024.0,0,6.0,0,58990.0
2945,1,6188,203,1.29,23,1,13.3,2560,1600,227,0,5,0,6,147,8,0,0,4,1024.0,0,11.0,0,122990.0
2946,9,1720,156,1.77,12,1,15.6,1366,768,100,0,1,0,4,161,4,0,0,4,1024.0,0,6.0,0,21990.0
2947,2,6099,156,1.8,12,1,15.6,1920,1080,141,1,5,0,4,86,8,0,0,4,1024.0,0,6.0,0,35990.0
2948,9,2273,156,1.77,12,1,15.6,1920,1080,141,0,3,0,6,160,8,0,0,4,1024.0,0,6.0,0,51860.0
2949,20,6220,293,1.4,12,1,14.0,1366,768,112,0,5,0,6,160,8,0,0,4,1024.0,0,6.0,0,31990.0
2950,2,4562,113,1.9,12,1,15.6,1920,1080,141,1,5,0,2,201,8,0,0,4,1024.0,0,4.0,0,50990.0
2951,6,793,460,2.2,10,1,14.0,1366,768,112,0,3,0,3,129,4,0,0,4,1024.0,0,6.0,0,26650.0
2952,9,1659,156,1.85,12,1,15.6,1920,1080,141,0,5,0,6,182,8,0,1,2,1024.0,0,6.0,0,74000.0
2953,9,2612,5,1.52,12,1,14.0,1366,768,112,1,5,0,3,81,8,0,0,4,1024.0,0,6.0,0,37790.0
2954,9,907,156,1.9,0,1,14.0,1366,768,112,0,3,0,3,123,4,0,0,4,1024.0,0,4.0,0,31041.0
2955,6,3025,168,2.2,12,1,15.6,1920,1080,141,0,5,0,6,7,8,0,0,2,1024.0,0,6.0,0,55000.0
2956,2,5112,305,2.83,12,1,17.3,1920,1080,127,0,7,0,12,304,16,0,0,6,1024.0,0,6.0,0,99790.0
2957,9,2199,156,1.86,0,1,15.6,1366,768,100,1,4,0,1,41,4,0,0,4,1024.0,0,6.0,0,22495.0
2958,6,1360,168,2.2,12,1,15.6,1366,768,100,0,7,0,4,47,8,0,0,2,1024.0,0,6.0,0,61658.0
2959,2,4667,374,2.3,12,1,15.6,1920,1080,141,0,7,0,9,289,8,0,0,4,1024.0,0,6.0,0,79999.0
2960,9,1835,423,2.37,16,1,15.6,1920,1080,141,0,5,0,12,255,16,0,0,4,1024.0,0,6.0,0,66999.0
2961,9,2212,156,1.77,12,1,15.6,1920,1080,141,0,5,0,6,166,8,0,1,4,1024.0,0,6.0,0,47990.0
2962,2,7794,446,1.7,12,1,15.6,1920,1080,141,0,7,0,12,155,8,0,0,4,1024.0,0,6.0,0,77262.0
2963,15,5892,156,2.19,12,1,15.6,1920,1080,141,0,5,0,8,201,8,0,0,3,1024.0,0,9.0,0,51990.0
2964,15,4484,156,1.59,0,1,14.0,1920,1080,157,1,4,0,12,4,4,0,0,4,1024.0,0,11.0,0,18990.0
2965,15,6645,156,1.85,12,1,15.6,1920,1080,141,0,3,0,4,166,4,0,0,4,1024.0,0,6.0,0,34990.0
2966,2,7612,424,1.6,12,1,14.0,1920,1080,157,0,3,0,3,166,4,0,0,4,1024.0,0,6.0,0,30923.0
2967,33,4314,156,1.41,14,1,14.0,1366,768,112,0,1,0,2,120,3,0,0,4,1024.0,0,6.0,0,17990.0
2968,15,5875,156,2.2,0,1,15.6,1920,1080,141,0,5,0,6,166,8,0,0,4,1024.0,0,6.0,0,39990.0
2969,9,1779,243,1.74,16,1,15.6,1920,1080,141,0,5,0,12,155,16,0,1,4,1024.0,0,9.3,0,62990.0
2970,6,804,460,1.66,7,1,14.0,1366,768,112,0,3,0,4,160,4,0,0,4,1024.0,0,6.0,0,30990.0
2971,15,3129,189,2.4,12,1,15.6,1920,1080,141,0,7,0,24,255,16,0,0,4,1024.0,0,6.0,0,85999.0
2972,9,2606,5,1.85,0,1,14.0,1366,768,112,1,4,0,1,44,4,0,0,4,1024.0,0,6.0,0,40999.0
2973,6,1379,168,2.13,12,1,15.6,1920,1080,141,0,5,0,6,166,8,0,0,4,1024.0,0,6.0,0,45890.0
2974,13,1153,532,0.99,12,1,14.0,1920,1080,157,0,5,0,6,147,8,0,0,4,1024.0,0,18.5,0,64990.0
2975,2,4227,49,1.2,3,1,12.5,1920,1080,176,0,4,1,4,122,4,0,0,4,1024.0,0,6.0,0,79060.0
2976,6,1354,168,2.27,12,1,15.6,1366,768,100,1,4,0,1,41,4,0,0,4,1024.0,0,6.0,0,22799.0
2977,9,1613,243,2.2,12,1,15.6,1920,1080,141,0,5,0,8,209,8,0,0,4,1024.0,0,6.0,0,77441.0
2978,2,6094,427,1.9,12,1,15.6,1920,1080,141,1,5,0,2,86,8,0,0,4,1024.0,0,6.0,0,41590.0
2979,0,3983,227,2.1,16,1,15.6,1920,1080,141,0,5,0,12,248,16,0,0,4,1024.0,0,6.0,0,64990.0
2980,15,135,160,1.6,12,1,15.6,1920,1080,141,0,5,0,8,155,16,0,1,4,1024.0,0,6.0,0,61290.0
2981,2,7655,424,1.6,16,1,14.0,1920,1080,157,0,3,0,6,133,16,0,0,4,1024.0,0,6.0,0,34990.0
2982,2,4872,518,1.4,16,1,14.0,3840,2400,323,0,5,1,18,155,16,0,0,4,1024.0,0,6.0,0,76990.0
2983,9,2288,156,1.77,12,1,15.6,1920,1080,141,1,7,0,6,68,8,0,0,4,1024.0,0,6.0,0,55218.0
2984,2,7695,462,1.68,11,1,15.6,1366,768,100,0,1,0,4,161,4,0,0,4,1024.0,0,6.0,0,20790.0
2985,0,3701,30,1.65,12,1,15.6,1920,1080,141,0,5,0,8,155,8,0,0,4,1024.0,0,9.5,0,48499.0
2986,9,1689,156,1.77,12,1,15.6,1920,1080,141,0,5,0,6,166,4,0,0,4,1024.0,0,6.0,0,51394.0
2987,2,7793,446,1.8,12,1,15.6,1920,1080,141,0,5,0,8,155,8,0,0,4,1024.0,0,6.0,0,61186.0
2988,2,5111,305,2.8,12,1,17.3,1920,1080,127,0,7,0,12,219,16,0,0,6,1024.0,0,6.0,0,98457.0
2989,15,709,156,2.1,0,1,15.6,1920,1080,141,0,3,0,3,233,4,0,0,2,1024.0,0,5.0,0,29990.0
2990,2,7759,427,1.7,12,1,15.6,1920,1080,141,0,5,0,6,235,8,0,0,2,1024.0,0,6.0,0,60990.0
2991,9,1607,156,2.19,0,1,15.6,1366,768,100,1,4,0,2,41,4,0,0,4,1024.0,0,6.0,0,21990.0
2992,9,8115,243,1.61,12,1,14.0,1366,768,112,0,3,1,6,155,8,0,0,4,1024.0,0,8.3,0,73439.0
2993,2,5803,156,1.4,12,1,14.0,1920,1080,157,0,3,0,6,160,8,0,0,4,1024.0,0,6.0,0,42990.0
2994,9,2290,156,1.69,12,1,15.6,1920,1080,141,1,3,0,4,4,4,0,0,4,1024.0,0,6.0,0,36298.0
2995,2,5778,443,1.8,16,1,15.6,1920,1080,141,0,5,0,18,155,8,0,1,4,1024.0,0,8.0,0,60490.0
2996,16,6213,156,1.3,12,1,14.0,1920,1080,157,1,5,0,12,4,8,0,0,4,1024.0,0,6.0,0,44990.0
2997,15,5542,156,2.25,16,1,15.6,1920,1080,141,1,7,0,16,255,16,0,0,4,1024.0,0,5.0,0,81990.0
2998,6,1337,168,1.85,12,1,15.6,1920,1080,141,1,5,0,4,81,8,0,0,4,1024.0,0,6.0,0,56573.0
2999,15,2079,180,2.4,16,1,15.6,1920,1080,141,0,5,0,12,248,24,0,0,4,1024.0,0,6.0,1,63490.0
3000,9,1589,243,2.0,11,1,15.6,1920,1080,141,0,7,0,4,195,16,0,0,4,2048.0,0,6.0,1,85181.0
3001,16,4104,373,2.2,16,1,16.0,1920,1200,142,0,9,0,36,267,32,0,0,8,1024.0,0,6.0,1,124990.0
3002,9,307,11,1.75,0,1,15.6,1366,768,100,0,1,0,12,133,8,0,0,4,1024.0,0,2.5,1,22690.0
3003,0,3848,34,1.59,16,1,15.6,1920,1080,141,0,5,0,12,133,16,0,0,4,1024.0,0,6.0,1,46990.0
3004,2,7541,427,1.7,16,1,15.6,1920,1080,141,0,3,0,10,160,8,0,0,4,1024.0,0,8.0,1,32990.0
3005,9,5182,13,1.47,0,1,15.6,1366,768,100,1,3,0,4,4,8,0,0,4,1024.0,0,3.0,1,25851.0
3006,2,7130,431,1.5,16,1,14.0,1920,1200,162,0,5,1,18,155,16,0,0,4,1024.0,0,6.0,1,79990.0
3007,2,5088,304,2.5,16,1,16.0,1920,1200,142,0,5,0,12,255,16,0,0,6,1024.0,0,6.0,1,95990.0
3008,2,7576,429,1.88,16,1,16.0,1920,1200,142,0,7,0,24,155,16,0,0,4,1024.0,0,6.0,1,61980.0
3009,6,2956,168,1.65,16,1,15.6,1920,1080,141,0,5,0,12,160,16,0,0,4,1024.0,0,6.0,1,51890.0
3010,2,6781,443,1.5,16,1,15.6,2880,1620,212,0,4,0,24,107,16,0,0,4,1024.0,0,6.0,1,96990.0
3011,2,5016,303,2.3,12,1,15.6,1920,1080,141,1,7,0,16,259,16,0,0,6,1024.0,0,6.0,1,147990.0
3012,9,8131,249,1.59,12,1,14.0,1366,768,112,0,3,1,4,160,4,0,0,4,1024.0,0,6.0,1,44441.0
3013,1,6153,204,1.8,29,1,15.4,2880,1800,221,0,7,0,8,34,16,0,0,2,1024.0,0,10.0,1,226000.0
3014,16,5321,156,2.4,11,1,15.6,1920,1080,141,0,7,0,6,366,16,0,0,6,1024.0,0,6.0,1,139990.0
3015,9,1876,423,2.29,16,1,15.6,1920,1080,141,0,5,0,12,257,16,0,0,4,1024.0,0,7.45,1,68990.0
3016,25,2589,126,0.87,16,1,13.3,1920,1080,166,0,5,0,12,155,16,0,0,4,1024.0,0,21.0,1,106990.0
3017,16,4318,217,1.6,16,1,14.0,1920,1200,162,0,7,0,12,155,16,0,0,4,1024.0,0,6.0,1,65990.0
3018,15,2150,159,1.6,16,1,15.6,1920,1080,141,0,3,0,6,160,8,0,0,4,1024.0,0,7.0,1,35990.0
3019,0,3620,28,1.45,16,1,14.0,1920,1080,157,0,5,0,12,160,16,0,0,4,1024.0,0,6.5,1,51990.0
3020,16,495,122,1.86,16,1,15.6,1920,1080,141,0,5,0,12,209,8,0,0,4,1024.0,0,6.0,1,49990.0
3021,15,5654,389,1.7,16,1,16.0,1920,1200,142,0,3,0,10,160,8,0,0,4,1024.0,0,9.15,1,40990.0
3022,16,535,122,1.86,16,1,15.6,1920,1080,141,0,7,0,12,248,16,0,0,4,1024.0,0,6.0,1,66456.0
3023,9,1524,243,2.0,11,1,15.6,1920,1080,141,0,7,0,4,194,8,0,0,4,1024.0,0,6.0,1,73392.0
3024,0,3619,28,1.45,16,1,14.0,1920,1080,157,0,5,0,12,160,8,0,0,4,1024.0,0,6.5,1,44990.0
3025,9,2339,156,2.2,16,1,15.6,1920,1080,141,0,7,0,12,155,16,0,0,4,1024.0,0,4.0,1,62690.0
3026,15,7416,156,2.2,0,1,15.6,1920,1080,141,0,3,0,12,160,8,0,0,4,1024.0,0,6.0,1,28500.0
3027,0,3618,28,1.45,16,1,14.0,1920,1080,157,0,5,0,12,160,16,0,0,4,1024.0,0,6.5,1,45990.0
3028,25,6241,129,1.55,16,1,15.6,1920,1080,141,0,4,0,12,106,16,0,0,4,1024.0,0,6.0,1,58980.0
3029,25,6240,129,1.55,16,1,15.6,1920,1080,141,0,4,0,12,106,8,0,0,4,1024.0,0,6.0,1,61490.0
3030,9,2395,232,2.32,16,1,16.1,1920,1080,137,1,7,0,12,266,16,0,0,6,1024.0,0,6.0,1,99990.0
3031,15,7338,156,1.6,12,1,14.0,1920,1080,157,0,5,0,8,155,8,0,0,4,1024.0,0,6.0,1,33900.0
3032,16,568,178,2.25,16,1,15.6,1920,1080,141,0,5,0,12,255,8,0,0,4,1024.0,0,6.0,1,70989.0
3033,15,6605,156,1.5,18,1,14.0,1920,1080,157,0,5,0,12,133,8,0,0,4,1024.0,0,8.0,1,62890.0
3034,9,1825,101,1.7,16,1,15.6,1920,1080,141,0,5,1,12,248,16,0,0,4,1024.0,0,6.0,1,96990.0
3035,16,536,122,1.86,16,1,15.6,1920,1080,141,0,5,0,12,248,16,0,0,4,1024.0,0,6.0,1,60008.0
3036,9,2452,232,2.35,16,1,16.1,1920,1080,137,0,7,0,24,266,16,0,0,6,1024.0,0,6.0,1,109990.0
3037,2,6775,443,1.7,16,1,15.6,2880,1620,212,0,9,0,24,155,16,0,0,4,1024.0,0,6.0,1,90260.0
3038,8,4942,156,3.11,16,1,15.6,1920,1080,141,0,5,0,12,255,8,0,0,4,1024.0,0,6.0,1,66068.0
3039,25,6226,130,1.46,16,1,15.6,1920,1080,141,0,4,1,12,155,16,0,0,4,1024.0,0,8.7,1,109990.0
3040,0,3850,34,1.59,16,1,15.6,1920,1080,141,0,5,0,12,155,8,0,0,4,1024.0,0,11.0,1,39990.0
3041,16,4073,175,2.6,16,1,17.3,1920,1080,127,0,7,0,12,267,8,0,0,8,1024.0,0,6.0,1,113602.0
3042,8,4945,156,2.08,16,1,15.6,1920,1080,141,0,5,0,12,267,8,0,0,8,1024.0,0,6.0,1,94990.0
3043,6,608,165,1.6,11,1,13.3,1920,1080,166,0,7,1,4,123,8,0,0,4,1024.0,0,6.0,1,75195.0
3044,9,1958,156,1.59,16,1,15.6,1920,1080,141,0,5,0,12,133,8,0,0,4,1024.0,0,6.0,1,50490.0
3045,9,405,14,1.52,2,1,15.6,1366,768,100,1,5,0,4,4,8,0,0,4,1024.0,0,6.0,1,29990.0
3046,2,6774,443,1.7,16,1,15.6,2880,1620,212,0,9,0,24,155,16,0,1,4,1024.0,0,6.0,1,94990.0
3047,2,5017,303,2.3,12,1,15.6,2560,1440,188,1,4,0,20,259,16,0,0,6,1024.0,0,6.0,1,135990.0
3048,15,4939,388,1.7,16,1,15.6,1920,1080,141,1,5,0,16,4,16,0,0,4,1024.0,0,8.8,1,32999.0
3049,25,2709,126,1.66,16,1,16.0,2880,1800,212,0,7,1,18,155,16,0,0,4,1024.0,0,6.0,1,149999.0
3050,9,991,246,1.44,16,1,14.0,2560,1600,216,0,4,0,18,107,16,0,0,4,1024.0,0,6.0,1,85900.0
3051,9,1016,156,1.4,16,1,14.0,1920,1080,157,0,4,0,24,107,16,0,0,4,1024.0,0,6.0,1,82990.0
3052,6,3294,170,1.85,16,1,16.0,1920,1080,138,0,7,0,18,155,16,0,0,4,1024.0,0,6.0,1,88990.0
3053,15,5620,415,1.65,18,1,15.6,1920,1080,141,1,3,0,12,13,8,0,0,4,1024.0,0,7.5,1,26499.0
3054,2,4865,48,1.63,3,1,14.0,1920,1080,157,0,1,1,4,160,8,0,0,4,1024.0,0,6.0,1,24990.0
3055,0,6399,156,1.49,16,1,14.0,1920,1080,157,0,5,0,12,155,8,0,0,4,1024.0,0,6.0,1,42287.0
3056,16,4074,175,2.6,16,1,17.3,2560,1440,170,0,7,0,12,267,16,0,0,8,1024.0,0,6.0,1,127796.0
3057,15,4252,481,1.35,12,1,13.6,1920,1080,162,0,5,1,6,160,8,0,0,4,1024.0,0,6.0,1,57999.0
3058,6,2849,182,2.0,0,1,14.0,1920,1080,157,0,3,0,12,160,8,0,0,4,1024.0,0,3.0,1,29890.0
3059,15,212,488,1.39,16,1,14.0,1920,1200,162,0,4,0,18,107,16,0,0,4,1024.0,0,6.0,1,81990.0
3060,9,300,7,1.47,0,1,14.0,1366,768,112,1,5,0,16,4,8,0,0,4,1024.0,0,6.0,1,30990.0
3061,16,4028,218,1.6,16,1,15.6,1920,1080,141,0,3,0,12,160,8,0,0,4,1024.0,0,6.0,1,32800.0
3062,12,3802,530,1.8,16,1,15.6,1920,1080,141,0,4,0,18,107,16,0,0,4,1024.0,0,6.0,1,57990.0
3063,12,7981,163,1.8,16,1,15.6,1920,1080,141,0,7,0,12,155,16,0,0,4,1024.0,0,10.0,1,65340.0
3064,16,6465,156,2.2,0,1,15.6,1920,1080,141,0,7,0,6,205,8,0,0,4,1024.0,0,6.0,1,92990.0
3065,6,838,166,1.5,12,1,14.0,1920,1080,157,0,5,0,8,155,8,0,0,4,1024.0,0,6.0,1,64890.0
3066,9,904,156,1.4,16,1,14.0,1920,1080,157,0,4,0,18,107,16,0,0,4,1024.0,0,6.0,1,67990.0
3067,2,7493,427,1.7,16,1,15.6,1920,1080,141,0,5,0,18,155,16,0,0,4,1024.0,0,6.0,1,64990.0
3068,12,3803,530,1.8,16,1,15.6,1920,1080,141,0,4,0,24,107,32,0,0,4,1024.0,0,13.0,1,85990.0
3069,2,5026,303,2.1,16,1,15.6,1920,1080,141,1,7,0,20,255,16,0,0,4,1024.0,0,6.0,1,81490.0
3070,16,4102,289,2.7,16,1,17.3,2560,1440,170,0,7,0,12,267,8,0,0,8,1024.0,0,6.0,1,142991.0
3071,2,6385,429,1.88,16,1,16.0,1920,1200,142,0,5,0,18,155,16,0,0,4,1024.0,0,6.0,1,65680.0
3072,18,6987,156,1.64,14,1,13.5,3000,2000,267,0,7,1,8,201,16,0,0,2,1024.0,0,17.0,1,222999.0
3073,2,4653,379,3.0,16,1,17.3,1920,1080,127,1,7,0,12,255,16,0,0,4,1024.0,0,6.0,1,104694.0
3074,9,1854,423,2.29,16,1,15.6,1920,1080,141,0,5,0,12,248,16,0,0,4,1024.0,0,6.0,1,64990.0
3075,9,1924,423,2.29,16,1,15.6,1920,1080,141,1,7,0,16,266,16,0,0,6,1024.0,0,7.45,1,88490.0
3076,2,5136,305,2.5,16,1,17.3,1920,1080,127,1,7,0,20,255,16,0,0,4,1024.0,0,6.0,1,88990.0
3077,9,70,3,1.6,18,1,14.0,1920,1080,157,0,7,0,12,155,16,0,0,4,1024.0,0,7.5,1,62990.0
3078,0,3616,28,1.45,16,1,14.0,1920,1080,157,0,5,0,12,133,16,0,0,4,1024.0,0,6.0,1,42980.0
3079,2,6786,443,1.42,16,1,15.6,2880,1620,212,3,4,0,42,379,16,0,0,4,1024.0,0,6.0,1,89990.0
3080,15,1496,385,1.7,0,1,15.6,1920,1080,141,1,7,0,16,4,8,0,0,4,1024.0,0,8.8,1,51990.0
3081,9,1959,156,1.59,16,1,15.6,1920,1080,141,0,5,0,12,155,16,0,0,4,1024.0,0,6.0,1,54599.0
3082,1,5997,204,1.55,30,1,14.0,3024,1964,258,3,4,0,20,160,8,0,0,4,1024.0,0,22.0,1,169900.0
3083,2,4758,375,2.0,16,1,15.6,1920,1080,141,0,5,0,8,259,16,0,0,6,1024.0,0,6.0,1,84990.0
3084,2,5447,298,1.3,12,1,13.4,3840,2400,338,1,4,0,16,297,16,0,0,4,1024.0,0,6.0,1,89990.0
3085,2,5317,319,1.9,16,1,15.6,2560,1440,188,1,4,0,16,262,16,0,0,8,1024.0,0,6.0,1,201990.0
3086,6,3373,167,1.6,16,1,14.0,2240,1400,189,0,4,0,24,107,16,0,0,4,1024.0,0,6.0,1,99000.0
3087,2,4636,378,2.2,16,1,16.0,1920,1200,142,1,7,0,20,67,16,0,0,8,1024.0,0,6.0,1,74990.0
3088,16,3424,61,2.2,12,1,16.0,2560,1600,189,0,9,0,12,259,16,0,0,6,1024.0,0,6.0,1,167990.0
3089,15,5653,389,1.7,16,1,16.0,1920,1080,141,0,5,0,12,160,16,0,0,4,1024.0,0,6.0,1,57990.0
3090,15,6903,156,1.65,16,1,15.6,1920,1080,141,0,3,0,6,160,8,0,0,4,1024.0,0,6.0,1,38999.0
3091,15,2076,180,2.4,15,1,15.6,1920,1080,141,0,5,0,12,248,12,0,0,4,1024.0,0,6.0,1,57890.0
3092,6,3226,166,1.56,15,1,14.0,1920,1200,162,0,5,0,12,155,16,0,0,4,1024.0,0,6.0,1,62990.0
3093,25,6242,129,1.55,16,1,15.6,1920,1080,141,0,4,0,12,155,16,0,0,4,1024.0,0,6.0,1,72999.0
3094,2,5316,319,1.9,15,1,15.6,2560,1440,188,1,4,0,16,262,16,0,0,8,1024.0,0,6.0,1,137032.0
3095,9,2575,232,2.2,11,1,17.3,1920,1080,127,0,7,0,6,206,16,0,0,6,1024.0,0,6.0,1,129999.0
3096,12,3804,530,1.8,16,1,15.6,1920,1080,141,0,4,0,24,107,16,0,0,4,1024.0,0,13.0,1,64990.0
3097,16,5725,406,3.3,16,1,17.3,3840,2160,255,0,9,0,12,269,64,0,0,12,1024.0,0,6.0,1,389990.0
3098,2,4624,377,2.3,16,1,15.6,1920,1080,141,1,7,0,20,248,16,0,1,4,1024.0,0,6.0,1,60899.0
3099,15,1092,486,1.35,16,1,14.0,1920,1200,162,0,5,0,12,155,16,0,0,4,1024.0,0,10.0,1,70990.0
3100,9,1562,243,1.75,16,1,15.6,1920,1080,141,1,7,0,12,4,16,0,0,4,1024.0,0,9.0,1,56000.0
3101,16,4103,174,2.25,16,1,15.6,1920,1080,141,0,9,0,12,267,16,0,0,8,1024.0,0,6.0,1,119990.0
3102,6,2881,168,1.85,12,1,15.6,1920,1080,141,0,5,0,8,160,8,0,0,4,1024.0,0,6.0,1,51499.0
3103,16,4059,174,2.25,16,1,15.6,1920,1080,141,0,5,0,12,255,16,0,0,6,1024.0,0,6.0,1,81906.0
3104,9,5217,9,1.74,0,1,15.6,1366,768,100,0,3,0,10,155,8,0,0,4,1024.0,0,6.0,1,34790.0
3105,25,3044,126,1.56,16,1,16.0,2880,1800,212,0,4,1,24,107,16,0,0,4,1024.0,0,7.5,1,144990.0
3106,9,1950,156,1.59,16,1,15.6,1920,1080,141,0,3,0,10,160,8,0,1,4,1024.0,0,6.0,1,35990.0
3107,16,4171,216,2.2,16,1,14.0,1920,1080,157,0,3,0,12,160,8,0,0,4,1024.0,0,6.0,1,45990.0
3108,2,4641,379,2.6,16,1,17.3,1920,1080,127,1,7,0,12,255,8,0,0,4,1024.0,0,6.0,1,76990.0
3109,15,5626,388,1.7,16,1,15.6,1920,1080,141,1,7,0,16,4,16,0,0,4,1024.0,0,8.8,1,47810.0
3110,2,5392,301,2.7,12,1,17.3,1920,1080,127,1,7,0,16,58,16,0,0,4,1024.0,0,6.0,1,134990.0
3111,9,1789,243,1.75,16,1,15.6,1920,1080,141,1,5,0,8,4,16,0,0,4,1024.0,0,6.0,1,64094.0
3112,0,3729,30,1.75,16,1,15.6,1920,1080,141,0,5,0,12,155,16,0,0,4,1024.0,0,6.0,1,47990.0
3113,6,4927,156,2.65,16,1,15.6,1920,1080,141,0,5,0,24,255,16,0,0,6,1024.0,0,8.5,1,70990.0
3114,2,4588,377,2.3,16,1,15.6,1920,1080,141,1,5,0,11,209,16,0,0,4,1024.0,0,8.0,1,63250.0
3115,9,5225,13,1.47,0,1,15.6,1366,768,100,1,5,0,4,4,8,0,0,4,1024.0,0,3.0,1,30990.0
3116,6,4928,156,2.65,16,1,15.6,1920,1080,141,0,5,0,24,255,16,0,1,6,1024.0,0,6.0,1,97444.0
3117,9,2390,232,2.32,16,1,16.1,2560,1440,182,0,7,0,24,261,16,0,0,8,1024.0,0,6.0,1,170990.0
3118,2,4727,380,2.2,16,1,15.6,1920,1080,141,0,7,0,24,266,16,0,0,6,1024.0,0,6.0,1,103980.0
3119,2,5797,450,1.8,16,1,16.0,1920,1200,142,0,7,0,24,255,16,0,1,4,1024.0,0,6.0,1,69990.0
3120,2,4454,453,1.63,16,1,15.6,1920,1080,141,1,5,0,6,4,16,0,1,4,1024.0,0,6.0,1,46990.0
3121,2,5250,318,1.6,12,1,14.0,1920,1080,157,1,7,0,16,255,8,0,0,4,1024.0,0,6.0,1,103790.0
3122,6,470,22,2.61,16,1,16.0,2560,1600,189,0,4,0,24,268,16,0,0,8,1024.0,0,6.0,1,144900.0
3123,6,3227,166,1.54,16,1,14.0,2560,1440,210,0,5,0,12,133,16,0,0,4,1024.0,0,4.0,1,66999.0
3124,2,4650,379,2.6,16,1,17.3,1920,1080,127,1,7,0,20,259,16,0,0,6,1024.0,0,6.0,1,116459.0
3125,9,1937,156,1.59,16,1,15.6,1920,1080,141,1,5,0,4,4,16,0,0,4,1024.0,0,6.0,1,42990.0
3126,15,2043,149,2.32,16,1,15.6,1920,1080,141,1,7,0,12,255,16,0,0,6,1024.0,0,6.0,1,73190.0
3127,16,4191,216,1.4,16,1,14.0,1920,1080,157,0,3,0,12,160,8,0,0,4,1024.0,0,6.0,1,30990.0
3128,2,4725,380,2.3,12,1,15.6,1920,1080,141,0,7,0,16,217,8,0,0,6,1024.0,0,6.0,1,89990.0
3129,9,1856,423,2.29,16,1,15.6,1920,1080,141,0,7,0,24,266,16,0,0,6,1024.0,0,6.0,1,90240.0
3130,16,6558,156,1.29,12,1,14.0,1920,1080,157,0,5,0,12,155,16,0,0,4,1024.0,0,6.0,1,80490.0
3131,16,5416,156,5.5,11,1,18.4,1920,1080,120,0,7,0,8,367,32,0,0,8,1024.0,0,6.0,1,79990.0
3132,8,4947,156,2.03,16,1,15.6,1920,1080,141,0,5,0,12,256,16,0,0,4,1024.0,0,6.0,1,76990.0
3133,9,1908,423,2.29,16,1,15.6,1920,1080,141,1,5,0,16,60,16,0,0,4,1024.0,0,6.0,1,50990.0
3134,2,5493,317,2.55,15,1,16.0,3840,2400,283,1,4,1,20,265,32,0,0,16,1024.0,0,8.0,1,396990.0
3135,6,2952,168,1.65,16,1,15.6,1920,1080,141,0,5,0,12,160,8,0,0,4,1024.0,0,7.0,1,48901.0
3136,16,4257,216,1.4,16,1,14.0,1920,1080,157,1,7,0,12,4,16,0,0,4,1024.0,0,6.0,1,51990.0
3137,0,6488,255,2.2,12,1,15.6,1920,1080,141,0,7,0,16,261,16,0,0,8,1024.0,0,7.0,1,154990.0
3138,9,1565,423,2.29,16,1,15.6,1920,1080,141,0,7,0,24,267,16,0,0,8,1024.0,0,6.0,1,91490.0
3139,9,283,2,1.62,0,1,14.0,1366,768,112,0,5,0,12,133,8,0,1,4,1024.0,0,3.0,1,49990.0
3140,9,1862,423,2.29,16,1,15.6,1920,1080,141,0,7,0,24,267,16,0,0,8,1024.0,0,6.0,1,89990.0
3141,9,5163,0,1.47,0,1,14.0,1366,768,112,0,5,0,8,155,8,0,0,4,1024.0,0,6.0,1,49990.0
3142,2,6117,442,1.3,18,1,14.0,2880,1800,243,1,4,0,36,4,24,0,1,4,1024.0,0,6.0,1,104990.0
3143,2,7581,429,1.88,16,1,16.0,1920,1200,142,3,4,0,30,379,16,0,0,4,1024.0,0,6.0,1,65620.0
3144,2,7580,429,1.88,16,1,16.0,1920,1200,142,3,4,0,30,379,16,0,0,4,1024.0,0,6.0,1,65990.0
3145,15,1103,155,1.46,16,1,14.0,1920,1200,162,0,5,0,12,160,16,0,0,4,1024.0,0,11.0,1,67590.0
3146,2,7561,429,1.68,16,1,16.0,1920,1200,142,0,5,0,18,155,16,0,0,4,1024.0,0,6.0,1,56990.0
3147,2,4333,512,1.75,16,1,14.5,2880,1800,234,0,9,1,24,155,32,0,0,4,1024.0,0,6.0,1,188224.0
3148,15,193,160,1.38,16,1,14.0,1920,1200,162,0,5,0,12,160,16,0,0,4,1024.0,0,6.0,1,81899.0
3149,15,188,415,1.7,16,1,15.6,1920,1080,141,0,7,0,12,146,16,0,0,4,1024.0,0,8.7,1,45990.0
3150,0,3820,34,1.59,16,1,15.6,1920,1080,141,1,7,0,12,4,16,0,0,4,1024.0,0,6.0,1,42990.0
3151,6,4930,156,2.65,16,1,15.6,1920,1080,141,0,7,0,24,255,16,0,0,6,1024.0,0,6.0,1,123199.0
3152,2,5091,304,2.5,16,1,16.0,1920,1200,142,0,5,0,12,266,16,0,0,6,1024.0,0,6.0,1,83999.0
3153,2,5307,319,1.9,16,1,15.6,2560,1440,188,1,7,0,20,259,16,0,0,6,1024.0,0,6.0,1,92990.0
3154,9,2411,232,2.3,16,1,16.1,1920,1080,137,0,7,0,24,255,16,0,0,4,1024.0,0,10.45,1,132765.0
3155,15,181,492,1.4,16,1,14.0,2880,1800,243,0,7,0,18,155,16,0,1,4,1024.0,0,8.0,1,99990.0
3156,2,4332,512,1.7,16,1,14.5,2880,1800,234,0,5,1,18,155,16,0,0,4,1024.0,0,6.0,1,99980.0
3157,16,5325,156,2.2,14,1,15.6,1920,1080,141,0,7,0,6,183,16,0,0,6,1024.0,0,6.0,1,149990.0
3158,2,7542,427,1.7,16,1,15.6,1920,1080,141,0,3,0,10,160,8,0,0,4,1024.0,0,6.0,1,32650.0
3159,15,1034,154,1.37,16,1,14.0,1920,1080,157,1,3,0,12,4,8,0,0,4,1024.0,0,6.0,1,31990.0
3160,1,6011,204,1.61,30,1,14.2,3024,1964,254,3,4,0,20,160,18,0,0,4,1024.0,0,18.0,1,189900.0
3161,15,2498,155,1.89,16,1,16.0,1920,1200,142,0,4,0,18,107,16,0,0,4,1024.0,0,7.0,1,72990.0
3162,12,5379,125,1.99,16,1,16.0,1920,1200,142,0,5,0,12,266,16,0,0,6,1024.0,0,6.0,1,69990.0
3163,1,6015,204,1.61,30,1,14.0,3024,1964,258,3,4,0,20,160,18,0,0,4,1024.0,0,18.0,1,199900.0
3164,15,2051,180,2.45,16,1,15.6,1920,1080,141,1,5,0,12,255,24,0,1,6,1024.0,0,6.0,1,66990.0
3165,25,3041,126,1.23,16,1,14.0,2880,1800,243,0,4,1,24,107,32,0,0,4,1024.0,0,7.5,1,135990.0
3166,2,5483,325,1.9,12,1,15.6,1920,1080,141,0,7,0,16,328,32,0,0,8,1024.0,0,6.0,1,234990.0
3167,6,2996,168,1.65,16,1,15.6,1920,1080,141,0,5,0,12,160,8,0,0,4,1024.0,0,6.0,1,67590.0
3168,9,1983,101,1.82,16,1,15.6,1920,1080,141,1,5,1,16,4,16,0,0,4,1024.0,0,6.0,1,79490.0
3169,15,6945,189,2.4,16,1,16.0,2560,1600,189,1,7,0,12,267,16,0,0,8,1024.0,0,6.0,1,128990.0
3170,18,7007,156,1.0,16,1,13.8,2880,1920,251,3,4,1,12,380,16,0,0,4,1024.0,0,10.0,1,108990.0
3171,2,5308,319,1.9,15,1,15.6,2560,1440,188,1,7,0,20,259,16,0,0,6,1024.0,0,6.0,1,157990.0
3172,0,3530,28,1.9,16,1,15.6,1920,1080,141,1,3,0,8,4,8,0,0,4,1024.0,0,11.0,1,31990.0
3173,16,5327,156,2.38,12,1,15.6,1920,1080,141,0,7,0,16,321,32,0,0,8,1024.0,0,6.0,1,200990.0
3174,2,5491,317,2.5,16,1,16.0,1920,1200,142,1,7,1,20,259,32,0,0,6,1024.0,0,8.0,1,161187.0
3175,2,5441,298,1.3,12,1,13.4,1920,1200,169,1,4,1,20,255,32,0,0,4,1024.0,0,6.0,1,136990.0
3176,15,5669,475,1.4,16,1,14.0,2880,1800,243,0,7,1,18,155,16,0,0,4,1024.0,0,10.0,1,112990.0
3177,9,1923,423,2.29,16,1,15.6,1920,1080,141,1,7,0,16,266,16,0,0,6,1024.0,0,7.45,1,84490.0
3178,9,7150,232,2.09,16,1,16.0,2560,1600,189,0,7,0,30,268,16,0,0,8,1024.0,0,6.0,1,200773.0
3179,2,7574,429,1.88,16,1,16.0,1920,1200,142,0,5,0,18,155,16,0,0,4,1024.0,0,6.0,1,72990.0
3180,2,6118,442,1.3,16,1,14.0,2880,1800,243,1,4,0,36,22,24,0,1,4,1024.0,0,6.0,1,104990.0
3181,6,3380,170,2.1,15,1,16.0,1920,1080,138,0,7,1,18,241,16,0,0,2,1024.0,0,6.0,1,98991.0
3182,9,1907,423,2.29,16,1,15.6,1920,1080,141,1,5,0,16,60,8,0,0,4,1024.0,0,6.0,1,48999.0
3183,16,4091,175,2.8,16,1,17.3,1920,1080,127,0,7,0,12,248,16,0,0,4,1024.0,0,6.0,1,74990.0
3184,2,5457,298,1.3,16,1,13.3,1920,1200,170,1,4,1,16,255,16,0,0,4,1024.0,0,10.0,1,113571.0
3185,16,4031,218,1.7,16,1,15.6,1920,1080,141,0,3,0,12,160,8,0,0,4,1024.0,0,6.0,1,31490.0
3186,15,2126,180,2.45,16,1,15.6,1920,1080,141,0,7,0,33,267,16,0,1,8,1024.0,0,6.0,1,122990.0
3187,2,5075,311,2.3,16,1,15.6,2560,1440,188,0,9,0,24,262,32,0,0,8,1024.0,0,10.0,1,189990.0
3188,6,4887,156,2.4,11,1,15.6,1920,1080,141,0,5,0,8,209,16,0,0,4,1024.0,0,10.0,1,89990.0
3189,6,7452,19,1.8,15,1,14.0,1920,1080,157,0,7,0,24,255,16,0,0,4,1024.0,0,6.0,1,169990.0
3190,0,6834,363,0.97,12,1,14.0,1920,1080,157,0,5,0,6,166,8,0,0,4,1024.0,0,8.0,1,69351.0
3191,2,5037,303,2.3,16,1,15.6,2560,1440,188,1,7,0,20,259,16,0,0,6,1024.0,0,6.0,1,125999.0
3192,6,471,22,2.61,16,1,16.0,2560,1600,189,0,4,0,24,267,16,0,0,8,1024.0,0,6.0,1,158798.0
3193,15,2673,143,1.63,18,1,15.6,1920,1080,141,0,3,0,10,160,8,0,0,4,1024.0,0,9.0,1,32990.0
3194,15,7414,156,2.36,16,1,15.6,1920,1080,141,1,5,0,12,1,8,0,0,4,1024.0,0,6.0,1,35649.0
3195,9,2280,156,1.75,16,1,15.6,1920,1080,141,0,3,0,8,160,8,0,1,4,1024.0,0,6.0,1,32990.0
3196,2,5198,314,2.5,16,1,18.0,2560,1600,168,0,9,0,36,270,32,0,0,16,1024.0,0,6.0,1,359990.0
3197,9,8106,243,1.51,16,1,14.0,1920,1080,157,0,7,1,12,155,16,0,1,4,1024.0,0,6.0,1,89999.0
3198,2,5310,319,1.9,16,1,15.6,2560,1440,188,1,7,0,20,259,16,0,0,6,1024.0,0,6.0,1,94990.0
3199,2,4738,380,2.2,16,1,15.6,1920,1080,141,0,5,0,18,255,16,0,0,4,1024.0,0,6.0,1,72000.0
3200,2,5462,298,1.3,16,1,13.4,2560,1600,225,1,4,1,16,266,16,0,1,6,1024.0,0,6.0,1,139990.0
3201,15,7415,156,1.7,0,1,15.6,1920,1080,141,0,5,0,12,155,8,0,0,4,1024.0,0,3.0,1,42390.0
3202,16,3466,348,1.88,18,1,16.0,3840,2400,283,0,9,0,12,268,32,0,0,8,1024.0,0,6.0,1,256999.0
3203,9,992,243,1.38,16,1,14.0,2880,1800,243,1,7,0,16,19,16,0,0,4,1024.0,0,6.0,1,81990.0
3204,15,4405,402,1.59,18,1,14.0,1920,1080,157,0,5,0,12,155,8,0,0,4,1024.0,0,9.4,1,64999.0
3205,9,5206,0,1.47,16,1,14.0,1366,768,112,0,5,0,12,155,16,0,0,4,1024.0,0,6.0,1,66280.0
3206,2,5311,319,1.9,16,1,15.6,2560,1440,188,1,7,0,20,259,16,0,0,6,1024.0,0,14.7,1,110990.0
3207,6,7998,19,2.72,16,1,16.0,2560,1600,189,0,9,0,24,269,32,0,0,12,1024.0,0,6.0,1,388490.0
3208,2,5287,318,1.72,16,1,14.0,2560,1600,216,1,4,0,16,266,16,0,1,6,1024.0,0,6.0,1,135500.0
3209,15,4478,156,1.85,0,1,14.0,1920,1080,141,1,3,0,12,1,8,0,0,4,1024.0,0,6.0,1,29990.0
3210,2,5118,305,2.8,16,1,17.3,2560,1440,170,1,4,0,64,266,16,0,1,6,1024.0,0,6.0,1,159990.0
3211,2,6376,516,1.0,16,1,13.3,2880,1800,255,0,7,0,12,155,32,0,1,4,1024.0,0,8.0,1,154012.0
3212,2,6360,518,1.39,16,1,14.0,2880,1800,243,0,5,1,12,155,16,0,0,4,1024.0,0,6.0,1,95469.0
3213,6,627,463,1.6,15,1,13.0,2880,1920,266,0,5,1,12,156,16,0,0,4,1024.0,0,6.0,1,129999.0
3214,2,5429,323,2.0,16,1,16.0,2560,1600,189,0,7,0,24,259,16,0,0,6,1024.0,0,6.0,1,159990.0
3215,2,5313,319,1.9,16,1,15.6,2560,1440,188,1,7,0,20,259,16,0,0,6,1024.0,0,8.0,1,149837.0
3216,2,6119,437,1.8,16,1,15.6,1920,1080,141,1,7,0,12,210,16,0,0,4,1024.0,0,6.0,1,66990.0
3217,2,867,77,2.9,15,1,14.0,1920,1080,157,0,1,0,4,115,4,0,0,4,1024.0,0,6.0,1,28465.0
3218,9,2442,232,2.35,16,1,16.1,1920,1080,137,1,7,0,16,259,16,0,0,6,1024.0,0,11.45,1,103500.0
3219,2,5466,299,2.1,16,1,16.0,2560,1600,189,1,7,1,20,16,16,0,0,6,1024.0,0,6.0,1,207990.0
3220,2,5305,319,1.9,16,1,15.6,2560,1440,188,1,4,0,16,259,16,0,0,6,1024.0,0,6.0,1,161990.0
3221,2,5494,317,2.6,15,1,16.0,2560,1600,189,1,4,1,20,265,32,0,0,16,1024.0,0,8.0,1,391990.0
3222,15,4396,402,2.2,15,1,14.0,1920,1080,157,0,3,0,8,156,8,0,0,4,1024.0,0,6.0,1,50499.0
3223,16,3751,70,1.9,16,1,15.6,1920,1080,141,1,4,0,20,63,16,0,0,10,1024.0,0,6.0,1,109990.0
3224,2,5285,318,1.72,16,1,14.0,2560,1600,216,1,4,0,16,279,32,0,0,8,1024.0,0,6.0,1,154990.0
3225,2,5460,298,1.3,16,1,13.4,1920,1200,169,1,4,1,16,256,32,0,0,4,1024.0,0,6.0,1,142990.0
3226,2,881,435,1.4,12,1,14.0,2880,1800,243,0,5,0,8,276,16,0,0,4,1024.0,0,6.0,1,74990.0
3227,15,3177,479,1.6,12,1,14.0,1920,1080,157,0,5,0,6,312,8,0,0,2,1024.0,0,10.0,1,89890.0
3228,2,4998,303,2.3,12,1,15.6,1920,1080,141,1,5,0,16,255,8,0,0,4,1024.0,0,6.0,1,110990.0
3229,2,4648,379,2.6,12,1,17.3,1920,1080,127,1,7,0,12,304,16,0,0,6,1024.0,0,6.0,1,113990.0
3230,2,5449,298,1.3,12,1,13.4,1920,1200,169,1,7,1,20,247,16,0,0,4,1024.0,0,6.0,1,112990.0
3231,2,5298,319,1.9,12,1,15.6,2560,1440,188,1,4,0,16,259,16,0,0,6,1024.0,0,6.0,1,146990.0
3232,2,5423,322,1.9,12,1,15.6,3840,2160,282,0,7,0,12,318,16,0,0,6,1024.0,0,6.0,1,139990.0
3233,9,978,251,1.51,16,1,14.0,1920,1080,157,0,7,1,12,155,16,0,0,4,1024.0,0,9.3,1,92990.0
3234,2,5801,450,1.7,16,1,16.0,1920,1200,142,0,5,0,18,248,16,0,0,4,1024.0,0,6.0,1,58990.0
3235,2,6116,442,1.3,16,1,14.0,1920,1200,162,1,5,0,12,4,16,0,0,4,1024.0,0,6.0,1,89990.0
3236,9,2406,243,1.77,16,1,16.0,1920,1200,142,0,4,0,12,133,16,0,0,4,1024.0,0,6.0,1,78990.0
3237,9,1839,423,2.29,16,1,15.6,1920,1080,141,0,5,0,12,255,16,0,1,4,1024.0,0,6.0,1,66890.0
3238,16,4181,216,1.4,16,1,14.0,1920,1080,157,0,7,0,12,155,16,0,0,4,1024.0,0,6.0,1,47900.0
3239,2,6369,521,0.98,16,1,14.0,1920,1200,162,3,4,0,30,379,16,0,0,4,1024.0,0,6.0,1,99400.0
3240,19,1089,156,1.39,16,1,14.0,2880,1880,246,0,4,0,12,133,16,0,0,4,1024.0,0,6.0,1,66990.0
3241,19,1086,221,1.39,16,1,14.0,2880,1880,246,0,4,0,24,133,16,0,0,4,1024.0,0,6.0,1,74990.0
3242,2,7201,519,1.28,16,1,14.0,2880,1800,243,0,4,1,24,107,32,0,0,4,1024.0,0,6.0,1,127990.0
3243,19,1088,221,1.39,16,1,14.0,2880,1880,246,0,4,0,12,133,16,0,0,4,1024.0,0,6.0,1,66990.0
3244,2,4417,434,1.38,16,1,14.0,1920,1080,157,1,5,0,6,4,16,0,0,4,1024.0,0,6.0,1,41990.0
3245,2,6368,521,0.98,16,1,14.0,1920,1200,162,3,4,0,30,379,16,0,0,4,1024.0,0,6.0,1,99990.0
3246,2,6429,107,1.62,16,1,15.6,1920,1080,141,0,3,0,10,160,16,0,0,4,1024.0,0,6.0,1,39990.0
3247,2,6405,107,1.4,16,1,14.0,1920,1080,157,0,3,0,10,160,16,0,0,4,1024.0,0,6.0,1,39990.0
3248,2,6426,107,1.62,16,1,15.6,1920,1080,141,0,3,0,10,160,8,0,0,4,1024.0,0,6.0,1,37990.0
3249,19,1087,221,1.39,16,1,14.0,2880,1880,246,0,4,0,24,133,16,0,0,4,1024.0,0,6.0,1,74990.0
3250,2,6404,107,1.4,16,1,14.0,1920,1080,157,0,3,0,10,160,8,0,0,4,1024.0,0,6.0,1,37990.0
3251,19,1090,221,1.39,16,1,14.0,2880,1880,246,0,4,0,24,133,16,0,0,4,1024.0,0,6.0,1,78990.0
3252,2,6407,107,1.42,16,1,14.0,1920,1080,157,0,7,0,24,160,32,0,0,4,1024.0,0,6.0,1,72990.0
3253,2,6460,109,1.27,16,1,14.0,2560,1600,216,0,4,0,12,107,32,0,0,4,1024.0,0,6.0,1,119990.0
3254,2,6428,107,1.65,16,1,15.6,1920,1080,141,0,7,0,24,160,16,0,0,4,1024.0,0,6.0,1,65990.0
3255,0,3972,227,2.1,16,1,15.6,1920,1080,141,1,7,0,12,255,16,0,0,6,1024.0,0,6.0,1,108999.0
3256,9,1569,423,2.29,16,1,15.6,1920,1080,141,0,5,0,12,266,16,0,0,6,1024.0,0,6.0,1,86360.0
3257,2,6427,107,1.65,16,1,15.6,1920,1080,141,0,5,0,12,160,16,0,0,4,1024.0,0,6.0,1,55990.0
3258,2,7555,429,1.88,16,1,16.0,1920,1200,142,0,7,0,24,160,16,0,0,4,1024.0,0,6.0,1,73705.0
3259,16,4139,218,1.75,16,1,15.6,1920,1080,141,1,5,0,12,4,16,0,0,4,1024.0,0,6.0,1,39990.0
3260,16,4140,218,1.75,16,1,15.6,1920,1080,141,1,5,0,12,4,8,0,0,4,1024.0,0,6.0,1,36990.0
3261,2,7173,529,1.5,16,1,16.0,2880,1800,212,1,4,1,24,4,24,0,0,4,1024.0,0,6.0,1,149990.0
3262,2,4449,452,1.63,16,1,15.6,1920,1200,145,1,3,0,6,4,8,0,0,4,1024.0,0,6.0,1,30990.0
3263,16,4194,216,1.4,16,1,14.0,1920,1080,157,0,5,0,12,155,16,0,0,4,1024.0,0,6.0,1,42990.0
3264,2,4623,377,2.3,16,1,15.6,1920,1080,141,1,7,0,20,255,16,0,0,4,1024.0,0,6.0,1,69290.0
3265,2,5095,304,2.5,16,1,16.0,2560,1600,189,0,9,0,36,267,16,0,0,8,1024.0,0,6.0,1,152900.0
3266,16,4259,216,1.4,16,1,14.0,1920,1080,157,1,5,0,12,4,8,0,0,4,1024.0,0,6.0,1,36990.0
3267,2,5724,275,0.85,16,1,13.3,2880,1800,255,3,4,1,30,376,16,0,0,4,1024.0,0,6.0,1,120990.0
3268,16,3426,68,1.98,16,1,15.6,1920,1080,141,0,5,0,12,248,16,0,0,4,1024.0,0,6.0,1,56990.0
3269,0,3829,34,1.59,16,1,15.6,1920,1080,141,1,5,0,12,4,16,0,0,4,1024.0,0,11.0,1,34990.0
3270,16,4149,176,2.25,16,1,15.6,1920,1080,141,1,7,0,24,266,16,0,0,6,1024.0,0,6.0,1,91990.0
3271,2,7624,424,1.5,12,1,14.0,1920,1080,157,0,3,0,12,160,4,0,0,4,1024.0,0,6.0,1,34190.0
3272,16,4032,218,1.7,16,1,15.6,1920,1080,141,0,3,0,12,155,16,0,0,4,1024.0,0,6.0,1,35499.0
3273,2,5092,304,2.5,16,1,16.0,1920,1200,142,0,7,0,24,266,16,0,0,6,1024.0,0,6.0,1,115990.0
3274,1,6003,203,1.51,30,1,15.3,2880,1864,224,3,4,0,20,98,16,0,0,4,1024.0,0,18.0,1,139990.0
3275,2,4800,381,2.2,16,1,16.0,1920,1200,142,0,4,0,12,257,16,0,0,4,1024.0,0,6.0,1,72990.0
3276,2,4450,452,1.63,16,1,15.6,1920,1080,141,1,5,0,6,4,8,0,0,4,1024.0,0,6.0,1,36990.0
3277,2,4292,48,1.47,3,1,14.0,1920,1080,157,0,1,0,4,160,4,0,0,4,1024.0,0,6.0,1,14990.0
3278,2,4579,376,1.46,16,1,14.0,2560,1600,216,1,4,0,36,267,16,0,0,8,1024.0,0,6.0,1,160840.0
3279,9,983,156,1.4,16,1,14.0,1920,1080,157,1,5,0,16,4,16,0,0,4,1024.0,0,10.15,1,46990.0
3280,2,7567,429,1.88,16,1,16.0,1920,1200,142,0,9,0,24,155,16,0,0,4,1024.0,0,6.0,1,79990.0
3281,2,7175,529,1.5,16,1,16.0,2880,1800,212,1,4,1,24,22,32,0,0,4,1024.0,0,6.0,1,149990.0
3282,2,7525,427,1.7,16,1,15.6,1920,1080,141,0,3,0,10,160,16,0,0,4,1024.0,0,6.0,1,39990.0
3283,2,4412,434,1.38,16,1,14.0,1920,1080,157,1,3,0,6,4,8,0,0,4,1024.0,0,6.0,1,30980.0
3284,2,4416,434,1.38,16,1,14.0,1920,1080,157,1,5,0,6,4,16,0,0,4,1024.0,0,6.0,1,41890.0
3285,2,6370,521,0.98,16,1,14.0,1920,1200,162,3,4,0,42,376,16,0,0,4,1024.0,0,6.0,1,129990.0
3286,2,7472,424,1.4,16,1,14.0,1920,1080,157,0,3,0,10,160,8,0,0,4,1024.0,0,6.0,1,36990.0
3287,2,7491,427,1.7,16,1,15.6,1920,1080,141,0,7,0,24,155,16,0,0,4,1024.0,0,6.0,1,63990.0
3288,2,4415,434,1.38,16,1,14.0,1920,1080,157,1,5,0,6,4,8,0,0,4,1024.0,0,6.0,1,37990.0
3289,2,7474,424,1.4,16,1,14.0,1920,1080,157,0,5,0,12,160,8,0,0,4,1024.0,0,6.0,1,47980.0
3290,2,7524,427,1.7,16,1,15.6,1920,1080,141,0,3,0,10,160,16,0,0,4,1024.0,0,6.0,1,39890.0
3291,2,7489,427,1.7,16,1,15.6,1920,1080,141,0,5,0,12,155,16,0,0,4,1024.0,0,6.0,1,53990.0
3292,2,4413,434,1.38,16,1,14.0,1920,1080,157,1,3,0,6,4,8,0,0,4,1024.0,0,6.0,1,30800.0
3293,2,7473,424,1.4,16,1,14.0,1920,1080,157,0,3,0,10,160,8,0,0,4,1024.0,0,6.0,1,36990.0
3294,6,2969,460,1.69,16,1,15.6,1920,1080,141,0,5,0,12,155,16,0,0,4,1024.0,0,4.0,1,50990.0
3295,6,2967,460,1.69,16,1,15.6,1920,1080,141,0,5,0,12,160,8,0,0,4,1024.0,0,7.0,1,45990.0
3296,2,4801,381,2.2,16,1,16.0,1920,1200,142,0,4,0,12,257,16,0,0,4,1024.0,0,6.0,1,72990.0
3297,2,7490,427,1.7,16,1,15.6,1920,1080,141,0,7,0,24,155,16,0,0,4,1024.0,0,6.0,1,64990.0
3298,6,3266,116,2.65,16,1,15.6,1920,1080,141,0,7,0,24,255,16,0,0,6,1024.0,0,4.0,1,90990.0
3299,2,7557,429,1.88,16,1,16.0,1920,1200,142,0,7,0,24,155,16,0,0,4,1024.0,0,6.0,1,69980.0
3300,2,5792,450,1.8,16,1,16.0,1920,1200,142,0,5,0,12,255,16,0,0,4,1024.0,0,6.0,1,72490.0
3301,15,2137,180,2.38,16,1,15.6,1920,1080,141,0,5,0,20,266,16,0,0,6,1024.0,0,6.0,1,87490.0
3302,2,4510,452,1.57,16,1,15.6,1920,1080,141,0,1,0,4,115,8,0,0,4,1024.0,0,6.0,1,26990.0
3303,1,6025,203,1.51,28,1,15.3,2880,1864,224,3,4,0,20,98,24,0,0,4,1024.0,0,18.0,1,164900.0
3304,1,6027,203,1.51,28,1,15.3,2880,1864,224,3,4,0,20,98,24,0,0,4,1024.0,0,18.0,1,164900.0
3305,1,6026,203,1.51,28,1,15.3,2880,1864,224,3,4,0,20,160,24,0,0,4,1024.0,0,18.0,1,164900.0
3306,2,7203,519,1.28,16,1,14.0,2880,1800,243,0,4,1,18,107,16,0,0,4,1024.0,0,6.0,1,112990.0
3307,1,6039,203,1.24,28,1,13.6,2560,1664,225,3,4,0,20,98,16,0,0,4,1024.0,0,18.0,1,119900.0
3308,1,6030,203,1.24,28,1,13.6,2560,1664,225,3,4,0,20,98,24,0,0,4,1024.0,0,18.0,1,139900.0
3309,1,6037,203,1.24,28,1,13.6,2560,1664,225,3,4,0,20,98,16,0,0,4,1024.0,0,18.0,1,119900.0
3310,1,6031,203,1.51,28,1,15.3,2880,1864,224,3,4,0,20,98,16,0,0,4,1024.0,0,18.0,1,124900.0
3311,1,6032,203,1.51,28,1,15.3,2880,1864,224,3,4,0,20,98,16,0,0,4,1024.0,0,18.0,1,144900.0
3312,15,2142,180,2.38,16,1,15.6,1920,1080,141,0,7,0,24,255,16,0,0,6,1024.0,0,6.0,1,90990.0
3313,1,6024,203,1.24,28,1,13.6,2560,1664,225,3,4,0,20,98,24,0,0,4,1024.0,0,18.0,1,139900.0
3314,1,6047,203,1.51,28,1,15.3,2880,1864,224,3,4,0,20,98,16,0,0,4,1024.0,0,18.0,1,144900.0
3315,1,6044,203,1.51,28,1,15.3,2880,1864,224,3,4,0,20,98,16,0,0,4,1024.0,0,18.0,1,89999.0
3316,1,6028,203,1.24,28,1,13.6,2560,1664,225,3,4,0,20,98,16,0,0,4,1024.0,0,18.0,1,99900.0
3317,1,6036,203,1.24,28,1,13.6,2560,1664,225,3,4,0,20,98,16,0,0,4,1024.0,0,18.0,1,99900.0
3318,1,6045,203,1.51,28,1,15.3,2880,1864,224,3,4,0,20,98,16,0,0,4,1024.0,0,18.0,1,144900.0
3319,1,6042,203,1.51,28,1,15.3,2880,1864,224,3,4,0,20,98,16,0,0,4,1024.0,0,18.0,1,124900.0
3320,1,6046,203,1.51,28,1,15.3,2880,1864,224,3,4,0,20,98,16,0,0,4,1024.0,0,18.0,1,124900.0
3321,1,6029,203,1.24,28,1,13.6,2560,1664,225,3,4,0,20,98,16,0,0,4,1024.0,0,18.0,1,119900.0
3322,1,6023,203,1.24,28,1,13.6,2560,1664,225,3,4,0,20,98,24,0,0,4,1024.0,0,18.0,1,139900.0
3323,1,6033,203,1.51,28,1,15.3,2880,1864,224,3,4,0,20,98,24,0,0,4,1024.0,0,18.0,1,164900.0
3324,1,6022,203,1.24,28,1,13.6,2560,1664,225,3,4,0,20,98,24,0,0,4,1024.0,0,18.0,1,139900.0
3325,1,6040,203,1.24,28,1,13.6,2560,1664,225,3,4,0,20,98,16,0,0,4,1024.0,0,18.0,1,99900.0
3326,1,6041,203,1.24,28,1,13.6,2560,1664,225,3,4,0,20,98,16,0,0,4,1024.0,0,18.0,1,119900.0
3327,1,6038,203,1.24,28,1,13.6,2560,1664,225,3,4,0,20,98,16,0,0,4,1024.0,0,18.0,1,99900.0
3328,25,6230,134,1.46,16,1,16.0,1920,1080,138,0,4,1,12,110,16,0,0,8,1024.0,0,31.0,1,122990.0
3329,25,6274,135,1.56,16,1,16.0,2880,1800,212,0,4,1,12,110,32,0,0,16,1024.0,0,25.0,1,181990.0
3330,25,6261,135,1.23,16,1,14.0,2880,1800,243,0,4,1,12,110,16,0,0,8,1024.0,0,21.0,1,155990.0
3331,25,6232,134,1.46,16,1,16.0,1920,1080,138,0,4,1,12,110,32,0,0,16,1024.0,0,31.0,1,154990.0
3332,25,6231,134,1.46,16,1,16.0,1920,1080,138,0,4,1,12,110,16,0,0,8,1024.0,0,31.0,1,138990.0
3333,25,6260,135,1.23,16,1,14.0,2880,1800,243,0,4,1,12,110,32,0,0,16,1024.0,0,21.0,1,171990.0
3334,2,7200,519,1.28,16,1,14.0,2880,1800,243,0,4,1,18,107,16,0,0,4,1024.0,0,6.0,1,112990.0
3335,25,6273,135,1.56,16,1,16.0,2880,1800,212,0,4,1,12,110,16,0,0,8,1024.0,0,25.0,1,149990.0
3336,25,6258,135,1.23,16,1,14.0,2880,1800,243,0,4,1,8,108,16,0,0,8,1024.0,0,21.0,1,131990.0
3337,25,6266,136,1.69,16,1,16.0,2880,1800,212,0,4,1,8,108,16,0,0,8,1024.0,0,25.0,1,155990.0
3338,25,6267,136,1.69,16,1,16.0,2880,1800,212,0,4,1,12,110,32,0,0,16,1024.0,0,25.0,1,195990.0
3339,25,6229,134,1.46,16,1,16.0,1920,1080,138,0,4,1,8,108,16,0,0,8,1024.0,0,6.0,1,114990.0
3340,25,6265,136,1.69,16,1,16.0,2880,1800,212,0,4,1,12,110,16,0,0,8,1024.0,0,25.0,1,163990.0
3341,2,7205,519,1.28,16,1,14.0,2880,1800,243,0,4,1,24,107,32,0,0,4,1024.0,0,6.0,1,142990.0
3342,16,3434,68,1.98,16,1,15.6,1920,1080,141,0,5,0,12,255,16,0,0,6,1024.0,0,6.0,1,61990.0
3343,15,2083,180,2.38,16,1,15.6,1920,1080,141,0,5,0,12,248,12,0,0,4,1024.0,0,6.5,1,62990.0
3344,2,7210,521,0.98,16,1,14.0,1920,1200,162,3,4,0,42,376,16,0,0,4,1024.0,0,6.0,1,129990.0
3345,9,412,14,1.52,1,1,15.6,1366,768,100,1,4,0,2,13,8,0,0,4,1024.0,0,6.0,1,27750.0
3346,2,7202,519,1.28,16,1,14.0,2880,1800,243,0,4,1,24,107,32,0,0,4,1024.0,0,6.0,1,142990.0
3347,15,2081,180,2.38,16,1,15.6,1920,1200,145,0,5,0,12,255,16,0,0,6,1024.0,0,6.5,1,72490.0
3348,9,1966,156,1.59,16,1,15.6,1920,1080,141,0,5,0,12,155,16,0,0,4,1024.0,0,7.45,1,56999.0
3349,2,7477,424,1.46,16,1,14.0,1920,1200,162,0,4,0,18,135,16,0,0,4,1024.0,0,6.0,1,73990.0
3350,2,4730,380,2.2,16,1,15.6,1920,1080,141,0,7,0,24,266,16,0,0,6,1024.0,0,6.0,1,94990.0
3351,9,1965,156,1.59,16,1,15.6,1920,1080,141,0,7,0,12,155,16,0,0,4,1024.0,0,7.0,1,72419.0
3352,15,2129,180,2.38,16,1,15.6,1920,1080,141,0,7,0,33,267,16,0,0,8,1024.0,0,6.0,1,114990.0
3353,2,6769,442,1.3,16,1,14.0,1920,1200,162,0,4,0,8,107,16,0,0,4,1024.0,0,6.0,1,94990.0
3354,16,3433,68,1.98,16,1,15.6,1920,1080,141,0,7,0,12,255,16,0,0,6,1024.0,0,6.0,1,79990.0
3355,9,1926,423,2.29,16,1,15.6,1920,1080,141,1,5,0,16,255,16,0,0,6,1024.0,0,6.0,1,75650.0
3356,9,977,251,1.51,16,1,14.0,1920,1080,157,0,5,1,12,155,16,0,0,4,1024.0,0,9.3,1,84990.0
3357,2,6768,442,1.3,16,1,14.0,1920,1200,162,0,4,0,12,107,16,0,0,4,1024.0,0,6.0,1,114990.0
3358,2,7204,519,1.28,16,1,14.0,2880,1800,243,0,4,1,24,107,32,0,0,4,1024.0,0,6.0,1,131969.0
3359,9,975,251,1.51,16,1,14.0,1920,1080,157,0,5,1,12,155,16,0,0,4,1024.0,0,6.0,1,79990.0
3360,9,1963,156,1.59,16,1,15.6,1920,1080,141,0,5,0,12,160,8,0,0,4,1024.0,0,7.45,1,54990.0
3361,2,7291,523,1.65,16,1,14.0,2880,1800,243,0,4,1,24,107,32,0,0,4,1024.0,0,6.0,1,239990.0
3362,2,7281,528,1.2,16,1,14.0,2880,1800,243,0,4,1,12,107,32,0,0,4,1024.0,0,6.0,1,149906.0
3363,2,4733,380,2.2,16,1,15.6,1920,1080,141,0,7,0,24,267,16,0,0,8,1024.0,0,6.0,1,107990.0
3364,9,1962,156,1.59,16,1,15.6,1920,1080,141,0,3,0,10,160,8,0,0,4,1024.0,0,7.0,1,39790.0
3365,15,5612,390,1.59,16,1,14.0,1920,1080,157,1,5,0,16,4,8,0,0,4,1024.0,0,6.0,1,52390.0
3366,15,5640,390,1.41,16,1,14.0,1920,1200,162,1,5,0,16,4,8,0,0,4,1024.0,0,6.0,1,46990.0
3367,16,4086,383,1.86,16,1,15.6,1920,1080,141,0,5,0,12,255,16,0,0,4,1024.0,0,6.0,1,64990.0
3368,15,1033,154,1.37,16,1,14.0,1920,1080,157,1,3,0,4,13,8,0,0,4,1024.0,0,14.2,1,30990.0
3369,15,2025,142,1.6,16,1,15.6,1920,1080,141,1,5,0,16,4,8,0,0,4,1024.0,0,9.0,1,36490.0
3370,15,2061,154,1.62,16,1,15.6,1920,1080,141,0,5,0,12,160,16,0,0,4,1024.0,0,6.0,1,54390.0
3371,15,2082,180,2.38,16,1,15.6,1920,1080,141,0,5,0,12,255,16,0,0,6,1024.0,0,6.0,1,70490.0
3372,9,1912,423,2.29,16,1,15.6,1920,1080,141,1,5,0,16,255,16,0,0,4,1024.0,0,6.0,1,59990.0
3373,15,2035,154,1.62,16,1,15.6,1920,1080,141,1,3,0,4,13,8,0,0,4,1024.0,0,6.0,1,33490.0
3374,15,2117,154,1.62,16,1,15.6,1920,1080,141,0,5,0,12,160,16,0,0,4,1024.0,0,6.0,1,57890.0
3375,15,1099,145,1.6,16,1,14.0,1920,1200,162,0,5,1,12,160,16,0,0,4,1024.0,0,6.0,1,71990.0
3376,15,1032,147,1.55,16,1,14.0,1920,1200,162,1,5,1,8,4,16,0,0,4,1024.0,0,7.0,1,57990.0
3377,15,2118,154,1.62,16,1,15.6,1920,1080,141,0,7,0,24,160,16,0,0,4,1024.0,0,6.0,1,66490.0
3378,9,1563,423,2.29,16,1,15.6,1920,1080,141,0,5,0,12,255,16,0,0,6,1024.0,0,8.0,1,72990.0
3379,2,7540,427,1.7,16,1,15.6,1920,1080,141,0,3,0,10,160,8,0,0,4,1024.0,0,6.0,1,32990.0
3380,0,3503,28,1.0,16,1,11.6,1366,768,135,0,1,0,12,160,8,0,0,4,1024.0,0,6.0,1,18990.0
3381,0,3505,28,1.0,16,1,11.6,1366,768,135,0,1,0,12,160,8,0,0,4,1024.0,0,6.0,1,15990.0
3382,15,1031,147,1.55,16,1,14.0,1920,1200,162,1,7,1,8,4,16,0,0,4,1024.0,0,7.0,1,63990.0
3383,15,2147,192,2.32,16,1,15.6,1920,1080,141,0,7,0,24,267,24,0,0,8,1024.0,0,6.0,1,146990.0
3384,9,1793,243,1.75,16,1,15.6,1920,1080,141,1,5,0,12,4,8,0,0,4,1024.0,0,8.45,1,51490.0
3385,15,2047,180,2.2,16,1,15.6,1920,1080,141,1,5,0,12,255,24,0,0,6,1024.0,0,6.0,1,66490.0
3386,9,1872,423,2.2,16,1,15.6,1920,1080,141,0,5,0,12,248,16,0,0,4,1024.0,0,6.3,1,58990.0
3387,15,2080,180,2.38,16,1,15.6,1920,1080,141,0,5,0,12,255,24,0,0,6,1024.0,0,6.0,1,72990.0
3388,15,2036,154,1.62,16,1,15.6,1920,1200,145,1,5,0,4,13,16,0,0,4,1024.0,0,6.0,1,46490.0
3389,15,1133,493,1.28,16,1,14.5,2944,1840,239,3,4,1,42,379,32,0,0,4,1024.0,0,6.0,1,128490.0
3390,1,462,203,1.51,28,1,15.3,2880,1864,224,3,4,0,20,160,24,0,0,4,1024.0,0,18.0,1,159990.0
3391,1,5979,203,1.51,28,1,15.3,2880,1864,224,3,4,0,20,160,24,0,0,4,1024.0,0,18.0,1,167990.0
3392,16,3500,264,0.99,16,1,13.3,2880,1800,255,0,4,0,12,107,32,0,0,4,1024.0,0,6.0,1,129990.0
3393,0,3631,28,2.2,16,1,15.6,1366,768,100,0,1,0,12,160,8,0,0,4,1024.0,0,6.0,1,24990.0
3394,2,7206,519,1.2,16,1,14.0,2880,1800,243,0,4,0,18,107,16,0,0,4,1024.0,0,6.0,1,89990.0
3395,9,1873,423,2.29,16,1,15.6,1920,1080,141,0,5,0,12,248,8,0,0,4,1024.0,0,6.3,1,55990.0
3396,0,7104,410,1.6,16,1,14.0,1920,1080,157,0,7,0,12,133,16,0,0,4,1024.0,0,10.0,1,53999.0
3397,16,4053,383,1.86,16,1,15.6,1920,1080,141,0,5,0,12,248,16,0,0,4,1024.0,0,6.0,1,52270.0
3398,0,3975,227,2.1,16,1,15.6,1920,1080,141,1,7,0,12,255,16,0,0,6,1024.0,0,6.0,1,73999.0
3399,9,1870,423,2.29,16,1,15.6,1920,1080,141,0,5,0,12,255,16,0,0,6,1024.0,0,6.0,1,73799.0
3400,15,5556,156,2.25,16,1,15.6,1920,1080,141,1,5,0,16,209,16,0,0,4,1024.0,0,4.5,1,58990.0
3401,9,1794,243,1.75,16,1,15.6,1920,1080,141,1,7,0,8,4,16,0,0,4,1024.0,0,9.45,1,69999.0
3402,9,4848,494,1.8,18,1,16.0,1920,1200,142,0,7,0,12,160,16,0,0,4,1024.0,0,6.0,1,146100.0
3403,1,5956,204,1.63,31,1,14.2,3024,1964,254,2,4,0,36,160,32,0,0,4,1024.0,0,18.0,1,289990.0
3404,6,7987,19,3.25,16,1,16.0,2560,1600,189,0,7,0,30,267,16,0,1,8,1024.0,0,6.0,1,211990.0
3405,2,4880,441,1.5,16,1,14.0,1920,1200,162,0,5,0,12,133,16,0,0,4,1024.0,0,6.0,1,65999.0
3406,2,5783,428,1.6,16,1,15.6,1920,1080,141,0,5,0,12,155,16,0,1,4,1024.0,0,6.0,1,65570.0
3407,2,1515,433,1.63,16,1,15.6,1920,1080,141,0,3,0,6,160,8,0,1,4,1024.0,0,6.0,1,40990.0
3408,9,3065,277,1.38,18,1,14.0,1366,768,112,0,5,0,8,155,8,0,0,4,1024.0,0,6.0,1,65900.0
3409,2,6375,516,1.0,16,1,13.3,2880,1800,255,0,7,0,12,155,16,0,0,4,1024.0,0,8.0,1,113430.0
3410,9,8126,97,1.3,16,1,13.3,1920,1080,166,1,7,1,16,4,16,0,1,4,1024.0,0,14.0,1,102214.0
3411,16,587,354,2.1,16,1,15.6,2560,1440,188,0,7,0,24,262,32,0,0,8,1024.0,0,4.0,1,289990.0
3412,18,6972,156,1.29,16,1,13.5,2256,1504,201,0,7,1,12,155,16,0,0,4,1024.0,0,18.0,1,142990.0
3413,15,5679,159,1.6,16,1,15.6,1920,1080,141,0,3,0,10,160,8,0,0,4,1024.0,0,6.0,1,35990.0
3414,2,7146,375,2.0,14,1,15.6,1920,1080,141,0,7,0,12,256,32,0,0,4,1024.0,0,6.0,1,167441.0
3415,9,2441,232,2.32,16,1,16.1,1920,1080,137,1,4,0,16,62,32,0,0,8,1024.0,0,6.0,1,179999.0
3416,9,8092,338,1.36,18,1,13.5,3000,2000,267,0,7,1,12,155,16,0,0,4,1024.0,0,13.3,1,115010.0
3417,2,5718,276,2.4,16,1,16.0,3840,2400,283,0,7,0,24,259,16,0,0,6,1024.0,0,10.0,1,198114.0
3418,15,4446,402,1.7,14,1,15.6,1920,1080,141,0,5,0,12,133,8,0,0,512,1024.0,0,7.0,1,80900.0
3419,2,5309,319,1.9,16,1,15.6,2560,1440,188,1,4,0,16,259,16,0,0,6,1024.0,0,6.0,1,126980.0
3420,15,5569,156,2.25,16,1,15.6,1920,1080,141,0,5,0,8,209,8,0,0,4,1024.0,0,8.0,1,58490.0
3421,9,1891,423,2.37,16,1,15.6,1920,1080,141,1,7,0,16,255,8,0,0,4,1024.0,0,6.0,1,83512.0
3422,15,5516,156,2.2,12,1,15.6,1920,1080,141,0,5,0,12,209,8,0,0,4,1024.0,0,9.7,1,62999.0
3423,15,3322,189,2.4,16,1,15.6,1920,1080,141,0,7,0,24,255,16,0,0,4,1024.0,0,8.0,1,119990.0
3424,9,2434,423,2.48,16,1,16.1,1920,1080,137,1,7,0,16,256,8,0,0,4,1024.0,0,6.0,1,73150.0
3425,2,1519,514,2.34,15,1,15.6,3840,2160,282,0,7,1,24,260,32,0,0,6,1024.0,0,8.0,1,239975.0
3426,16,543,121,2.38,11,1,15.6,1920,1080,141,0,7,0,24,259,16,0,0,6,1024.0,0,6.0,1,170990.0
3427,2,5453,298,1.3,16,1,13.4,3840,2400,338,1,7,1,20,4,16,0,0,4,1024.0,0,6.0,1,227990.0
3428,9,2641,156,2.67,15,1,15.6,1366,768,100,0,5,0,6,155,8,0,0,4,1024.0,0,6.0,1,51490.0
3429,6,7451,19,2.2,15,1,14.0,1920,1600,179,0,5,0,12,255,16,0,0,4,1024.0,0,6.0,1,149990.0
3430,16,583,354,2.1,16,1,15.6,2560,1440,188,0,7,0,12,262,32,0,0,8,1024.0,0,6.0,1,179667.0
3431,16,3420,372,2.25,12,1,15.6,1920,1080,141,0,5,0,12,255,8,0,0,4,1024.0,0,4.0,1,78490.0
3432,6,457,165,1.25,16,1,13.3,1920,1080,166,0,5,0,8,155,16,0,0,4,1024.0,0,6.0,1,69990.0
3433,15,6437,402,2.7,12,1,15.6,1920,1080,141,0,7,0,24,375,16,0,0,4,1024.0,0,10.0,1,149990.0
3434,2,5142,305,2.9,16,1,17.3,1920,1080,127,1,4,0,20,262,16,0,0,8,1024.0,0,6.0,1,207990.0
3435,15,6438,402,2.7,12,1,15.6,1920,1080,141,0,7,0,24,374,32,0,0,4,1024.0,0,10.0,1,169990.0
3436,2,5511,300,1.18,16,1,13.4,3840,2400,338,0,9,1,24,256,16,0,0,4,1024.0,0,8.0,1,304980.0
3437,6,621,463,1.27,12,1,13.3,1920,1080,166,0,5,0,8,155,16,0,0,4,1024.0,0,6.0,1,109990.0
3438,15,2128,180,2.2,16,1,15.6,1920,1080,141,0,5,0,12,255,16,0,1,6,1024.0,0,6.0,1,78190.0
3439,2,4969,303,2.3,12,1,15.6,1920,1080,141,0,5,0,8,212,8,0,0,4,1024.0,0,6.0,1,86479.0
3440,6,760,460,1.58,12,1,14.0,1920,1080,157,0,5,0,8,155,8,0,0,4,1024.0,0,10.0,1,59690.0
3441,6,1469,463,1.83,12,1,15.6,1920,1080,141,0,7,0,12,296,16,0,0,4,1024.0,0,6.0,1,189143.0
3442,6,7994,19,2.35,16,1,15.6,1920,1080,141,0,7,0,24,259,16,0,0,6,1024.0,0,6.0,1,289988.0
3443,2,4776,111,2.1,14,1,15.6,1920,1080,141,0,7,0,4,201,8,0,0,4,1024.0,0,6.0,1,87990.0
3444,2,7186,517,1.2,11,1,13.3,3200,1800,276,0,7,0,4,129,8,0,0,4,1024.0,0,12.0,1,94960.0
3445,9,1655,232,2.6,12,1,15.6,1920,1080,141,0,7,0,6,289,8,0,0,2,1024.0,0,11.5,1,101490.0
3446,15,1124,478,1.44,12,1,14.0,3840,2160,315,0,7,1,8,155,16,0,0,4,1024.0,0,10.0,1,111560.0
3447,9,1648,243,2.02,12,1,15.6,1920,1080,141,0,7,0,8,200,8,0,0,4,1024.0,0,9.25,1,74990.0
3448,18,7027,156,1.94,15,1,13.0,2880,1920,266,0,7,1,12,155,16,0,0,4,1024.0,0,16.0,1,158990.0
3449,9,2561,232,3.78,11,1,17.3,1920,1080,127,0,7,0,6,207,16,0,0,8,1024.0,0,6.0,1,171990.0
3450,2,5366,297,2.6,12,1,15.6,1920,1080,141,0,7,0,6,290,16,0,0,6,1024.0,0,6.0,1,149990.0
3451,2,7797,427,1.8,15,1,15.6,1920,1080,141,0,3,0,6,160,8,0,0,4,1024.0,0,3.0,1,29600.0
3452,9,5162,9,1.7,0,1,15.6,1366,768,100,0,5,0,12,133,8,0,0,4,1024.0,0,6.0,1,57899.0
3453,15,180,160,1.8,16,1,15.6,1920,1080,141,0,5,0,12,155,16,0,1,4,1024.0,0,11.0,1,64340.0
3454,6,4954,156,2.5,11,1,15.6,1920,1080,141,0,7,0,12,215,8,0,0,4,1024.0,0,6.0,1,109990.0
3455,9,8038,338,1.36,16,1,13.5,3000,2000,267,0,7,1,12,155,16,0,0,4,1024.0,0,13.3,1,157990.0
3456,15,6935,156,1.4,16,1,14.0,1920,1080,157,1,5,0,16,4,16,0,1,4,1024.0,0,12.0,1,49999.0
3457,2,7273,507,1.67,12,1,15.6,1920,1080,141,0,7,0,8,230,16,0,0,4,1024.0,0,14.9,1,115391.0
3458,8,3801,156,2.3,16,1,15.6,3840,2160,282,0,7,0,12,262,16,0,0,8,1024.0,0,6.0,1,166199.0
3459,15,209,478,1.4,16,1,14.0,3840,2400,323,0,7,1,18,155,16,0,1,4,1024.0,0,10.0,1,131990.0
3460,18,7034,156,1.0,16,1,13.0,2880,1920,266,0,7,1,12,155,32,0,0,4,1024.0,0,15.5,1,202999.0
3461,2,5448,298,1.3,12,1,13.4,1920,1080,164,1,7,1,16,209,16,0,0,4,1024.0,0,6.0,1,94900.0
3462,0,3136,56,1.5,12,1,15.6,3840,2160,282,0,5,0,6,74,8,0,0,4,1024.0,0,6.0,1,99500.0
3463,6,3201,166,1.44,16,1,14.0,1920,1080,157,1,7,0,12,4,16,0,0,4,1024.0,0,6.0,1,68931.0
3464,2,6348,525,1.4,15,1,14.0,2880,1880,246,0,7,1,24,155,16,0,0,4,1024.0,0,10.0,1,105441.0
3465,15,5080,387,1.38,16,1,14.0,1920,1200,162,0,3,0,10,160,8,0,0,4,1024.0,0,6.0,1,44990.0
3466,9,1939,156,1.59,16,1,15.6,1920,1080,141,1,5,0,16,4,8,0,0,4,1024.0,0,6.0,1,42999.0
3467,15,6564,189,2.55,16,1,16.0,2560,1600,189,0,7,0,30,268,32,0,0,8,1024.0,0,6.5,1,172990.0
3468,15,1109,487,1.35,16,1,14.0,1920,1200,162,0,5,0,12,155,16,0,1,4,1024.0,0,11.0,1,67290.0
3469,15,2507,155,1.89,16,1,16.0,1920,1200,142,0,7,0,24,155,16,0,0,4,1024.0,0,6.0,1,78190.0
3470,0,3953,225,2.5,16,1,15.6,1920,1080,141,0,7,0,12,255,16,0,0,4,1024.0,0,6.0,1,86990.0
3471,6,641,463,1.23,16,1,13.4,3840,2160,329,0,7,1,12,155,16,0,0,4,1024.0,0,6.0,1,159990.0
3472,2,7514,427,1.92,16,1,15.6,1920,1080,141,0,5,0,12,133,16,0,0,4,1024.0,0,6.0,1,62980.0
3473,9,2427,423,2.48,16,1,16.1,1920,1080,137,1,5,0,16,209,8,0,0,4,1024.0,0,6.0,1,57990.0
3474,9,1558,243,1.74,16,1,15.6,1920,1080,141,0,5,0,12,241,16,0,0,2,1024.0,0,6.0,1,73990.0
3475,16,2373,262,1.9,16,1,16.0,2560,1600,189,0,7,0,12,155,16,0,0,4,1024.0,0,6.0,1,124990.0
3476,11,463,214,1.33,12,1,14.0,3000,2000,258,0,7,1,12,237,16,0,0,4,1024.0,0,6.0,1,149990.0
3477,2,4582,377,2.3,16,1,15.6,1920,1080,141,1,7,0,12,255,8,0,0,4,1024.0,0,6.0,1,80990.0
3478,16,5401,156,2.6,12,1,17.3,1920,1080,127,0,7,0,12,250,16,0,0,8,1024.0,0,6.0,1,180000.0
3479,15,718,156,2.1,12,1,15.6,1920,1080,141,0,3,0,3,129,4,0,0,4,1024.0,0,5.5,1,26999.0
3480,0,6875,342,1.6,11,1,14.0,1920,1080,157,0,7,1,4,128,8,0,0,4,1024.0,0,8.0,1,119990.0
3481,9,1749,245,1.98,12,1,15.6,1920,1080,141,1,5,0,6,293,8,0,0,4,1024.0,0,6.0,1,60294.0
3482,2,5504,326,2.6,12,1,17.3,2560,1440,170,0,9,0,24,264,32,0,1,16,1024.0,0,6.0,1,389990.0
3483,6,1417,168,2.2,10,1,15.6,1366,768,100,0,3,0,3,123,4,0,0,4,1024.0,0,6.0,1,27999.0
3484,2,7811,427,1.8,16,1,15.6,1920,1080,141,0,3,0,6,160,16,0,1,4,1024.0,0,6.0,1,29990.0
3485,0,3550,28,2.1,12,1,15.6,1366,768,100,0,1,0,2,116,2,0,0,4,500.0,0,6.0,1,21753.0
3486,9,1224,156,1.46,16,1,14.0,1920,1080,157,0,3,0,10,160,8,0,0,4,1024.0,0,6.0,1,36990.0
3487,0,3551,28,1.9,12,1,15.6,1366,768,100,0,2,0,4,162,4,0,0,4,1024.0,0,6.0,1,25012.0
3488,6,798,166,1.79,7,1,14.0,1366,768,112,0,3,0,3,129,4,0,0,4,1024.0,0,6.0,1,25225.0
3489,9,1202,156,1.46,12,1,14.0,1920,1080,157,0,3,0,6,160,8,0,0,4,1024.0,0,6.0,1,36990.0
3490,12,2586,156,1.76,16,1,15.6,1920,1080,141,0,3,0,4,160,8,0,0,4,1024.0,0,10.0,1,23999.0
3491,2,7619,424,1.5,12,1,14.0,1920,1080,157,1,5,0,6,86,8,0,0,4,1024.0,0,6.0,1,42990.0
3492,15,2718,156,2.2,11,1,15.6,1366,768,100,0,5,0,3,244,8,0,0,2,1024.0,0,5.0,1,49490.0
3493,2,1481,433,1.63,16,1,15.6,1920,1080,141,1,3,0,4,4,8,0,1,4,1024.0,0,6.0,1,29990.0
3494,25,2587,126,1.81,16,1,15.6,1920,1080,141,0,5,0,12,155,16,0,0,4,1024.0,0,6.0,1,44999.0
3495,2,1480,433,1.63,16,1,15.6,1920,1080,141,1,3,0,4,4,8,0,0,4,1024.0,0,6.0,1,29990.0
3496,2,7807,427,1.8,16,1,15.6,1920,1080,141,0,3,0,6,160,8,0,1,4,1024.0,0,6.0,1,33750.0
3497,2,4702,380,2.3,16,1,15.6,1920,1080,141,0,5,0,12,248,16,0,0,4,1024.0,0,6.0,1,52990.0
3498,2,1482,433,1.63,16,1,15.6,1920,1080,141,1,3,0,4,4,8,0,0,4,1024.0,0,6.0,1,38500.0
3499,2,7519,427,1.7,16,1,15.6,1920,1080,141,0,3,0,10,160,8,0,0,4,1024.0,0,6.0,1,33250.0
3500,2,7626,424,1.5,12,1,14.0,1920,1080,157,0,3,0,4,160,4,0,0,4,1024.0,0,6.0,1,35990.0
3501,0,3630,28,1.5,16,1,15.6,1366,768,100,0,1,0,12,160,8,0,0,4,1024.0,0,6.0,1,22990.0
3502,2,4298,48,1.8,3,1,15.6,1920,1080,141,0,1,0,12,160,4,0,0,4,1024.0,0,11.0,1,13990.0
3503,2,4291,48,1.47,3,1,14.0,1920,1080,157,0,1,0,12,160,4,0,0,4,1024.0,0,11.0,1,19276.0
3504,15,1058,143,1.43,16,1,14.0,1920,1080,157,0,3,0,12,160,8,0,1,4,1024.0,0,7.0,1,33870.0
3505,2,4299,48,1.8,3,1,15.6,1920,1080,141,0,1,0,12,160,8,0,0,4,1024.0,0,11.0,1,15990.0
3506,30,6304,156,1.6,16,1,15.6,1920,1020,139,0,5,0,12,160,8,0,0,4,1024.0,0,10.0,1,34990.0
3507,2,5771,447,1.8,16,1,15.6,1920,1080,141,1,5,0,11,4,8,0,0,4,1024.0,0,6.0,1,51990.0
3508,2,1487,77,1.57,16,1,15.6,1920,1080,141,0,1,0,4,133,8,0,0,4,1024.0,0,6.0,1,27901.0
3509,0,3605,28,1.3,16,1,14.0,1366,768,112,0,1,0,12,160,8,0,0,4,1024.0,0,6.0,1,22990.0
3510,15,502,156,2.2,12,1,15.6,1366,768,100,0,3,0,3,130,4,0,0,4,1024.0,0,4.0,1,31049.0
3511,12,5748,139,1.8,16,1,15.6,1920,1080,141,0,3,0,6,160,8,0,0,4,1024.0,0,8.0,1,24999.0
3512,2,1486,433,1.57,16,1,15.6,1920,1080,141,0,1,0,4,160,4,0,0,4,1024.0,0,6.0,1,23900.0
3513,15,717,156,2.1,12,1,15.6,1366,768,100,0,5,0,6,166,8,0,0,2,1024.0,0,6.0,1,39990.0
3514,16,4255,216,1.4,16,1,14.0,1920,1080,157,1,5,0,12,4,16,0,0,4,1024.0,0,6.0,1,39990.0
3515,2,6702,441,1.5,16,1,14.0,1920,1200,162,0,5,0,18,155,16,0,0,4,1024.0,0,6.0,1,64990.0
3516,0,3793,31,1.99,16,1,15.6,1920,1080,141,0,5,0,12,248,8,0,0,4,1024.0,0,7.0,1,57990.0
3517,2,5716,447,1.63,16,1,15.6,1920,1080,141,1,3,0,12,4,8,0,0,4,1024.0,0,6.0,1,35980.0
3518,16,4256,216,1.4,16,1,14.0,1920,1080,157,1,5,0,12,4,8,0,0,4,1024.0,0,6.0,1,36990.0
3519,2,5930,427,1.7,16,1,15.6,1920,1080,141,1,7,0,16,4,16,0,0,4,1024.0,0,6.0,1,51990.0
3520,2,7895,427,1.6,12,1,15.6,1920,1080,141,0,5,0,6,166,8,0,0,4,1024.0,0,6.0,1,39990.0
3521,12,7918,156,1.76,16,1,15.6,1920,1080,141,0,1,0,12,160,4,0,0,4,1024.0,0,6.0,1,17990.0
3522,2,7815,427,1.8,16,1,15.6,1920,1080,141,0,5,0,8,155,16,0,1,4,1024.0,0,6.0,1,37999.0
3523,2,7627,424,1.5,12,1,14.0,1920,1080,157,0,5,0,6,236,8,0,0,2,1024.0,0,6.0,1,55990.0
3524,15,1054,143,1.43,16,1,14.0,1920,1080,157,0,3,0,10,160,8,0,1,4,1024.0,0,7.0,1,37500.0
3525,2,1511,433,1.63,16,1,15.6,1920,1080,141,1,5,0,4,4,8,0,0,4,1024.0,0,8.0,1,43990.0
3526,2,4990,303,2.1,12,1,15.6,1920,1080,141,1,7,0,8,255,8,0,0,4,1024.0,0,6.0,1,82990.0
3527,2,4448,433,1.63,16,1,15.6,1920,1080,141,1,5,0,12,4,8,0,0,4,1024.0,0,6.0,1,45990.0
3528,2,6072,424,1.4,12,1,14.0,1920,1080,157,1,7,0,12,42,8,0,0,4,1024.0,0,6.0,1,59990.0
3529,16,513,122,1.86,16,1,15.6,1920,1080,141,0,5,0,12,209,8,0,0,4,1024.0,0,6.0,1,49365.0
3530,0,4503,32,2.2,7,1,15.6,1366,768,100,0,5,0,3,115,8,0,0,4,1024.0,0,5.0,1,41499.0
3531,2,6129,437,1.8,16,1,15.6,1920,1080,141,1,5,0,19,248,8,0,0,4,1024.0,0,6.0,1,49999.0
3532,2,5717,447,1.63,16,1,15.6,1920,1080,141,1,5,0,12,4,8,0,0,4,1024.0,0,6.0,1,43990.0
3533,16,4130,44,2.35,16,1,15.6,1920,1080,141,1,7,0,12,77,8,0,0,4,1024.0,0,6.0,1,59037.0
3534,9,1886,423,2.29,16,1,15.6,1920,1080,141,0,5,0,12,255,16,0,0,6,1024.0,0,6.0,1,73990.0
3535,0,3622,28,1.45,16,1,14.0,1920,1080,157,0,3,0,12,160,8,0,0,4,1024.0,0,6.5,1,29990.0
3536,16,512,122,1.86,16,1,15.6,1920,1080,141,0,5,0,12,209,16,0,0,4,1024.0,0,6.0,1,50990.0
3537,9,1903,423,2.37,16,1,15.6,1920,1080,141,1,5,0,12,255,8,0,0,4,1024.0,0,6.0,1,55490.0
3538,2,4665,156,2.3,12,1,15.6,1920,1080,141,0,5,0,8,289,8,0,0,4,1024.0,0,6.0,1,65832.0
3539,16,505,122,1.86,16,1,15.6,1920,1080,141,0,5,0,12,210,8,0,0,4,1024.0,0,6.0,1,50990.0
3540,2,7897,427,1.9,12,1,15.6,1920,1080,141,0,5,0,6,311,8,0,0,2,1024.0,0,6.0,1,41990.0
3541,9,1904,423,2.37,16,1,15.6,1920,1080,141,1,5,0,12,255,16,0,0,4,1024.0,0,6.0,1,57500.0
3542,6,3260,116,2.81,16,1,15.6,1920,1080,141,0,5,0,20,255,16,0,0,6,1024.0,0,6.0,1,79990.0
3543,16,4049,383,1.86,16,1,15.6,1920,1080,141,0,5,0,12,248,16,0,0,4,1024.0,0,6.0,1,49999.0
3544,27,6149,156,1.48,16,1,15.6,1920,1080,141,0,5,0,8,155,16,0,0,4,1024.0,0,17.5,1,47999.0
3545,9,1014,156,1.4,16,1,14.0,1920,1080,157,0,3,0,10,160,8,0,0,4,1024.0,0,9.0,1,53990.0
3546,2,5362,297,2.6,12,1,15.6,1920,1080,141,0,7,0,9,205,8,0,0,4,1024.0,0,6.0,1,101990.0
3547,9,1587,243,2.0,11,1,15.6,1366,768,100,0,5,0,3,195,8,0,0,2,1024.0,0,6.0,1,54990.0
3548,15,2050,180,2.38,16,1,15.6,1920,1080,141,1,7,0,12,267,24,0,1,8,1024.0,0,6.0,1,87990.0
3549,2,7830,427,1.8,16,1,15.6,1920,1080,141,0,3,0,12,160,8,0,0,4,1024.0,0,6.0,1,24990.0
3550,2,7810,427,1.8,16,1,15.6,1920,1080,141,0,3,0,6,160,8,0,0,4,1024.0,0,6.0,1,34100.0
3551,16,520,122,1.86,16,1,15.6,1920,1080,141,0,7,0,12,255,16,0,0,4,1024.0,0,6.0,1,62990.0
3552,6,1453,168,2.62,12,1,15.6,1920,1080,141,0,7,0,6,289,8,0,0,4,1024.0,0,6.0,1,69999.0
3553,15,2049,180,2.45,16,1,15.6,1920,1080,141,1,7,0,12,266,24,0,1,6,1024.0,0,6.0,1,79990.0
3554,0,6842,367,1.25,16,1,14.0,1920,1080,157,1,5,0,12,4,16,0,0,4,1024.0,0,6.0,1,39990.0
3555,30,6303,156,1.6,16,1,15.6,1920,1020,139,0,3,0,12,160,8,0,0,4,1024.0,0,10.0,1,24999.0
3556,2,4622,377,2.3,16,1,15.6,1920,1080,141,1,7,0,20,255,16,0,0,4,1024.0,0,6.0,1,63990.0
3557,16,4039,218,1.7,16,1,15.6,1920,1080,141,0,5,0,12,155,8,0,0,4,1024.0,0,6.0,1,38990.0
3558,0,3853,34,1.59,16,1,15.6,1920,1080,141,0,3,0,12,133,16,0,0,4,1024.0,0,6.0,1,31490.0
3559,16,4173,216,1.4,16,1,14.0,1920,1080,157,0,5,0,12,155,8,0,0,4,1024.0,0,6.0,1,36990.0
3560,30,6302,156,1.6,16,1,15.6,1920,1020,139,0,3,0,12,160,8,0,0,4,1024.0,0,10.0,1,27990.0
3561,0,6848,370,1.25,16,1,14.0,2880,1800,243,0,7,0,12,155,16,0,0,4,1024.0,0,6.0,1,69990.0
3562,15,173,159,1.4,16,1,14.0,1920,1080,157,0,3,0,10,160,8,0,1,4,1024.0,0,6.0,1,33990.0
3563,2,4625,377,2.3,16,1,15.6,1920,1080,141,1,7,0,20,248,16,0,0,4,1024.0,0,6.0,1,58980.0
3564,2,4626,377,2.3,16,1,15.6,1920,1080,141,1,7,0,20,248,8,0,0,4,1024.0,0,6.0,1,54990.0
3565,0,4276,50,1.43,3,1,14.0,1920,1080,157,0,3,0,12,133,8,0,0,4,1024.0,0,6.0,1,18990.0
3566,0,762,35,1.65,0,1,14.0,1366,768,112,0,1,0,2,115,2,0,0,4,500.0,0,6.0,1,15999.0
3567,15,1064,142,1.3,16,1,14.0,1366,768,112,0,1,0,4,161,8,0,1,4,1024.0,0,7.0,1,25490.0
3568,9,404,14,1.52,16,1,15.6,1366,768,100,1,5,0,4,4,8,0,0,4,1024.0,0,6.0,1,28997.0
3569,6,459,168,1.65,16,1,15.0,1920,1080,147,0,5,0,12,160,8,0,0,4,1024.0,0,7.0,1,46790.0
3570,12,5741,156,1.58,16,1,15.6,1920,1080,141,0,3,0,12,160,8,0,0,4,1024.0,0,10.0,1,32990.0
3571,2,7826,427,1.8,16,1,15.6,1920,1080,141,0,5,0,6,160,8,0,0,4,1024.0,0,6.0,1,57999.0
3572,9,1900,423,2.37,16,1,15.6,1920,1080,141,1,5,0,12,209,8,0,0,4,1024.0,0,6.0,1,51990.0
3573,2,6079,424,1.6,16,0,14.0,1920,1080,157,1,5,0,6,86,8,0,0,4,1024.0,0,6.0,1,33990.0
3574,2,5805,445,1.4,16,1,14.0,1920,1080,157,0,3,0,6,168,8,0,0,4,1024.0,0,6.0,1,31990.0
3575,2,7816,427,1.8,16,1,15.6,1920,1080,141,0,7,0,12,155,16,0,0,4,1024.0,0,6.0,1,55999.0
3576,15,2109,180,2.4,16,1,15.6,1920,1080,141,0,5,0,12,255,16,0,0,6,1024.0,0,5.32,1,64500.0
3577,0,3602,28,1.45,16,1,14.0,1920,1080,157,0,3,0,12,160,8,0,0,4,1024.0,0,6.0,1,27590.0
3578,2,4567,432,2.14,12,1,15.6,1920,1080,141,0,5,0,8,293,16,0,0,4,1024.0,0,6.0,1,68990.0
3579,2,5804,445,1.4,16,1,14.0,1920,1080,157,0,3,0,6,160,8,0,0,4,1024.0,0,6.0,1,40990.0
3580,15,1056,143,1.43,16,1,14.0,1920,1080,157,0,3,0,10,160,8,0,0,4,1024.0,0,7.0,1,35700.0
3581,15,5521,156,2.2,12,1,15.6,1920,1080,141,1,5,0,3,293,8,0,0,4,1024.0,0,6.0,1,63490.0
3582,15,2122,154,1.62,16,1,15.6,1920,1080,141,0,3,0,10,160,8,0,0,4,1024.0,0,7.6,1,40190.0
3583,2,4591,377,2.3,16,1,15.6,1920,1080,141,1,5,0,19,255,16,0,1,4,1024.0,0,6.0,1,59990.0
3584,16,526,122,1.86,16,1,15.6,1920,1080,141,0,5,0,12,255,16,0,0,4,1024.0,0,7.0,1,57990.0
3585,0,6843,367,1.25,16,1,14.0,1920,1080,157,1,7,0,12,4,16,0,0,4,1024.0,0,6.0,1,49990.0
3586,9,1015,156,1.4,16,1,14.0,1920,1080,157,0,5,0,12,155,16,0,0,4,1024.0,0,9.0,1,64990.0
3587,15,265,180,2.38,16,1,15.6,1920,1080,141,0,5,0,12,255,24,0,0,6,1024.0,0,6.0,1,74690.0
3588,12,7978,156,1.8,16,1,15.6,1920,1080,141,0,5,0,12,155,16,0,0,4,1024.0,0,10.0,1,54990.0
3589,2,4511,452,1.57,16,1,15.6,1920,1080,141,0,1,0,4,161,8,0,1,4,1024.0,0,6.0,1,26990.0
3590,15,258,154,1.37,16,1,14.0,1920,1080,157,0,5,0,12,160,16,0,0,4,1024.0,0,12.0,1,52390.0
3591,2,4737,380,2.2,18,1,15.6,1920,1080,141,0,5,0,18,255,16,0,0,4,1024.0,0,6.0,1,67400.0
3592,9,2161,156,1.69,16,1,15.6,1920,1080,141,1,7,0,8,4,16,0,0,4,1024.0,0,6.0,1,48490.0
3593,16,506,122,1.86,16,1,15.6,1920,1080,141,0,7,0,12,209,16,0,0,4,1024.0,0,6.0,1,50999.0
3594,6,2886,168,1.8,16,1,15.6,1920,1080,141,0,3,0,6,160,8,0,0,4,1024.0,0,7.0,1,36990.0
3595,16,4034,218,1.7,16,1,15.6,1920,1080,141,0,3,0,12,160,16,0,0,4,1024.0,0,6.0,1,37990.0
3596,6,2862,460,1.54,16,1,14.0,1920,1200,162,0,5,0,12,160,8,0,0,4,1024.0,0,7.0,1,50990.0
3597,2,4593,377,2.3,16,1,15.6,1920,1080,141,1,7,0,20,255,16,0,0,4,1024.0,0,6.0,1,66890.0
3598,16,4174,216,1.4,16,1,14.0,1920,1080,157,0,3,0,12,160,16,0,0,4,1024.0,0,6.0,1,35990.0
3599,2,4287,48,1.45,3,1,14.0,1920,1080,157,0,1,0,2,133,4,0,0,4,1024.0,0,12.0,0,39291.0
3600,2,6589,156,2.3,0,1,15.6,1920,1080,141,0,5,0,3,369,4,0,0,2,1024.0,0,6.0,0,39990.0
3601,2,5816,427,1.7,12,1,15.6,1920,1080,141,0,5,0,6,284,8,0,0,2,1024.0,0,6.0,0,49916.0
3602,15,6648,156,1.85,12,1,15.6,1920,1080,141,0,3,0,4,166,8,0,0,4,1024.0,0,6.0,0,45990.0
3603,15,6887,156,1.85,12,1,15.6,1920,1080,141,1,3,0,4,4,4,0,0,4,1024.0,0,6.0,0,30990.0
3604,15,6613,156,1.85,12,1,15.6,1366,768,100,0,2,0,2,166,4,0,0,4,1024.0,0,6.0,0,23990.0
3605,2,7229,518,1.17,12,1,14.0,1920,1080,157,0,7,0,8,147,16,0,0,4,1024.0,0,6.0,0,84111.0
3606,9,1666,156,1.77,0,1,15.6,1920,1080,141,0,3,0,3,233,4,0,0,2,1024.0,0,6.0,0,33894.0
3607,6,3030,168,2.2,12,1,15.6,1366,768,100,1,4,0,12,43,4,0,0,4,1024.0,0,6.0,0,28988.0
3608,9,1581,243,2.2,20,1,15.6,1920,1080,141,0,5,0,3,194,4,0,0,2,1024.0,0,3.0,0,39990.0
3609,2,7867,156,1.9,12,1,15.6,1366,768,100,0,3,0,4,166,8,0,0,4,1024.0,0,6.0,0,29890.0
3610,6,1274,118,2.34,12,1,15.6,1920,1080,141,0,7,0,12,293,8,0,0,4,1024.0,0,6.0,0,84990.0
3611,2,4472,447,1.4,12,1,14.0,1366,768,112,1,4,0,2,41,4,0,0,4,1024.0,0,6.0,0,19499.0
3612,0,3659,30,1.45,12,1,14.0,1920,1080,157,0,5,0,8,317,8,0,0,2,1024.0,0,6.0,0,64590.0
3613,2,7705,447,1.68,12,1,15.6,1920,1080,141,0,5,0,6,166,4,0,0,4,1024.0,0,6.0,0,37990.0
3614,2,4671,374,2.3,12,1,15.6,1920,1080,141,1,5,0,4,201,8,0,0,3,1024.0,0,6.0,0,59500.0
3615,9,1020,243,1.9,20,1,14.0,1366,768,112,0,3,0,3,119,4,0,0,4,500.0,0,6.0,0,33999.0
3616,2,6093,427,2.0,12,1,15.6,1920,1080,141,1,5,0,6,86,4,0,0,4,1024.0,0,6.0,0,44990.0
3617,0,3684,30,1.9,12,1,15.6,1920,1080,141,0,5,0,6,235,8,0,1,2,1024.0,0,7.0,0,54990.0
3618,2,7744,427,1.9,12,1,15.6,1920,1080,141,0,3,0,3,129,4,0,0,4,1024.0,0,6.0,0,23138.0
3619,2,5811,424,1.4,12,1,14.0,1920,1080,157,0,3,0,4,160,4,0,1,4,1024.0,0,6.0,0,41999.0
3620,15,4233,156,1.65,12,1,14.0,1920,1080,157,1,3,1,4,83,4,0,0,4,1024.0,0,6.0,0,42990.0
3621,9,1530,156,2.19,0,1,15.6,1366,768,100,1,4,0,2,41,4,0,0,4,1024.0,0,6.0,0,19997.0
3622,15,169,472,1.31,16,1,13.3,1920,1080,166,1,7,1,8,4,16,0,1,4,1024.0,0,6.0,0,91308.0
3623,2,5417,321,1.9,12,1,15.6,1920,1080,141,0,7,0,12,217,16,0,0,6,1024.0,0,8.0,0,120459.0
3624,2,5296,319,2.2,12,1,15.6,1920,1080,141,1,7,0,12,217,8,0,0,6,1024.0,0,6.0,0,180872.0
3625,2,6580,447,2.15,0,1,15.6,1920,1080,141,0,5,0,3,192,8,0,0,2,1024.0,0,6.0,0,45000.0
3626,15,2781,156,2.2,12,1,15.6,1920,1080,141,0,3,0,3,129,4,0,0,4,1024.0,0,5.5,0,29690.0
3627,15,5547,156,2.25,16,1,15.6,1920,1080,141,1,5,0,16,209,8,0,0,4,1024.0,0,5.0,0,59990.0
3628,9,2265,156,1.77,12,1,15.6,1920,1080,141,0,3,0,4,160,4,0,0,4,1024.0,0,6.0,0,37590.0
3629,9,1698,156,1.8,12,1,15.6,1920,1080,141,1,5,0,6,86,4,0,0,4,1024.0,0,6.0,0,35990.0
3630,2,6587,295,2.2,11,1,15.6,1080,1920,141,0,5,0,3,195,4,0,0,2,1024.0,0,4.5,0,43000.0
3631,9,2443,232,2.32,16,1,16.1,1920,1080,137,1,7,0,16,62,16,0,0,8,1024.0,0,6.0,0,85509.0
3632,9,2615,5,2.1,0,1,14.0,1366,768,112,1,3,0,5,83,4,0,0,4,1024.0,0,6.0,0,24400.0
3633,2,6091,427,1.9,12,1,15.6,1920,1080,141,1,5,0,6,86,4,0,0,4,1024.0,0,6.0,0,35990.0
3634,9,8028,338,1.3,12,1,13.3,1920,1080,166,0,7,1,8,147,8,0,1,4,1024.0,0,19.0,0,144990.0
3635,2,7628,424,1.5,12,1,14.0,1920,1080,157,0,3,0,3,129,4,0,0,4,1024.0,0,6.0,0,31990.0
3636,2,7224,156,1.0,14,1,13.3,1920,1080,166,0,7,0,12,166,8,0,0,4,1024.0,0,13.5,0,268438.0
3637,9,8012,248,1.39,12,1,11.6,1366,768,135,0,2,1,4,162,4,0,0,4,1024.0,0,6.0,0,34812.0
3638,15,6638,156,1.85,12,1,15.6,1920,1080,141,0,3,0,3,129,4,0,0,4,1024.0,0,6.0,0,28490.0
3639,9,2169,156,1.77,12,1,15.6,1920,1080,141,0,5,0,6,233,8,0,0,2,1024.0,0,6.0,0,55490.0
3640,0,6811,362,1.2,16,1,14.0,1920,1080,157,0,5,0,8,155,8,0,0,4,1024.0,0,6.0,0,60990.0
3641,0,3913,225,2.5,16,1,15.6,1920,1080,141,1,5,0,12,255,8,0,0,4,1024.0,0,6.0,0,64990.0
3642,2,3744,16,2.1,0,1,15.6,1366,768,100,0,2,0,2,115,4,0,0,4,500.0,0,6.0,0,29990.0
3643,2,5230,318,1.6,12,1,14.0,1920,1080,157,1,5,0,8,293,8,0,0,4,1024.0,0,6.0,0,80990.0
3644,2,6590,295,2.2,0,1,15.6,1920,1080,141,0,7,0,4,283,8,0,0,2,1024.0,0,4.0,0,51990.0
3645,15,4956,531,2.1,20,1,15.6,1366,768,100,0,2,0,2,115,4,0,0,4,500.0,0,4.0,0,19994.0
3646,2,7698,462,1.68,11,1,15.6,1920,1080,141,0,3,0,3,123,4,0,0,4,1024.0,0,6.0,0,26990.0
3647,15,703,156,2.1,12,1,15.6,1366,768,100,1,4,0,1,44,4,0,0,4,1024.0,0,6.0,0,21990.0
3648,9,2484,232,2.37,16,1,16.1,1920,1080,137,1,7,0,16,267,16,0,0,8,1024.0,0,6.0,0,113990.0
3649,2,6098,156,1.8,12,1,15.6,1920,1080,141,1,5,0,4,86,8,0,0,4,1024.0,0,6.0,0,45990.0
3650,15,1497,385,1.7,16,1,15.6,1920,1080,141,1,5,0,16,4,16,0,0,4,1024.0,0,6.0,0,44990.0
3651,15,2791,156,2.2,12,1,15.6,1920,1080,141,0,5,0,8,201,8,0,0,4,1024.0,0,6.0,0,53990.0
3652,2,7702,447,1.68,12,1,15.6,1920,1080,141,0,3,0,3,129,8,0,0,4,1024.0,0,6.0,0,31490.0
3653,2,7857,447,1.8,12,1,15.6,1920,1080,141,0,1,0,4,161,4,0,0,4,1024.0,0,6.0,0,27889.0
3654,33,4553,156,1.46,14,1,14.0,1366,768,112,0,4,0,2,130,4,0,0,4,1024.0,0,6.0,0,13999.0
3655,0,6801,362,1.19,12,1,13.3,1920,1080,166,0,5,0,8,155,8,0,0,4,1024.0,0,6.0,0,62994.0
3656,9,1573,243,2.3,20,1,15.6,1366,768,100,0,3,0,3,31,4,0,0,2,500.0,0,6.0,0,38390.0
3657,9,1686,156,2.18,12,1,15.6,1920,1080,141,0,3,0,3,233,8,0,0,2,1024.0,0,6.0,0,40172.0
3658,15,6759,156,1.8,12,1,15.6,1920,1080,141,0,5,0,6,237,8,0,0,2,1024.0,0,6.0,0,79990.0
3659,9,5183,5,1.47,0,1,14.0,1366,768,112,1,3,0,4,4,8,0,0,4,1024.0,0,4.0,0,25479.0
3660,9,1633,156,1.86,0,1,15.6,1366,768,100,1,4,0,1,7,4,0,0,2,1024.0,0,11.0,0,27990.0
3661,15,6618,156,1.85,0,1,15.6,1920,1080,141,0,5,0,6,166,8,0,0,4,1024.0,0,6.0,0,38990.0
3662,2,7129,431,1.5,16,1,14.0,1920,1200,162,0,5,1,18,155,8,0,0,4,1024.0,0,6.0,0,92990.0
3663,6,764,460,1.64,12,1,14.0,1920,1080,157,0,5,0,8,155,8,0,0,4,1024.0,0,6.0,0,51990.0
3664,15,2105,159,1.7,12,1,15.6,1920,1080,141,0,5,0,6,238,8,0,0,2,1024.0,0,6.0,0,50490.0
3665,0,4538,110,1.7,12,1,15.6,1920,1080,141,0,3,0,6,160,4,0,0,4,1024.0,0,6.0,0,29999.0
3666,0,3922,225,2.7,12,1,15.6,1920,1080,141,0,5,0,8,288,8,0,0,4,1024.0,0,6.0,0,56990.0
3667,9,2600,156,1.52,0,1,14.0,1366,768,112,0,3,0,3,129,4,0,0,4,1024.0,0,6.0,0,25490.0
3668,9,2449,423,2.31,16,1,16.1,1920,1080,137,1,7,0,16,255,16,0,0,6,1024.0,0,6.0,0,81900.0
3669,0,3923,225,2.7,12,1,15.6,1920,1080,141,0,5,0,8,287,8,0,0,4,1024.0,0,6.0,0,56990.0
3670,9,1674,156,1.77,12,1,15.6,1366,768,100,0,2,0,4,162,4,0,0,4,1024.0,0,6.0,0,22497.0
3671,18,6995,156,1.0,16,1,10.5,1920,1280,220,0,2,1,12,157,8,0,0,4,1024.0,0,10.0,0,57999.0
3672,15,758,385,1.4,16,1,14.0,1920,1080,157,0,5,0,8,155,8,0,0,4,1024.0,0,6.0,0,63051.0
3673,2,3742,454,1.9,12,1,15.6,1920,1080,141,0,3,0,6,190,4,0,0,2,1024.0,0,4.5,0,36535.0
3674,0,3952,225,2.5,16,1,15.6,1920,1080,141,0,5,0,12,255,8,0,0,4,1024.0,0,6.0,0,79999.0
3675,9,8013,248,1.39,12,1,11.6,1366,768,135,0,3,1,4,166,4,0,0,4,1024.0,0,6.0,0,45980.0
3676,9,910,243,1.54,12,1,14.0,1920,1080,157,0,5,0,6,166,8,0,0,4,1024.0,0,10.5,0,51990.0
3677,6,1380,168,2.4,12,1,15.6,1920,1080,141,0,3,0,3,7,4,0,0,2,1024.0,0,6.0,0,35499.0
3678,9,2398,245,2.35,12,1,16.1,1920,1080,137,0,5,0,8,297,8,0,0,4,1024.0,0,6.0,0,97990.0
3679,2,6083,424,1.5,12,1,14.0,1920,1080,157,1,5,0,6,86,8,0,0,4,1024.0,0,6.0,0,41580.0
3680,2,5779,458,1.8,16,1,15.6,1920,1080,141,0,5,0,18,155,16,0,1,4,1024.0,0,8.0,0,68390.0
3681,15,3170,471,2.2,12,1,14.0,1920,1080,157,0,3,0,4,166,4,0,0,4,1024.0,0,6.0,0,43483.0
3682,2,6085,441,1.4,12,1,14.0,1920,1080,157,1,7,0,11,72,8,0,0,4,1024.0,0,6.0,0,68990.0
3683,2,7751,427,1.5,14,1,15.6,1920,1080,141,0,3,0,3,129,4,0,0,4,1024.0,0,6.0,0,32980.0
3684,2,7742,427,1.8,12,1,15.6,1366,768,100,0,2,0,4,160,4,0,0,4,1024.0,0,6.0,0,24145.0
3685,15,97,159,1.8,12,1,15.6,1920,1080,141,0,3,0,4,160,8,0,0,4,1024.0,0,6.0,0,43990.0
3686,9,1724,156,1.77,12,1,15.6,1920,1080,141,0,3,0,3,129,4,0,0,4,1024.0,0,6.0,0,29700.0
3687,9,2281,156,1.75,16,1,15.6,1920,1080,141,0,3,0,6,160,8,0,0,4,1024.0,0,6.0,0,35390.0
3688,2,4680,374,2.2,12,1,15.6,1920,1080,141,0,5,0,8,204,8,0,0,4,1024.0,0,6.0,0,49990.0
3689,9,2396,245,2.35,12,1,16.1,1920,1080,137,0,5,0,8,293,8,0,0,4,1024.0,0,6.0,0,76390.0
3690,6,2877,156,1.8,15,1,15.6,1920,1080,141,0,3,0,12,133,8,0,0,4,1024.0,0,6.0,0,36999.0
3691,9,8051,48,1.6,3,1,14.0,1920,1080,157,0,3,1,4,166,8,0,0,4,1024.0,0,6.0,0,42990.0
3692,2,7220,511,1.2,12,1,13.3,3840,2160,331,0,7,1,12,155,16,0,0,4,1024.0,0,6.0,0,98200.0
3693,15,6641,156,1.85,12,1,15.6,1920,1080,141,0,3,0,3,129,4,0,0,4,1024.0,0,5.5,0,31000.0
3694,2,6708,443,1.5,15,1,15.6,1920,1080,141,0,5,0,12,155,16,0,0,4,1024.0,0,6.0,0,65990.0
3695,15,1116,156,1.5,16,1,14.0,1920,1080,157,0,3,0,12,160,8,0,1,4,1024.0,0,8.0,0,37990.0
3696,9,1768,156,1.69,12,1,15.6,1366,768,100,1,3,1,4,4,4,0,0,4,1024.0,0,6.0,0,60641.0
3697,2,5054,310,2.57,12,1,15.6,1920,1080,141,0,7,0,12,217,16,0,0,6,1024.0,0,6.0,0,121490.0
3698,0,6386,156,1.1,16,1,11.6,1366,768,135,0,1,0,12,160,8,0,0,4,1024.0,0,6.0,0,34000.0
3699,2,5087,304,2.5,16,1,16.0,1920,1200,142,0,5,0,20,255,16,0,1,6,1024.0,0,6.0,0,91990.0
3700,9,2621,9,1.86,0,1,15.6,1366,768,100,0,5,0,3,7,4,0,0,2,1024.0,0,6.0,0,36740.0
3701,15,7390,156,1.7,0,1,15.0,1920,1080,147,0,3,0,6,160,4,0,0,4,1024.0,0,6.0,0,28990.0
3702,2,6322,437,1.65,16,1,15.6,1920,1080,141,1,7,0,20,255,16,0,0,4,1024.0,0,6.0,0,69665.0
3703,15,7312,156,1.7,0,1,14.0,1366,768,112,0,3,0,3,129,4,0,0,4,1024.0,0,6.5,0,23500.0
3704,6,1455,168,2.2,12,1,15.6,1920,1080,141,0,5,0,6,195,8,0,0,4,1024.0,0,6.0,0,69494.0
3705,2,6588,295,2.2,12,1,15.6,1920,1080,141,0,5,0,3,193,4,0,0,2,1024.0,0,6.0,0,45000.0
3706,2,7796,427,1.8,12,1,15.6,1920,1080,141,0,3,0,6,160,8,0,0,4,1024.0,0,6.0,0,40990.0
3707,15,6909,156,1.6,16,1,14.0,1920,1080,157,0,3,0,4,160,4,0,0,4,1024.0,0,8.0,0,31500.0
3708,2,5394,297,3.4,14,1,17.3,1920,1080,127,0,7,0,6,308,12,0,0,2,1024.0,0,3.5,0,175146.0
3709,18,7036,156,0.77,12,1,13.0,2880,1920,266,3,4,1,12,177,8,0,0,4,1024.0,0,13.0,0,65000.0
3710,0,4506,26,2.1,12,1,15.6,1366,767,100,0,3,0,3,123,4,0,0,4,1024.0,0,6.0,0,25990.0
3711,9,1639,156,1.86,12,1,15.6,1920,1080,141,1,4,0,3,8,4,0,0,2,2048.0,0,11.0,0,39978.0
3712,6,1403,168,2.02,12,1,15.6,1920,1080,141,0,5,0,6,160,8,0,0,4,1024.0,0,6.0,0,56962.0
3713,15,6637,156,1.85,12,1,15.6,1920,1080,141,0,3,0,3,129,4,0,0,4,1024.0,0,6.0,0,27900.0
3714,15,2769,156,2.4,12,1,15.6,1920,1080,141,0,3,0,3,129,4,0,0,4,1024.0,0,6.0,0,33500.0
3715,0,3897,225,2.4,12,1,15.6,1920,1080,141,1,4,0,16,261,16,0,0,8,1024.0,0,13.0,0,129990.0
3716,15,6683,156,1.6,12,1,14.0,1920,1080,157,0,3,0,4,160,8,0,0,4,1024.0,0,11.5,0,42990.0
3717,9,2609,5,2.0,0,1,14.0,1366,768,112,1,4,0,1,4,4,0,0,4,1024.0,0,6.0,0,21999.0
3718,15,6611,156,1.85,0,1,15.6,1920,1080,141,0,2,0,2,163,4,0,0,4,1024.0,0,5.5,0,21990.0
3719,2,5810,424,1.4,12,1,14.0,1920,1080,157,0,3,0,4,160,4,0,0,4,1024.0,0,6.0,0,25999.0
3720,2,6075,427,1.6,12,1,14.0,1920,1080,157,1,5,0,6,86,8,0,0,4,1024.0,0,6.0,0,42990.0
3721,0,4504,32,2.2,11,1,15.6,1366,768,100,0,3,0,3,363,4,0,0,2,1024.0,0,6.0,0,25990.0
3722,6,1378,168,2.13,12,1,15.6,1920,1080,141,0,5,0,6,166,4,0,0,4,1024.0,0,6.0,0,49500.0
3723,9,1756,245,1.98,12,1,15.6,1920,1080,141,1,5,0,4,293,8,0,0,4,1024.0,0,6.0,0,64690.0
3724,2,6141,436,1.45,12,1,14.0,2880,1800,243,1,4,0,20,255,16,0,0,4,1024.0,0,8.0,0,107990.0
3725,0,3655,30,1.45,12,1,14.0,1920,1080,157,0,5,0,8,155,8,0,0,4,1024.0,0,6.0,0,49990.0
3726,15,1504,385,1.7,12,1,15.0,1920,1080,147,0,5,0,8,160,8,0,0,4,1024.0,0,6.0,0,58990.0
3727,2,7687,454,1.75,12,1,14.0,1366,768,112,0,3,0,3,129,4,0,0,4,1024.0,0,6.0,0,24300.0
3728,9,2625,9,1.78,12,1,15.6,1366,768,100,0,5,0,6,160,8,0,0,4,1024.0,0,6.0,0,48490.0
3729,0,3936,225,2.3,12,1,15.6,1920,1080,141,0,5,0,8,201,8,0,0,3,1024.0,0,11.0,0,58990.0
3730,0,3586,28,1.7,12,1,15.6,1920,1080,141,0,3,0,6,160,4,0,0,4,1024.0,0,6.0,0,34990.0
3731,2,7711,447,1.68,12,1,15.6,1920,1080,141,0,5,0,6,312,8,0,0,2,1024.0,0,6.0,0,48990.0
3732,0,3700,30,1.6,12,1,15.6,1920,1080,141,0,5,0,12,155,8,0,0,4,1024.0,0,6.0,0,63993.0
3733,15,2739,156,2.2,12,1,15.6,1366,768,100,1,4,0,1,44,4,0,0,4,1024.0,0,4.5,0,21990.0
3734,9,2170,156,1.77,12,1,15.6,1920,1080,141,1,5,0,6,86,8,0,0,4,1024.0,0,6.0,0,43990.0
3735,0,3589,28,1.7,16,1,15.6,1920,1080,141,0,3,0,12,160,8,0,0,4,1024.0,0,8.0,0,29990.0
3736,9,1726,156,2.18,12,1,15.6,1920,1080,141,0,5,0,6,166,4,0,0,4,1024.0,0,6.0,0,46183.0
3737,0,3657,30,1.45,12,1,14.0,1920,1080,157,0,5,0,8,155,8,0,0,4,1024.0,0,6.0,0,54990.0
3738,2,7133,431,1.5,11,1,14.0,1366,768,112,0,2,1,4,133,4,0,0,4,1024.0,0,6.0,0,68471.0
3739,6,1521,119,2.5,12,1,15.6,1920,1080,141,1,5,0,11,56,8,0,0,6,1024.0,0,6.0,0,89990.0
3740,9,1822,74,2.14,12,1,15.6,1920,1080,141,0,7,0,12,304,16,0,1,6,1024.0,0,6.0,0,128190.0
3741,0,3697,30,1.7,12,1,15.6,1920,1080,141,0,5,0,12,155,8,0,0,4,1024.0,0,6.0,0,49990.0
3742,15,5747,156,2.25,16,1,15.6,1920,1080,141,1,7,0,16,255,16,0,0,4,1024.0,0,5.0,0,80990.0
3743,2,7860,461,1.9,0,1,15.6,1366,768,100,0,3,0,3,125,4,0,0,4,1024.0,0,4.5,0,24999.0
3744,15,748,385,1.5,0,1,14.0,1920,1080,157,0,3,0,4,160,4,0,0,4,1.0,0,9.0,0,38999.0
3745,9,911,243,1.54,12,1,14.0,1920,1080,157,0,5,0,6,166,8,0,0,4,1024.0,0,10.5,0,69390.0
3746,9,2635,9,1.74,0,1,15.6,1366,768,100,0,3,0,6,160,4,0,0,4,1024.0,0,5.0,0,38792.0
3747,2,7145,431,1.5,12,1,14.0,1920,1080,157,0,5,1,8,155,8,0,0,4,1024.0,0,6.0,0,68500.0
3748,15,7309,156,2.2,0,1,14.0,1366,768,112,0,3,0,3,129,4,0,0,4,1024.0,0,6.0,0,21999.0
3749,9,915,156,1.7,12,1,15.6,1366,768,100,0,3,0,3,129,4,0,0,4,1024.0,0,6.0,0,30990.0
3750,15,4234,156,1.65,12,1,14.0,1920,1080,157,1,5,1,2,86,8,0,0,4,1024.0,0,6.0,0,54990.0
3751,2,7699,462,1.68,11,1,15.6,1920,1080,141,0,3,0,3,123,8,0,0,4,1024.0,0,6.0,0,29990.0
3752,15,4371,402,1.69,12,1,14.0,1920,1080,157,0,5,0,6,160,8,0,0,4,1024.0,0,6.0,0,67999.0
3753,15,99,159,1.85,12,1,15.6,1920,1080,141,0,5,0,6,160,8,0,0,4,1024.0,0,7.3,0,62000.0
3754,2,7783,427,1.75,12,1,15.6,1920,1080,141,0,7,0,8,315,8,0,0,2,1024.0,0,6.0,0,65990.0
3755,16,6463,156,2.3,0,1,15.6,1920,1080,141,0,7,0,12,201,16,0,0,4,1024.0,0,4.0,0,84990.0
3756,16,4136,218,1.7,16,1,15.6,1920,1080,141,1,5,0,12,4,16,0,0,4,1024.0,0,6.0,0,43990.0
3757,2,5753,444,1.4,16,1,14.0,1920,1080,157,0,3,0,8,160,8,0,0,4,1024.0,0,8.0,0,32490.0
3758,2,7780,427,1.7,12,1,15.6,1920,1080,141,0,5,0,6,315,8,0,0,2,1024.0,0,6.0,0,55990.0
3759,0,3511,28,2.2,16,1,14.0,1366,768,112,0,1,0,12,160,8,0,0,4,1024.0,0,6.0,0,34780.0
3760,2,5934,429,1.88,16,1,16.0,1920,1200,142,1,7,0,20,4,16,0,0,4,1024.0,0,6.0,0,54990.0
3761,15,4455,402,1.77,16,1,16.0,1920,1200,142,0,3,0,10,160,8,0,0,4,1024.0,0,6.0,0,49190.0
3762,15,704,156,2.1,12,1,15.6,1366,768,100,1,4,0,1,8,4,0,0,2,1024.0,0,6.0,0,25990.0
3763,18,6988,156,1.53,14,1,13.5,3000,2000,267,0,7,1,8,201,16,0,0,2,1024.0,0,15.0,0,250000.0
3764,6,1355,168,2.04,12,1,15.6,1366,768,100,1,4,0,1,41,4,0,0,4,1024.0,0,6.0,0,23990.0
3765,15,2777,156,2.2,12,1,15.6,1920,1080,141,0,3,0,3,8,8,0,0,2,1024.0,0,6.0,0,36990.0
3766,15,4423,402,1.7,12,1,15.6,1920,1080,141,0,3,0,6,160,8,0,0,4,1024.0,0,10.8,0,55999.0
3767,2,7544,427,1.7,16,1,15.6,1920,1080,141,0,3,0,10,133,8,0,0,4,1024.0,0,6.0,0,35900.0
3768,15,2805,156,2.2,12,1,15.6,1366,768,100,0,5,0,6,166,4,0,0,4,1024.0,0,6.0,0,39591.0
3769,9,1771,243,1.75,12,1,15.6,1920,1080,141,0,5,0,8,240,16,0,0,2,1024.0,0,8.0,0,73190.0
3770,6,1400,168,2.2,12,1,15.6,1920,1080,141,0,3,0,4,160,4,0,0,4,1024.0,0,6.0,0,39990.0
3771,3,6290,292,1.21,12,1,14.0,1920,1080,157,1,4,0,12,44,8,0,0,4,1024.0,0,6.0,0,23990.0
3772,15,3148,156,1.6,12,1,14.0,1920,1080,157,0,5,0,3,199,4,0,0,2,1024.0,0,6.0,0,53000.0
3773,0,4500,32,2.2,11,1,15.6,1366,768,100,1,4,0,3,39,4,0,0,2,1024.0,0,4.0,0,32900.0
3774,2,7726,427,1.9,12,1,15.6,1920,1080,141,0,5,0,6,160,8,0,0,4,1024.0,0,6.0,0,48990.0
3775,2,6353,518,1.39,16,1,14.0,2880,1800,243,0,7,0,18,155,16,0,0,4,1024.0,0,6.0,0,84990.0
3776,2,2515,447,1.8,15,1,16.0,1920,1200,142,0,5,0,18,255,16,0,0,4,1024.0,0,6.0,0,69990.0
3777,15,2768,156,2.2,12,1,15.6,1366,768,100,1,4,0,1,44,4,0,0,4,1024.0,0,6.0,0,23990.0
3778,0,3513,28,1.45,16,1,14.0,1366,768,112,0,2,0,12,168,4,0,0,4,1024.0,0,6.0,0,37990.0
3779,9,1019,243,1.9,20,1,14.0,1366,768,112,0,3,0,3,119,4,0,0,4,500.0,0,6.0,0,49900.0
3780,15,7302,156,2.73,0,1,15.6,1366,768,100,0,3,0,3,129,4,0,0,4,1024.0,0,6.0,0,23990.0
3781,15,4477,156,1.8,0,1,14.0,1280,720,105,1,4,0,12,1,4,0,0,4,1024.0,0,3.0,0,18990.0
3782,15,4380,402,1.59,16,1,14.0,1920,1080,157,0,5,0,8,155,16,0,0,4,1024.0,0,11.9,0,65900.0
3783,2,7601,424,1.6,12,1,14.0,1920,1080,157,0,3,0,4,386,8,0,0,4,1024.0,0,6.0,0,24304.0
3784,9,1677,156,1.77,12,1,15.6,1920,1080,141,0,5,0,6,166,4,0,0,4,1024.0,0,6.0,0,44400.0
3785,0,3528,28,1.9,12,1,15.6,1920,1080,141,1,3,0,12,4,4,0,0,4,1024.0,0,11.0,0,35096.0
3786,15,4481,156,1.59,0,1,14.0,1366,768,112,1,4,0,12,4,4,0,0,4,1024.0,0,11.0,0,21990.0
3787,6,460,168,2.5,16,1,15.6,1920,1080,141,0,3,0,12,133,8,0,0,4,1024.0,0,6.0,0,35990.0
3788,16,3439,68,1.98,16,1,15.6,1920,1080,141,0,5,0,12,266,16,0,0,6,1024.0,0,6.0,0,101221.0
3789,9,1588,243,2.0,13,1,15.6,1920,1080,141,0,7,0,4,195,8,0,0,4,1024.0,0,6.0,0,76608.0
3790,2,4609,377,2.3,12,1,15.6,1920,1080,141,1,5,0,8,209,8,0,0,4,1024.0,0,6.0,0,74990.0
3791,2,6069,424,1.6,12,1,14.0,1920,1080,157,1,3,0,4,42,4,0,0,4,1024.0,0,6.0,0,32500.0
3792,15,3143,156,1.41,16,1,16.0,2240,1400,165,1,7,0,16,209,16,0,0,4,1024.0,0,10.0,0,81500.0
3793,15,7352,156,2.1,12,1,15.6,1366,768,100,1,4,0,1,4,4,0,0,4,1024.0,0,6.0,0,27000.0
3794,15,2784,156,2.2,12,1,15.6,1366,768,100,0,1,0,2,127,4,0,0,4,1024.0,0,6.0,0,19990.0
3795,2,4559,454,2.0,12,1,15.6,1366,768,100,0,1,0,2,120,4,0,0,4,1024.0,0,6.0,0,20990.0
3796,2,4749,375,2.0,12,1,15.6,1920,1080,141,0,5,0,8,256,16,0,0,4,1024.0,0,6.0,0,99000.0
3797,16,5322,156,2.5,12,1,15.6,1920,1080,141,0,7,0,9,291,16,0,0,8,1024.0,0,6.0,0,149900.0
3798,9,1599,156,2.19,11,1,15.6,1366,768,100,0,5,0,3,47,4,0,0,2,1024.0,0,6.0,0,44302.0
3799,15,7321,156,1.6,0,1,14.0,1366,768,112,0,3,0,4,160,4,0,0,4,1024.0,0,5.5,1,29990.0
3800,0,3683,30,2.2,12,1,15.6,1920,1080,141,0,5,0,6,312,8,0,0,2,1024.0,0,8.0,1,49990.0
3801,6,4921,156,2.51,15,1,15.6,1920,1080,141,1,7,0,16,259,16,0,0,6,1024.0,0,6.0,1,104090.0
3802,2,5094,304,2.5,16,1,16.0,2560,1600,189,0,9,0,36,267,16,0,0,8,1024.0,0,6.0,1,149990.0
3803,2,6086,441,1.4,12,1,14.0,1920,1080,157,1,7,0,12,4,8,0,0,4,1024.0,0,6.0,1,69990.0
3804,0,4011,40,1.8,16,1,15.6,1920,1080,141,0,5,0,8,155,8,0,0,4,1024.0,0,10.0,1,53990.0
3805,2,5788,449,1.6,16,1,15.6,1920,1080,141,0,5,0,12,155,16,0,0,4,1024.0,0,6.0,1,50990.0
3806,15,4424,402,1.7,12,1,15.6,1920,1080,141,0,3,0,6,160,4,0,0,4,1024.0,0,6.0,1,44990.0
3807,15,7377,156,1.8,12,1,15.6,1366,768,100,1,3,0,4,4,4,0,0,4,1024.0,0,6.0,1,30990.0
3808,0,6810,362,1.2,12,1,14.0,1920,1080,157,0,5,0,8,158,16,0,1,4,1024.0,0,6.0,1,64999.0
3809,16,4080,218,1.7,16,1,15.6,1920,1080,141,0,7,0,12,155,8,0,0,4,1024.0,0,6.0,1,42990.0
3810,6,1325,168,1.85,12,1,15.6,1920,1080,141,0,5,0,8,239,8,0,0,2,1024.0,0,6.0,1,66255.0
3811,15,3133,156,1.6,16,1,15.6,1920,1080,141,0,5,0,8,240,16,0,0,2,1024.0,0,6.0,1,70990.0
3812,2,7692,462,1.68,11,1,15.6,1366,768,100,0,2,0,4,162,4,0,0,4,1024.0,0,6.0,1,23990.0
3813,9,8087,243,1.52,16,1,14.0,1920,1080,157,0,7,1,12,155,16,0,0,4,1024.0,0,12.0,1,59500.0
3814,2,6377,424,1.6,16,1,14.0,2880,1800,243,0,3,0,10,168,8,0,0,4,1024.0,0,6.0,1,54990.0
3815,2,6756,458,2.24,12,1,15.6,1920,1080,141,0,7,0,12,239,8,0,0,2,1024.0,0,6.0,1,76587.0
3816,16,6557,156,1.29,12,1,14.0,1920,1080,157,0,5,0,6,315,8,0,0,2,1024.0,0,6.0,1,79990.0
3817,15,2800,156,2.2,12,1,15.6,1920,1080,141,0,5,0,8,201,8,0,1,4,1024.0,0,8.0,1,54990.0
3818,2,4781,380,2.3,12,1,15.6,1920,1080,141,0,7,0,24,255,8,0,0,4,1024.0,0,6.0,1,92990.0
3819,2,2526,447,1.8,16,1,16.0,1920,1200,142,0,5,0,12,248,8,0,1,4,1024.0,0,6.0,1,66990.0
3820,2,3740,454,1.9,11,1,15.6,1920,1080,141,0,3,0,3,190,4,0,0,2,1024.0,0,6.0,1,34990.0
3821,2,2527,447,1.8,16,1,16.0,1920,1080,138,0,5,0,12,248,16,0,1,4,1024.0,0,6.0,1,64990.0
3822,16,4063,65,2.25,16,1,15.6,1920,1080,141,0,7,0,12,259,16,0,0,6,1024.0,0,6.0,1,115990.0
3823,15,1503,385,1.7,12,1,15.0,1920,1080,147,0,5,0,8,160,8,0,0,4,1024.0,0,6.0,1,59990.0
3824,12,5379,125,1.99,16,1,16.0,1920,1200,142,0,5,0,12,255,16,0,0,6,1024.0,0,6.0,1,53990.0
3825,15,4473,156,2.2,0,1,14.0,1366,768,112,1,4,0,1,43,4,0,0,4,1024.0,0,4.0,1,24990.0
3826,6,3359,166,1.57,16,1,14.0,1920,1200,162,0,5,1,12,155,8,0,0,4,1024.0,0,6.0,1,74990.0
3827,2,7799,427,1.75,12,1,15.6,1920,1080,141,0,5,0,8,155,8,0,0,4,1024.0,0,6.0,1,53490.0
3828,16,4081,218,1.7,16,1,15.6,1920,1080,141,0,5,0,12,155,8,0,0,4,1024.0,0,6.0,1,43990.0
3829,15,6931,156,1.85,16,1,15.6,1920,1080,141,0,7,0,12,155,16,0,0,4,1024.0,0,8.0,1,81990.0
3830,15,6934,156,1.4,16,1,14.0,1920,1200,162,1,7,0,12,4,16,0,0,4,1024.0,0,6.0,1,62099.0
3831,15,4431,402,1.7,12,1,15.6,1920,1080,141,0,5,0,8,155,16,0,0,4,1024.0,0,6.0,1,79449.0
3832,12,5379,125,1.99,16,1,16.0,1920,1200,142,0,9,0,12,267,32,0,0,8,1024.0,0,6.0,1,109990.0
3833,0,7969,240,1.1,16,1,11.6,1366,768,135,0,1,0,12,160,8,0,0,4,1024.0,0,6.0,1,18990.0
3834,6,1384,460,2.28,12,1,15.6,1920,1080,141,0,5,0,6,7,8,0,0,2,1024.0,0,6.0,1,50990.0
3835,0,3508,28,1.9,16,1,14.0,1366,768,112,1,4,0,12,4,8,0,0,4,1024.0,0,8.0,1,21000.0
3836,2,6358,518,1.39,16,1,14.0,2880,1800,243,0,5,0,12,155,16,0,0,4,1024.0,0,18.0,1,72732.0
3837,9,8133,249,1.59,12,1,14.0,1920,1080,157,0,3,1,4,160,4,0,0,4,1024.0,0,6.0,1,57823.0
3838,6,2896,168,1.8,16,1,15.6,1920,1080,141,0,3,0,4,160,8,0,0,4,1024.0,0,7.0,1,45990.0
3839,16,577,178,2.25,16,1,15.6,1920,1080,141,0,5,0,12,256,16,0,0,4,1024.0,0,6.0,1,92359.0
3840,6,4913,156,2.51,16,1,15.6,1920,1080,141,0,9,0,24,259,16,0,0,6,1024.0,0,6.0,1,152097.0
3841,9,1805,232,2.36,12,1,15.6,1920,1080,141,0,7,0,12,184,16,0,0,4,1024.0,0,6.0,1,114990.0
3842,2,7778,427,1.75,12,1,15.6,1920,1080,141,0,5,0,6,237,8,0,0,2,1024.0,0,6.0,1,55990.0
3843,0,6838,363,1.05,12,1,14.0,1920,1080,157,0,7,0,12,155,16,0,0,4,1024.0,0,6.0,1,72999.0
3844,16,4065,65,2.47,16,1,15.6,2560,1440,188,0,7,0,12,261,16,0,0,8,1024.0,0,6.0,1,154391.0
3845,6,2934,460,1.8,16,1,15.6,1920,1080,141,1,4,0,4,4,8,0,0,4,1024.0,0,7.0,1,33374.0
3846,15,7387,156,1.7,12,1,15.0,1920,1080,147,0,5,0,8,160,8,0,0,4,1024.0,0,6.0,1,41990.0
3847,6,2945,168,1.65,16,1,15.6,1920,1080,141,0,5,0,12,160,8,0,0,4,1024.0,0,6.0,1,46999.0
3848,16,4203,216,1.4,16,1,14.0,1920,1080,157,0,5,0,12,155,8,0,0,4,1024.0,0,6.0,1,40990.0
3849,9,681,244,0.97,16,1,13.3,1920,1200,170,1,5,0,16,4,16,0,1,4,1024.0,0,6.0,1,84208.0
3850,15,7347,156,2.4,12,1,15.6,1366,768,100,1,4,0,2,42,4,0,0,4,1024.0,0,4.0,1,19674.0
3851,15,7337,156,1.57,0,1,14.0,1920,1080,157,0,3,0,10,160,8,0,0,4,1024.0,0,6.0,1,31250.0
3852,15,5581,156,2.2,16,1,15.6,1920,1080,141,0,7,0,12,209,8,0,0,4,1024.0,0,8.0,1,59990.0
3853,9,2328,156,1.65,16,1,15.6,1366,768,100,0,1,0,4,160,8,0,1,4,1024.0,0,12.0,1,31075.0
3854,7,3083,413,1.0,15,1,13.3,1920,1080,166,0,5,1,8,155,16,0,0,4,1024.0,0,11.0,1,83590.0
3855,25,2590,126,1.11,16,1,15.6,1920,1080,141,0,7,0,18,155,16,0,0,4,1024.0,0,6.0,1,92899.0
3856,9,1747,243,2.19,12,1,15.6,1920,1080,141,1,5,0,6,209,8,0,0,4,1024.0,0,6.0,1,64990.0
3857,16,532,122,1.8,16,1,15.6,1920,1080,141,0,7,0,12,248,16,0,0,4,1024.0,0,6.0,1,63475.0
3858,9,1651,243,2.02,12,1,15.6,1920,1080,141,0,7,0,8,195,8,0,0,4,2048.0,0,9.0,1,67474.0
3859,6,3193,166,1.5,16,1,14.0,1920,1080,157,0,7,1,12,155,16,0,0,4,1024.0,0,8.0,1,99956.0
3860,9,674,97,1.3,12,1,13.3,1920,1080,166,0,5,0,6,239,8,0,0,2,1024.0,0,6.0,1,81990.0
3861,15,3140,156,1.38,16,1,14.0,2240,1400,189,1,7,0,12,4,16,0,0,4,1024.0,0,6.0,1,69490.0
3862,9,5187,9,1.74,16,1,15.6,1366,768,100,0,3,0,6,168,8,0,0,4,1024.0,0,4.0,1,32900.0
3863,0,3867,17,1.99,16,1,15.6,1920,1080,141,0,5,0,12,248,16,0,0,4,1024.0,0,6.0,1,55200.0
3864,0,6825,362,2.0,7,1,15.6,1920,1080,141,0,5,0,6,166,8,0,0,4,1024.0,0,9.0,1,50990.0
3865,2,5374,297,2.5,11,1,15.6,1920,1080,141,0,7,0,6,365,8,0,0,4,1024.0,0,6.0,1,107990.0
3866,0,6839,364,1.13,12,1,13.3,1920,1080,166,0,5,0,4,128,8,0,0,4,1024.0,0,9.0,1,86108.0
3867,2,4645,379,2.6,16,1,17.3,1920,1080,127,1,5,0,11,209,8,0,0,4,1024.0,0,6.0,1,61990.0
3868,16,6203,156,1.19,12,1,14.0,1920,1080,157,0,7,0,8,316,8,0,0,2,1024.0,0,6.0,1,79990.0
3869,2,6125,437,1.8,16,1,15.6,1920,1080,141,1,7,0,20,255,16,0,0,4,1024.0,0,4.0,1,66800.0
3870,15,2776,156,2.2,12,1,15.6,1920,1080,141,0,5,0,6,8,4,0,1,4,1024.0,0,4.5,1,49990.0
3871,0,6830,362,2.1,12,1,15.6,1920,1080,141,0,5,0,6,313,8,0,1,2,1024.0,0,6.0,1,72964.0
3872,15,5538,156,2.59,16,1,16.0,1920,1200,142,0,7,0,24,259,16,0,0,6,1024.0,0,6.0,1,96698.0
3873,0,3914,225,2.5,16,1,15.6,1920,1080,141,1,7,0,12,255,16,0,0,4,1024.0,0,6.0,1,79990.0
3874,0,6516,258,2.6,16,1,16.0,1920,1080,138,0,9,0,12,267,16,0,0,8,1024.0,0,6.0,1,139990.0
3875,0,6831,362,1.7,12,1,15.6,1920,1080,141,0,5,0,6,235,8,0,1,2,1024.0,0,10.0,1,73025.0
3876,15,4394,402,1.59,16,1,14.0,1920,1080,157,0,3,0,10,160,8,0,1,4,1024.0,0,6.0,1,47099.0
3877,15,2492,191,2.49,16,1,16.0,2560,1600,189,1,7,0,16,259,16,0,1,6,1024.0,0,6.0,1,151688.0
3878,15,2813,156,1.67,12,1,14.0,1920,1080,157,0,3,0,4,166,4,0,0,4,1024.0,0,6.0,1,38590.0
3879,0,3911,225,2.5,16,1,15.6,1920,1080,141,1,7,0,12,255,8,0,0,4,1024.0,0,6.0,1,75500.0
3880,6,2893,168,1.8,16,1,15.6,1920,1080,141,0,5,0,8,160,8,0,0,4,1024.0,0,7.0,1,56990.0
3881,15,7943,189,2.95,12,1,15.6,1920,1080,141,0,7,0,6,206,16,0,0,6,2048.0,0,5.0,1,149990.0
3882,6,1477,463,1.8,12,1,15.6,1920,1080,141,0,7,0,9,205,8,0,0,4,1024.0,0,6.0,1,131805.0
3883,16,540,179,2.6,16,1,17.3,1920,1080,127,0,7,0,12,256,16,0,0,4,1024.0,0,6.0,1,90490.0
3884,2,857,433,1.38,16,1,14.0,1920,1080,157,1,3,0,4,4,8,0,0,4,1024.0,0,6.0,1,38990.0
3885,15,3141,156,1.38,16,1,14.0,2240,1400,189,1,7,0,20,4,16,0,0,4,1024.0,0,15.0,1,75990.0
3886,15,1505,385,1.7,12,1,15.0,1920,1080,147,0,5,0,8,160,8,0,0,4,1024.0,0,6.0,1,56970.0
3887,0,7097,412,1.68,12,1,14.0,1920,1080,157,0,5,0,8,155,16,0,0,4,1024.0,0,8.0,1,49990.0
3888,6,1313,168,1.83,12,1,15.6,1920,1080,141,1,3,0,4,4,4,0,0,4,1024.0,0,7.0,1,39380.0
3889,6,4900,156,2.44,16,1,15.6,1920,1080,141,0,7,0,12,259,16,0,0,6,1024.0,0,6.0,1,149500.0
3890,9,927,243,1.59,12,1,14.0,1920,1080,157,0,7,0,8,315,8,0,0,2,1024.0,0,6.0,1,71290.0
3891,9,5168,5,1.69,16,1,14.0,1920,1080,157,1,3,0,4,4,8,0,0,4,1024.0,0,4.0,1,26490.0
3892,15,7357,156,1.85,12,1,15.0,1920,1080,147,0,1,0,4,160,4,0,0,4,1024.0,0,6.0,1,27700.0
3893,25,2589,126,0.87,16,1,13.3,1920,1080,166,0,7,0,18,155,16,0,0,4,1024.0,0,21.0,1,95999.0
3894,2,7217,510,1.3,16,1,13.3,1920,1080,166,0,5,1,8,155,16,0,0,4,1024.0,0,6.0,1,87990.0
3895,1,6177,204,1.83,25,1,15.4,2880,1800,221,0,9,0,16,36,16,0,0,4,1024.0,0,10.0,1,207040.0
3896,9,8039,48,1.34,3,1,13.3,1920,1080,166,3,4,1,2,175,8,0,1,4,1024.0,0,6.0,1,34990.0
3897,6,3355,166,1.57,16,1,14.0,1920,1080,157,0,7,1,12,241,16,0,0,2,1024.0,0,7.0,1,102490.0
3898,9,966,243,1.41,16,1,14.0,1920,1080,157,1,5,0,8,4,8,0,0,4,1024.0,0,6.0,1,50990.0
3899,9,2642,13,1.74,0,1,15.6,1366,768,100,1,5,0,4,86,8,0,0,4,1024.0,0,6.0,1,37975.0
3900,16,5478,156,2.7,12,1,17.3,1920,1080,127,0,7,0,6,288,8,0,0,4,1024.0,0,6.0,1,108990.0
3901,15,3171,156,2.2,12,1,15.6,1920,1080,141,0,7,0,4,200,16,0,0,4,2048.0,0,6.0,1,85760.0
3902,16,5404,156,1.8,14,1,15.6,1920,1080,141,0,7,0,6,287,8,0,0,2,1024.0,0,6.0,1,74990.0
3903,15,142,159,1.65,12,1,15.6,1920,1080,141,0,5,0,8,155,8,0,0,4,1024.0,0,6.0,1,57990.0
3904,15,172,191,2.49,16,1,16.0,2560,1600,189,1,7,0,16,261,32,0,1,8,1024.0,0,9.0,1,125190.0
3905,9,1551,243,2.23,16,1,15.6,1920,1080,141,0,7,0,12,255,16,0,0,4,1024.0,0,6.0,1,89490.0
3906,6,2897,168,1.8,16,1,15.6,1920,1080,141,0,3,0,4,160,8,0,0,4,1024.0,0,7.0,1,37143.0
3907,0,3686,30,2.15,12,1,15.6,1920,1080,141,0,3,0,3,129,4,0,0,4,1024.0,0,9.0,1,23990.0
3908,15,5672,147,1.55,16,1,14.0,1920,1200,162,1,7,1,8,4,16,0,0,4,1024.0,0,9.0,1,75000.0
3909,15,3175,156,1.7,12,1,14.0,1920,1080,157,0,5,0,3,129,8,0,0,4,1024.0,0,6.0,1,80390.0
3910,2,5367,307,2.4,12,1,15.6,1920,1080,141,0,7,0,9,206,16,0,0,6,1024.0,0,6.0,1,129791.0
3911,6,3218,166,1.59,16,1,14.0,2220,1080,176,0,5,0,12,160,8,0,0,4,1024.0,0,4.0,1,53990.0
3912,15,6672,156,1.55,12,1,14.0,1920,1080,157,0,5,0,6,166,8,0,0,4,1024.0,0,8.0,1,57741.0
3913,2,6716,447,1.43,12,1,14.0,1920,1080,157,0,7,0,8,166,8,0,0,4,1024.0,0,6.0,1,77990.0
3914,9,1781,243,1.74,16,1,15.6,1920,1080,141,0,5,0,12,155,16,0,1,4,1024.0,0,6.0,1,71990.0
3915,2,6341,518,1.39,16,1,14.0,2880,1800,243,1,5,0,12,4,16,0,0,4,1024.0,0,6.0,1,74990.0
3916,2,7492,427,1.7,16,1,15.6,1920,1080,141,0,5,0,18,155,16,0,1,4,1024.0,0,6.0,1,64990.0
3917,2,5368,307,2.4,12,1,15.6,1920,1080,141,0,7,0,9,206,16,0,0,6,1024.0,0,6.0,1,129791.0
3918,6,1427,168,2.2,12,1,15.6,1920,1080,141,0,5,0,6,166,8,0,0,4,1024.0,0,6.0,1,55532.0
3919,9,2361,156,1.69,16,1,15.6,1920,1080,141,0,3,0,10,160,8,0,0,4,1024.0,0,7.3,1,37555.0
3920,15,3151,162,1.7,14,1,14.0,1366,768,112,0,5,1,3,40,8,0,0,2,1024.0,0,6.0,1,69088.0
3921,6,3217,166,1.53,15,1,14.0,1920,1200,162,0,5,0,12,155,16,0,0,4,1024.0,0,6.0,1,61990.0
3922,6,3219,166,1.53,16,1,14.0,1920,1200,162,0,5,0,12,155,16,0,0,4,1024.0,0,6.0,1,72690.0
3923,15,6671,156,1.7,12,1,14.0,1920,1080,157,0,5,0,6,166,8,0,0,4,1024.0,0,5.5,1,55257.0
3924,0,6817,362,1.8,7,1,14.0,1920,1080,157,0,3,0,3,129,4,0,0,4,1024.0,0,10.0,1,33990.0
3925,6,2890,168,1.8,15,1,15.6,1920,1080,141,0,3,0,6,160,8,0,0,4,1024.0,0,7.0,1,42990.0
3926,15,2799,156,2.2,12,1,15.6,1920,1080,141,0,5,0,8,287,8,0,0,2,1024.0,0,8.0,1,58244.0
3927,6,3352,166,1.57,15,1,14.0,1920,1080,157,0,5,1,12,133,16,0,0,4,1024.0,0,6.0,1,82990.0
3928,2,4655,379,2.6,16,1,17.3,1920,1080,127,1,7,0,20,259,16,0,0,6,1024.0,0,10.0,1,105000.0
3929,0,3522,28,1.9,12,1,15.6,1366,768,100,1,4,0,1,44,4,0,0,4,1024.0,0,6.0,1,69990.0
3930,0,6466,254,2.7,16,1,16.0,2560,1600,189,0,7,0,30,267,16,0,0,8,1024.0,0,6.0,1,129990.0
3931,9,1539,156,1.86,0,1,15.6,1366,768,100,0,1,0,2,116,4,0,0,4,1024.0,0,6.0,1,23244.0
3932,9,1707,232,2.32,12,1,15.6,3840,2160,282,0,7,0,9,249,16,0,0,8,1024.0,0,6.0,1,164345.0
3933,0,6962,48,1.2,3,1,13.3,1920,1080,166,3,4,1,12,133,8,0,0,4,1024.0,0,13.5,1,54990.0
3934,2,5254,318,1.6,16,1,14.0,2560,1440,210,1,7,0,20,255,16,0,0,4,1024.0,0,6.0,1,107990.0
3935,9,8047,249,1.59,12,1,14.0,1920,1080,157,0,7,1,8,234,12,0,0,4,1024.0,0,6.0,1,102300.0
3936,0,3966,225,2.7,12,1,17.3,1920,1080,127,0,5,0,8,304,8,0,0,6,1024.0,0,6.0,1,74990.0
3937,0,3516,28,1.4,16,1,14.0,1920,1080,157,0,3,0,12,160,8,0,0,4,1024.0,0,6.0,1,45999.0
3938,6,3196,166,1.65,16,1,14.0,1920,1080,157,0,5,1,8,155,8,0,0,4,1024.0,0,6.0,1,72890.0
3939,18,6968,156,1.26,15,1,13.5,2256,1504,201,1,5,1,12,4,8,0,0,4,1024.0,0,19.0,1,102000.0
3940,16,4098,175,2.6,16,1,17.3,1920,1080,127,0,7,0,12,266,16,0,0,6,1024.0,0,6.0,1,97990.0
3941,15,122,488,1.3,12,1,14.0,1920,1080,157,0,7,1,12,155,16,0,0,4,1024.0,0,6.0,1,102990.0
3942,2,7245,518,1.19,12,1,14.0,1920,1080,157,0,5,0,6,313,8,0,0,2,1024.0,0,6.0,1,80990.0
3943,16,3436,63,2.26,16,1,16.0,2560,1660,191,0,7,0,12,273,16,0,0,4,1024.0,0,6.0,1,106999.0
3944,2,6346,525,1.4,16,1,14.0,2880,1800,243,0,5,1,18,155,16,0,0,4,1024.0,0,6.0,1,74990.0
3945,6,835,166,1.5,12,1,14.0,1920,1080,157,0,5,0,8,155,16,0,0,4,1024.0,0,6.0,1,78890.0
3946,9,2429,423,2.48,16,1,16.1,1920,1080,137,1,7,0,16,259,16,0,0,6,1024.0,0,6.0,1,89990.0
3947,15,2765,156,2.2,12,1,15.6,1366,768,100,1,4,0,1,43,4,0,0,4,1024.0,0,6.0,1,25388.0
3948,0,6225,226,2.2,12,1,15.6,1920,1080,141,0,5,1,6,201,8,0,0,4,1024.0,0,6.0,1,79258.0
3949,6,4908,156,2.57,16,1,15.6,1920,1080,141,0,7,0,24,256,16,0,0,4,1024.0,0,10.0,1,115990.0
3950,15,4441,402,1.7,16,1,15.6,1920,1080,141,0,3,0,6,160,8,0,0,4,1024.0,0,10.8,1,41990.0
3951,2,5138,305,2.9,16,1,17.3,1920,1080,127,1,7,0,20,259,16,0,0,6,1024.0,0,6.0,1,148990.0
3952,9,1836,423,2.29,16,1,15.6,1920,1080,141,0,5,0,12,209,8,0,0,4,1024.0,0,8.45,1,53990.0
3953,9,924,243,1.59,12,1,14.0,1920,1080,157,0,5,0,6,237,8,0,0,2,1024.0,0,6.0,1,61990.0
3954,9,2307,156,1.69,16,1,15.6,1366,768,100,1,3,0,1,4,8,0,0,4,1024.0,0,6.0,1,35990.0
3955,0,6845,366,1.25,16,1,14.0,1920,1080,157,1,5,0,12,4,8,0,0,4,1024.0,0,6.0,1,46990.0
3956,9,1889,423,2.37,16,1,15.6,1920,1080,141,1,5,0,16,255,8,0,0,4,1024.0,0,6.0,1,57990.0
3957,9,2277,156,1.75,16,1,15.6,1920,1080,141,0,5,0,8,240,8,0,0,2,1024.0,0,9.0,1,46900.0
3958,2,6773,443,1.7,16,1,15.6,2880,1620,212,0,7,0,12,155,16,0,0,4,1024.0,0,6.0,1,87990.0
3959,15,2092,158,2.25,12,1,15.6,1920,1080,141,0,7,0,12,255,8,0,0,4,1024.0,0,6.0,1,72990.0
3960,15,1493,385,1.7,16,1,15.6,1920,1080,141,0,5,0,12,155,16,0,0,4,1024.0,0,6.0,1,39990.0
3961,6,1431,168,2.2,11,1,15.6,1920,1080,141,0,5,0,6,8,8,0,0,4,2048.0,0,6.0,1,67496.0
3962,2,5266,318,1.6,12,1,14.0,1920,1080,157,1,7,0,20,209,16,0,0,4,1024.0,0,6.0,1,79990.0
3963,2,4681,374,2.2,12,1,15.6,1920,1080,141,0,7,0,4,205,8,0,0,4,1024.0,0,6.0,1,89990.0
3964,9,1650,243,2.02,12,1,15.6,1920,1080,141,0,5,0,6,195,8,0,0,4,2048.0,0,9.2,1,60115.0
3965,15,4864,156,1.5,16,1,14.0,1920,1200,162,0,5,1,12,156,16,0,0,4,1024.0,0,9.0,1,63990.0
3966,16,565,178,2.25,16,1,15.6,1920,1080,141,0,7,0,12,255,16,0,0,4,1024.0,0,6.0,1,85990.0
3967,9,1717,232,2.24,12,1,15.6,1920,1080,141,0,7,0,12,250,16,0,0,8,1024.0,0,6.0,1,168577.0
3968,16,515,179,2.6,16,1,17.3,1920,1080,127,0,5,0,12,209,8,0,0,4,1024.0,0,6.0,1,78990.0
3969,0,6477,255,2.7,12,1,15.6,1920,1080,141,0,7,0,9,206,16,0,0,6,1024.0,0,7.0,1,119990.0
3970,9,958,243,1.41,16,1,14.0,1920,1080,157,0,5,0,12,160,16,0,0,4,1024.0,0,6.0,1,70990.0
3971,16,570,178,2.25,16,1,15.6,1920,1080,141,0,7,0,12,255,8,0,0,4,1024.0,0,6.0,1,84990.0
3972,2,7285,514,2.5,12,1,15.6,3840,2160,282,0,9,0,16,318,32,0,0,6,1024.0,0,6.0,1,259990.0
3973,0,6478,255,2.7,12,1,15.6,1920,1080,141,0,5,0,8,206,8,0,1,6,2048.0,0,7.0,1,81990.0
3974,0,6840,364,1.12,12,1,13.3,1920,1080,166,0,5,0,4,128,8,0,0,4,1024.0,0,8.0,1,68999.0
3975,15,5673,147,1.55,16,1,14.0,1920,1200,162,1,5,1,8,4,16,0,0,4,1024.0,0,9.0,1,59990.0
3976,13,2580,532,2.5,16,1,17.0,2560,1600,178,0,7,0,18,155,16,0,0,4,1024.0,0,6.0,1,136747.0
3977,9,2337,156,1.69,16,1,15.6,1920,1080,141,0,3,0,10,160,8,0,0,4,1024.0,0,3.0,1,34720.0
3978,6,833,166,1.5,12,1,14.0,1920,1080,157,0,5,1,8,142,8,0,0,2,1024.0,0,6.0,1,79122.0
3979,15,7928,189,2.3,12,1,15.6,1920,1080,141,0,5,0,8,370,8,0,0,4,1024.0,0,6.0,1,98890.0
3980,2,5059,310,2.57,12,1,15.6,1920,1080,141,0,7,0,12,250,16,0,0,8,1024.0,0,6.0,1,164990.0
3981,13,2581,532,2.5,15,1,17.0,2560,1600,178,0,7,0,18,155,16,0,0,4,1024.0,0,6.0,1,177000.0
3982,2,5757,447,1.8,16,1,15.6,1920,1080,141,0,5,0,8,155,8,0,0,4,1024.0,0,8.0,1,64990.0
3983,15,3167,479,2.2,12,1,14.0,1920,1080,157,0,3,1,4,166,4,0,0,4,1024.0,0,6.0,1,43990.0
3984,2,7505,427,1.7,16,1,15.6,1920,1080,141,0,5,0,10,155,8,0,0,4,1024.0,0,6.0,1,47990.0
3985,15,1114,147,1.5,16,1,14.0,1920,1200,162,0,5,0,12,133,16,0,0,4,1024.0,0,11.0,1,74990.0
3986,9,5215,9,1.74,16,1,15.6,1366,768,100,0,3,0,10,155,8,0,0,4,1024.0,0,6.0,1,33499.0
3987,6,1296,168,1.83,12,1,15.6,1920,1080,141,0,3,0,6,160,8,0,0,4,1024.0,0,7.0,1,43230.0
3988,2,6959,520,1.4,16,1,14.0,2880,1800,243,0,5,1,18,155,16,0,0,4,1024.0,0,10.0,1,106059.0
3989,9,678,101,1.32,12,1,13.3,1920,1080,166,0,5,1,8,155,8,0,0,4,1024.0,0,6.0,1,85990.0
3990,6,2884,168,1.8,15,1,15.6,1920,1080,141,0,5,0,8,239,8,0,0,4,1024.0,0,6.0,1,41500.0
3991,15,7386,156,1.7,12,1,15.0,1920,1080,147,0,5,0,8,160,8,0,0,4,1024.0,0,6.0,1,45249.0
3992,0,3706,30,1.76,16,1,15.6,1920,1080,141,0,3,0,12,160,8,0,0,4,1024.0,0,6.0,1,34500.0
3993,15,2822,156,2.1,12,1,15.6,1920,1080,141,0,3,0,3,129,4,0,0,4,1024.0,0,6.0,1,30059.0
3994,16,6207,156,1.3,12,1,14.0,1920,1080,157,0,7,0,8,160,8,0,0,4,1024.0,0,6.0,1,56990.0
3995,0,6841,366,1.25,16,1,14.0,1920,1080,157,1,5,0,16,4,8,0,0,4,1024.0,0,6.0,1,54980.0
3996,2,4831,382,2.22,12,1,17.3,1920,1080,127,0,5,0,8,212,8,0,0,4,1024.0,0,6.0,1,70990.0
3997,2,7265,522,1.62,16,1,14.0,1920,1080,157,0,5,1,8,240,16,0,0,2,1024.0,0,6.0,1,89990.0
3998,9,1716,232,2.24,12,1,15.6,1920,1080,141,0,7,0,12,249,16,0,0,6,1024.0,0,6.0,1,154777.0
3999,0,3819,34,1.59,16,1,15.6,1920,1080,141,1,7,0,12,4,16,0,0,4,1024.0,0,6.0,0,46999.0
4000,0,3539,28,1.78,16,1,15.6,1920,1080,141,1,5,0,12,4,8,0,0,4,1024.0,0,6.0,0,37999.0
4001,0,3978,227,2.1,16,1,15.6,1920,1080,141,0,5,0,12,266,16,0,0,6,1024.0,0,6.0,0,79999.0
4002,0,3812,34,1.59,16,1,15.6,1920,1080,141,1,7,0,12,4,16,0,0,4,1024.0,0,6.0,0,46999.0
4003,0,3997,227,2.1,16,1,15.6,1920,1080,141,0,5,0,12,248,8,0,0,4,1024.0,0,6.0,0,65999.0
4004,15,25,390,2.2,18,1,14.0,1920,1200,162,0,5,0,12,155,16,0,0,4,1024.0,0,6.0,0,87990.0
4005,9,312,282,1.38,18,1,14.0,1920,1080,157,1,7,0,16,4,16,0,0,4,1024.0,0,6.0,0,91400.0
4006,15,10,397,2.2,18,1,16.0,1920,1200,142,0,7,0,12,354,16,0,0,6,1024.0,0,6.0,0,164991.0
4007,15,204,475,2.2,16,1,14.0,1920,1200,162,0,7,1,12,155,16,0,1,4,1024.0,0,6.0,0,102990.0
4008,15,228,475,2.2,16,1,14.0,1920,1200,162,0,4,1,18,107,16,0,0,4,1024.0,0,6.0,0,101991.0
4009,15,5685,155,2.2,16,1,14.0,1920,1200,162,1,7,0,12,4,16,0,1,4,1024.0,0,6.0,0,61990.0
4010,2,4703,380,2.3,16,1,15.6,1920,1080,141,0,5,0,12,248,8,0,0,4,1024.0,0,6.0,0,49990.0
4011,15,205,475,2.2,16,1,16.0,2560,1600,189,0,5,1,12,155,16,0,1,4,1024.0,0,6.0,0,94990.0
4012,15,217,150,2.2,16,1,16.0,2048,1280,151,0,4,1,24,266,32,0,0,6,1024.0,0,6.0,0,151190.0
4013,15,208,151,2.2,16,1,16.0,2560,1600,189,0,7,0,12,255,16,0,1,6,1024.0,0,6.0,0,104991.0
4014,6,446,24,2.72,16,1,16.0,2560,1600,189,0,4,0,24,269,32,0,1,12,1024.0,0,6.0,0,395490.0
4015,6,447,24,2.72,16,1,16.0,2560,1600,189,0,4,0,24,270,32,0,0,16,1024.0,0,6.0,0,461990.0
4016,16,3428,68,1.98,16,1,15.6,1920,1080,141,0,5,0,12,248,8,0,0,4,1024.0,0,3.0,0,54990.0
4017,15,5608,390,1.59,18,1,14.0,1920,1080,157,0,5,0,12,155,8,0,0,4,1024.0,0,6.0,0,78999.0
4018,15,39,387,2.2,18,1,14.0,1920,1200,162,0,5,0,12,160,8,0,0,4,1024.0,0,6.0,0,76990.0
4019,6,378,185,2.2,18,1,13.3,1920,1200,170,0,4,0,12,133,16,0,0,4,1024.0,0,6.0,0,125992.0
4020,6,376,184,2.2,18,1,14.0,1920,1080,157,0,4,0,12,133,8,0,0,4,1024.0,0,6.0,0,110319.0
4021,6,388,252,2.2,18,1,14.0,1920,1200,162,0,4,0,24,107,32,0,0,4,1024.0,0,6.0,0,239125.0
4022,15,5694,155,1.4,16,1,14.0,1920,1200,162,1,7,0,12,4,16,0,0,4,1024.0,0,8.0,0,65390.0
4023,6,379,186,2.2,18,1,14.0,1920,1200,162,0,4,0,12,133,16,0,0,4,1024.0,0,6.0,0,131755.0
4024,15,5635,390,1.41,18,1,14.0,1920,1200,162,1,5,0,16,4,8,0,0,4,1024.0,0,12.38,0,48399.0
4025,6,377,185,2.2,18,1,13.0,2880,1920,266,0,4,1,12,133,16,0,0,4,1024.0,0,6.0,0,173236.0
4026,9,271,495,1.45,18,1,14.0,1920,1200,162,0,7,1,12,155,16,0,0,4,1024.0,0,6.0,0,147999.0
4027,6,380,187,2.2,18,1,14.0,2560,1600,216,0,4,1,12,133,16,0,0,4,1024.0,0,6.0,0,260663.0
4028,9,277,495,1.72,18,1,16.0,1920,1200,142,0,7,0,12,155,16,0,0,4,1024.0,0,6.0,0,118399.0
4029,15,5712,390,1.41,16,1,14.0,1920,1200,162,0,5,0,12,155,16,0,0,4,1024.0,0,6.0,0,74990.0
4030,9,268,495,1.72,18,1,16.0,1920,1200,142,0,7,0,12,355,16,0,0,4,1024.0,0,6.0,0,161999.0
4031,15,4940,388,1.7,16,1,15.6,1920,1080,141,1,7,0,16,4,16,0,0,4,1024.0,0,8.8,0,62990.0
4032,9,75,285,1.74,0,1,15.6,1920,1080,141,0,5,0,12,155,8,0,0,4,1024.0,0,6.0,0,68529.0
4033,15,184,156,1.43,18,1,14.0,1920,1080,157,0,3,0,10,160,8,0,0,4,1024.0,0,5.8,0,44990.0
4034,15,109,159,1.7,16,1,15.6,1920,1080,141,0,3,0,6,160,8,0,1,4,1024.0,0,8.0,0,33990.0
4035,2,5135,305,2.5,16,1,17.0,1920,1080,130,1,7,0,20,255,16,0,1,4,1024.0,0,6.0,0,89999.0
4036,6,2593,22,2.61,16,1,16.0,1920,1080,141,0,4,0,24,267,16,0,0,8,1024.0,0,6.0,0,161340.0
4037,2,6128,455,1.8,16,1,15.6,1920,1080,141,1,7,0,16,255,16,0,0,4,1024.0,0,6.0,0,71990.0
4038,6,2593,22,2.61,16,1,16.0,1920,1080,141,0,4,0,24,268,16,0,0,8,1024.0,0,6.0,0,194990.0
4039,2,4816,382,2.6,16,1,17.0,1920,1080,130,0,5,0,12,248,8,0,1,4,1024.0,0,6.0,0,53001.0
4040,0,3994,227,2.1,16,1,15.6,1920,1080,141,0,5,0,12,255,8,0,0,6,1024.0,0,6.0,0,69999.0
4041,0,3722,30,1.78,16,1,15.6,1920,1080,141,0,5,0,12,248,16,0,0,4,1024.0,0,6.0,0,56999.0
4042,15,5692,472,2.2,16,1,13.3,1920,1200,170,1,7,1,12,4,16,0,0,4,1024.0,0,6.0,0,84542.0
4043,0,3992,227,2.1,16,1,15.6,1920,1080,141,0,5,0,12,255,16,0,0,6,1024.0,0,6.0,0,76999.0
4044,0,3721,30,1.78,16,1,15.6,1920,1080,141,0,5,0,12,248,8,0,0,4,1024.0,0,6.0,0,61999.0
4045,0,3731,30,1.75,16,1,15.6,1920,1080,141,0,5,0,12,155,8,0,0,4,1024.0,0,6.0,0,51999.0
4046,15,2504,199,2.0,16,1,16.0,3200,2000,236,0,7,0,24,267,16,0,0,8,1024.0,0,6.5,0,158990.0
4047,2,7558,429,1.88,16,1,16.0,1920,1200,142,0,5,0,18,155,8,0,0,4,1024.0,0,6.0,0,49990.0
4048,16,514,122,1.86,16,1,15.6,1920,1080,141,0,5,0,12,209,16,0,0,4,1024.0,0,6.0,0,51490.0
4049,9,308,499,2.4,18,1,16.0,1920,1200,142,0,9,0,36,350,32,0,0,12,1024.0,0,6.0,0,385999.0
4050,9,284,496,1.4,18,1,14.0,1920,1200,162,1,5,0,16,4,16,0,0,4,1024.0,0,6.0,0,119999.0
4051,15,196,180,2.2,16,1,15.6,1920,1080,141,1,5,0,12,255,16,0,0,6,1024.0,0,6.0,0,67990.0
4052,9,309,504,1.73,18,1,16.0,1920,1200,142,0,9,0,24,268,32,0,0,8,1024.0,0,6.0,0,393235.0
4053,9,302,501,2.01,18,1,15.6,1920,1080,141,1,4,0,16,354,16,0,0,6,1024.0,0,6.0,0,214999.0
4054,15,35,392,2.2,16,1,16.0,1920,1200,142,1,5,0,12,4,16,0,0,4,1024.0,0,6.0,0,56990.0
4055,15,34,390,2.2,16,1,14.0,1920,1200,162,1,7,0,12,4,16,0,0,4,1024.0,0,6.0,0,67990.0
4056,9,292,499,2.4,18,1,16.0,1920,1200,142,0,9,0,36,351,32,0,0,12,1024.0,0,6.0,0,415655.0
4057,9,298,496,1.4,18,1,14.0,1920,1080,157,1,4,0,16,4,32,0,0,4,1024.0,0,6.0,0,169999.0
4058,15,16,398,2.2,18,1,14.0,2240,1400,189,0,5,0,12,160,16,0,0,4,1024.0,0,6.0,0,119991.0
4059,9,297,496,1.4,18,1,14.0,1920,1200,162,1,7,0,16,4,16,0,0,4,1024.0,0,6.0,0,139999.0
4060,9,304,501,2.01,18,1,15.6,1920,1080,141,1,4,0,16,346,32,0,0,8,1024.0,0,6.0,0,241999.0
4061,9,306,501,2.01,18,1,15.6,1920,1080,141,1,4,0,16,354,32,0,0,6,1024.0,0,6.0,0,239999.0
4062,15,33,390,2.2,18,1,14.0,1920,1200,162,1,7,0,12,4,16,0,0,4,1024.0,0,6.0,0,79991.0
4063,9,301,501,2.01,18,1,15.6,1920,1080,141,1,7,0,16,354,32,0,0,6,1024.0,0,6.0,0,197999.0
4064,9,305,501,2.01,18,1,15.6,1920,1080,141,1,7,0,16,354,16,0,0,6,1024.0,0,6.0,0,187999.0
4065,15,5710,394,1.34,18,1,14.0,1920,1200,162,1,7,0,16,133,32,0,0,4,1024.0,0,6.0,0,109990.0
4066,9,303,501,2.01,18,1,15.6,1920,1080,141,1,4,0,16,346,16,0,0,8,1024.0,0,6.0,0,227999.0
4067,9,2338,156,1.69,16,1,15.6,1920,1080,141,0,3,0,10,160,8,0,0,4,1024.0,0,6.0,0,36999.0
4068,15,8,401,2.2,18,1,13.3,1920,1200,170,0,7,0,12,155,32,0,0,4,1024.0,0,6.0,0,149991.0
4069,15,29,392,2.2,16,1,16.0,1920,1200,142,0,5,0,12,155,16,0,0,4,1024.0,0,6.0,0,69991.0
4070,15,9,401,2.2,18,1,13.3,1920,1200,170,0,5,0,12,155,16,0,0,4,1024.0,0,6.0,0,129991.0
4071,15,206,415,2.2,16,1,15.6,1920,1080,141,1,5,0,12,13,8,0,0,4,1024.0,0,6.0,0,31991.0
4072,15,218,150,2.2,16,1,16.0,2048,1280,151,0,4,0,24,133,16,0,0,4,1024.0,0,6.0,0,92217.0
4073,15,30,392,2.2,16,1,16.0,1920,1200,142,0,3,0,12,160,8,0,0,4,1024.0,0,6.0,0,48990.0
4074,15,24,400,2.2,18,1,14.0,1920,1200,162,0,7,1,12,155,32,0,0,4,1024.0,0,6.0,0,199991.0
4075,15,40,389,2.2,16,1,16.0,1920,1200,142,0,5,0,12,155,16,0,0,4,1024.0,0,6.0,0,59990.0
4076,15,23,399,2.2,18,1,14.0,1920,1200,162,0,7,0,12,155,32,0,0,4,1024.0,0,6.0,0,199991.0
4077,15,214,488,2.2,16,1,14.0,1920,1200,162,0,4,0,18,133,16,0,0,4,1024.0,0,6.0,0,83601.0
4078,15,220,155,2.2,16,1,16.0,1920,1200,142,0,4,0,18,107,16,0,0,4,1024.0,0,6.0,0,78990.0
4079,15,207,194,2.2,16,1,16.0,3200,2000,236,0,9,0,12,269,32,0,1,12,1024.0,0,6.0,0,374736.0
4080,15,244,180,2.2,16,1,15.6,1920,1080,141,0,7,0,12,267,16,0,0,8,1024.0,0,6.0,0,123491.0
4081,6,443,23,4.23,16,1,18.0,2560,1600,168,0,9,0,36,268,32,0,0,8,1024.0,0,6.0,0,296490.0
4082,15,243,180,2.45,16,1,15.6,1920,1080,141,0,5,0,12,255,16,0,0,6,1024.0,0,6.0,0,78490.0
4083,15,18,398,2.2,18,1,14.0,1920,1200,162,0,7,0,12,155,32,0,1,4,1024.0,0,6.0,0,142990.0
4084,15,26,390,2.2,18,1,14.0,1920,1200,162,0,7,0,12,155,16,0,1,4,1024.0,0,6.0,0,112990.0
4085,15,6,387,2.2,18,1,14.0,1920,1080,157,0,7,0,12,155,16,0,1,4,1024.0,0,6.0,0,90991.0
4086,15,5709,394,1.34,18,1,14.0,1920,1200,162,0,7,0,18,355,16,0,0,4,1024.0,0,6.0,0,129990.0
4087,15,264,180,2.45,16,1,15.6,1920,1080,141,0,5,0,12,248,12,0,0,4,1024.0,0,6.0,0,57991.0
4088,9,69,88,1.32,18,1,14.0,1920,1080,157,0,5,1,8,155,16,0,0,4,1024.0,0,6.0,0,90000.0
4089,15,261,194,2.6,16,1,16.0,3200,2000,236,0,9,0,36,270,64,0,0,16,1024.0,0,6.0,0,462490.0
4090,9,282,79,1.34,18,1,14.0,2560,1600,216,0,7,1,12,155,32,0,0,4,1024.0,0,6.0,0,139274.0
4091,15,263,180,2.45,16,1,15.6,1920,1080,141,0,5,0,12,266,16,0,0,6,1024.0,0,6.0,0,75991.0
4092,15,238,180,2.45,16,1,15.6,1920,1080,141,0,7,0,12,255,16,0,0,6,1024.0,0,6.0,0,90491.0
4093,15,241,180,2.45,16,1,15.6,1920,1080,141,0,7,0,12,266,16,0,0,6,1024.0,0,6.0,0,105491.0
4094,9,989,246,1.38,16,1,14.0,1920,1200,162,0,5,0,12,155,16,0,0,4,1024.0,0,6.0,0,75999.0
4095,0,3538,28,1.78,16,1,15.6,1920,1080,141,1,5,0,12,4,16,0,0,4,1024.0,0,6.0,0,36990.0
4096,9,336,86,1.36,18,1,14.0,1920,1200,162,0,7,0,12,160,16,0,0,4,1024.0,0,6.0,0,118811.0
4097,9,337,86,1.36,18,1,14.0,1920,1200,162,0,7,0,12,160,32,0,0,4,1024.0,0,6.0,0,124092.0
4098,9,68,89,1.77,18,1,15.6,1920,1080,141,0,7,0,12,240,16,0,1,2,1024.0,0,6.0,0,99500.0
4099,0,4278,50,1.68,3,1,15.6,1920,1080,141,0,5,0,12,160,8,0,0,4,1024.0,0,6.0,0,59990.0
4100,9,338,81,1.3,18,1,13.3,1920,1200,170,0,7,1,12,155,32,0,0,4,1024.0,0,6.0,0,136633.0
4101,2,5785,428,1.6,16,1,15.6,1920,1080,141,0,5,0,12,155,16,0,0,4,1024.0,0,3.5,0,67999.0
4102,0,7117,412,1.48,18,1,14.0,1920,1200,162,1,7,0,12,4,16,0,0,4,1024.0,0,6.0,0,93990.0
4103,0,7118,412,1.48,18,1,14.0,1920,1200,162,1,5,0,12,4,16,0,0,4,1024.0,0,6.0,0,83990.0
4104,16,735,333,3.1,16,1,17.0,2560,1600,178,0,7,0,12,269,32,0,0,12,1024.0,0,6.0,0,259990.0
4105,9,2291,156,1.7,16,1,15.6,1920,1080,141,1,3,0,4,4,8,0,1,4,1024.0,0,6.0,0,32990.0
4106,15,178,159,2.2,16,1,15.6,1920,1080,141,0,7,0,12,155,16,0,0,4,1024.0,0,6.0,0,80890.0
4107,9,5191,9,1.74,0,1,15.6,1366,768,100,0,3,0,6,160,8,0,0,4,1024.0,0,6.0,0,26191.0
4108,0,4536,110,1.7,16,1,15.6,1920,1080,141,0,3,0,12,160,8,0,0,4,1024.0,0,6.0,0,33490.0
4109,0,7121,412,1.41,16,1,14.0,1920,1080,157,0,5,0,12,155,16,0,0,4,1024.0,0,6.0,0,65990.0
4110,0,5907,26,1.59,16,1,15.6,1920,1080,141,0,5,0,12,155,8,0,0,4,1024.0,0,6.0,0,39999.0
4111,0,4008,40,1.5,16,1,14.0,1920,1080,157,0,5,0,12,155,8,0,0,4,1024.0,0,6.0,0,59999.0
4112,0,7096,412,1.6,18,1,14.0,1920,1080,157,0,3,0,12,160,8,0,0,4,1024.0,0,6.0,0,55490.0
4113,0,3790,31,2.1,16,1,15.6,1920,1080,141,0,5,0,12,255,16,0,0,4,1024.0,0,6.0,0,60990.0
4114,0,7112,412,1.58,18,1,14.0,1920,1080,157,0,7,0,12,155,16,0,0,4,1024.0,0,6.0,0,99000.0
4115,0,3661,30,1.57,16,1,14.0,1920,1200,162,0,7,0,12,248,8,0,0,4,1024.0,0,6.0,0,68990.0
4116,0,3728,30,1.75,16,1,15.6,1920,1080,141,0,3,0,12,160,8,0,0,4,1024.0,0,6.0,0,38999.0
4117,0,3665,30,1.4,16,1,14.0,1920,1080,157,0,5,0,12,155,8,0,0,4,1024.0,0,6.0,0,51999.0
4118,0,4281,48,1.4,4,1,14.0,1920,1080,157,0,5,0,12,155,8,0,0,4,1024.0,0,6.0,0,62999.0
4119,0,3720,30,1.78,16,1,15.6,1920,1080,141,0,5,0,12,248,8,0,0,4,1024.0,0,6.0,0,62999.0
4120,0,4271,48,1.45,4,1,14.0,1920,1080,157,0,1,0,12,160,8,0,0,4,1024.0,0,6.0,0,28490.0
4121,0,3734,30,1.75,16,1,15.6,1920,1080,141,0,3,0,12,160,8,0,0,4,1024.0,0,6.0,0,41999.0
4122,0,3640,28,1.54,16,1,14.0,1920,1200,162,0,3,1,12,160,8,0,0,4,1024.0,0,8.5,0,38999.0
4123,0,3877,224,2.7,16,1,16.0,1920,1200,142,1,7,0,12,266,16,0,0,6,1024.0,0,10.0,0,118999.0
4124,0,3961,225,2.2,16,1,15.6,1920,1080,141,0,5,0,12,209,8,0,0,4,1024.0,0,8.5,0,69999.0
4125,0,3912,225,2.5,16,1,15.6,1920,1080,141,1,7,0,12,255,16,0,0,4,1024.0,0,6.0,0,69999.0
4126,0,3738,30,1.78,16,1,15.6,1920,1080,141,0,3,0,12,160,8,0,0,4,1024.0,0,6.0,0,37999.0
4127,0,6394,156,1.5,16,1,14.0,1366,768,112,1,3,0,12,4,8,0,1,4,1024.0,0,6.0,0,28999.0
4128,0,4527,110,1.78,16,1,15.6,1920,1080,141,1,5,0,12,4,8,0,0,4,1024.0,0,6.0,0,33999.0
4129,0,3993,227,2.1,16,1,15.6,1920,1080,141,0,5,0,12,255,8,0,0,6,1024.0,0,6.0,0,69999.0
4130,0,3723,30,1.78,16,1,15.6,1920,1080,141,0,5,0,12,248,16,0,0,4,1024.0,0,6.0,0,65999.0
4131,0,3664,30,1.4,16,1,14.0,1920,1200,162,0,5,0,12,155,16,0,0,4,1024.0,0,6.0,0,55999.0
4132,9,1800,243,1.75,16,1,15.6,1920,1080,141,1,5,0,16,4,16,0,0,4,1024.0,0,6.0,0,60499.0
4133,2,6364,518,1.28,16,1,14.0,2880,1800,243,0,4,1,24,107,16,0,0,4,1024.0,0,6.0,0,104990.0
4134,0,3980,227,2.1,16,1,15.6,1920,1080,141,0,7,0,12,255,16,0,0,6,1024.0,0,6.0,0,83999.0
4135,0,3732,30,1.75,16,1,15.6,1920,1080,141,0,3,0,12,160,8,0,0,4,1024.0,0,6.0,0,39999.0
4136,9,5192,9,1.74,0,1,15.6,1366,768,100,0,5,0,8,155,8,0,0,4,1024.0,0,6.0,0,54449.0
4137,2,6365,518,1.28,16,1,14.0,2880,1800,243,0,4,1,24,107,32,0,0,4,1024.0,0,6.0,0,135990.0
4138,2,2521,447,1.8,16,1,16.0,1920,1200,142,0,5,0,18,255,16,0,1,4,1024.0,0,6.0,0,63990.0
4139,2,4875,441,1.5,16,1,14.0,1920,1200,162,1,5,1,19,4,16,0,0,4,1024.0,0,3.0,0,62550.0
4140,15,2689,156,1.65,16,1,15.6,1920,1080,141,0,5,0,12,155,16,0,1,4,1024.0,0,7.0,0,47990.0
4141,2,6328,437,1.8,16,1,15.6,1920,1080,141,1,5,0,19,255,16,0,0,4,1024.0,0,5.0,0,69990.0
4142,15,3135,145,1.66,16,1,15.6,1920,1080,141,0,7,0,12,232,16,0,0,2,1024.0,0,7.0,0,74889.0
4143,9,2485,232,2.37,16,1,16.1,2560,1440,182,1,7,0,16,267,32,0,0,8,1024.0,0,6.0,0,144999.0
4144,9,670,101,1.3,16,1,13.3,1920,1080,166,1,5,1,16,4,8,0,0,4,1024.0,0,6.0,0,64390.0
4145,2,6132,437,1.8,16,1,15.6,1920,1080,141,1,5,0,19,248,16,0,0,4,1024.0,0,6.0,0,57398.0
4146,9,4329,156,0.99,18,1,13.5,1920,1280,171,0,7,1,12,155,32,0,0,4,1024.0,0,6.0,0,231079.0
4147,15,6566,151,1.95,16,1,16.0,2560,1600,189,0,7,0,12,255,16,0,0,6,1024.0,0,8.0,0,109190.0
4148,9,2478,232,2.37,16,1,16.1,1920,1080,137,1,7,0,16,266,16,0,0,6,1024.0,0,6.0,0,115999.0
4149,15,2655,156,1.43,16,1,14.0,1920,1080,157,0,3,0,10,160,8,0,0,4,1024.0,0,5.0,0,39490.0
4150,15,877,385,1.4,18,1,14.0,1920,1080,157,0,5,0,12,160,8,0,0,4,1024.0,0,6.0,0,59990.0
4151,15,6603,156,1.5,0,1,14.0,1920,1080,157,0,5,0,12,133,8,0,0,4,1024.0,0,6.0,0,52990.0
4152,15,2694,156,1.65,16,1,15.6,1920,1080,141,0,5,0,12,155,8,0,0,4,1024.0,0,6.0,0,40990.0
4153,15,125,156,1.4,12,1,14.0,1920,1080,157,0,5,1,12,155,16,0,1,4,1024.0,0,12.0,0,84990.0
4154,15,252,487,1.3,16,1,14.0,1920,1200,162,0,7,0,12,155,16,0,0,4,1024.0,0,6.0,0,50000.0
4155,9,5220,9,1.74,0,1,15.6,1920,1080,141,0,5,0,12,155,8,0,0,4,1024.0,0,6.0,0,64990.0
4156,15,2672,156,2.2,16,1,15.6,1920,1080,141,0,5,0,12,155,8,0,0,4,1024.0,0,6.0,0,52794.0
4157,7,3090,413,2.3,16,1,14.0,1920,1080,157,0,7,0,18,155,16,0,0,4,1024.0,0,12.3,0,89990.0
4158,0,5906,156,1.59,16,1,15.6,1920,1080,141,0,5,0,12,155,8,0,0,4,1024.0,0,6.0,0,36994.0
4159,15,6567,189,2.5,16,1,16.0,2560,1600,189,0,7,0,30,267,16,0,0,8,1024.0,0,6.0,0,152990.0
4160,9,1742,156,1.75,12,1,15.6,1920,1080,141,0,3,0,6,160,8,0,1,4,1024.0,0,9.0,0,84869.0
4161,15,1022,147,1.55,16,1,14.0,1920,1200,162,1,5,1,16,4,16,0,0,4,1024.0,0,10.0,0,59990.0
4162,15,2686,156,1.7,16,1,15.6,1920,1080,141,0,5,0,12,155,8,0,0,4,1024.0,0,4.0,0,51394.0
4163,9,2571,232,2.78,16,1,17.3,2560,1440,170,0,9,0,36,270,32,0,0,16,1024.0,0,6.0,0,340999.0
4164,15,151,159,2.2,16,1,15.6,1920,1080,141,0,5,0,12,155,8,0,0,4,1024.0,0,6.0,0,46990.0
4165,9,1910,423,2.29,16,1,15.6,1920,1080,141,1,5,0,16,60,8,0,0,4,1024.0,0,9.0,0,49900.0
4166,9,2451,232,2.09,16,1,16.0,2560,1600,189,0,9,0,36,268,32,0,0,8,1024.0,0,6.0,0,292999.0
4167,0,3709,30,1.76,16,1,15.6,1920,1080,141,0,5,0,12,160,8,0,1,4,1024.0,0,6.0,0,46964.0
4168,9,3068,277,1.38,18,1,14.0,1366,768,112,0,5,0,12,155,8,0,1,4,1024.0,0,6.0,0,88223.0
4169,2,4879,441,1.5,16,1,14.0,1920,1200,162,0,5,1,12,133,16,0,0,4,1024.0,0,6.0,0,78655.0
4170,2,5793,450,1.8,16,1,16.0,1920,1200,142,0,5,0,18,266,16,0,0,6,1024.0,0,3.0,0,82955.0
4171,9,6542,243,1.38,18,1,14.0,2880,1800,243,1,7,0,16,19,16,0,0,4,1024.0,0,6.0,0,99999.0
4172,2,863,433,1.38,16,1,14.0,1920,1080,157,1,5,0,4,4,16,0,0,4,1024.0,0,6.0,0,42300.0
4173,9,6541,243,1.44,18,1,14.0,2880,1800,243,0,7,0,12,155,16,0,0,4,1024.0,0,6.0,0,114999.0
4174,9,6543,243,1.89,16,1,16.0,2560,1600,189,0,7,0,24,255,16,0,0,6,1024.0,0,6.0,0,124999.0
4175,9,6544,243,1.89,18,1,16.0,2560,1600,189,0,7,0,24,255,16,0,0,6,1024.0,0,6.0,0,136999.0
4176,15,5578,156,2.25,16,1,15.6,1920,1080,141,0,5,0,8,248,8,0,0,4,1024.0,0,4.5,0,56990.0
4177,15,4420,156,1.7,12,1,15.6,1920,1080,141,1,3,0,12,1,4,0,0,4,1024.0,0,12.7,0,40500.0
4178,2,5463,298,1.3,16,1,13.4,2560,1600,225,1,4,1,16,267,16,0,0,8,1024.0,0,6.0,0,150000.0
4179,2,4736,380,2.2,16,1,15.6,1920,1080,141,0,5,0,18,255,8,0,0,4,1024.0,0,6.0,0,63990.0
4180,2,6329,437,1.8,16,1,15.6,1920,1080,141,1,7,0,16,255,16,0,0,4,1024.0,0,6.0,0,63990.0
4181,0,6518,258,2.6,16,1,16.0,1920,1200,142,0,9,0,12,268,16,0,0,8,1024.0,0,6.0,0,144999.0
4182,9,2572,232,2.78,16,1,17.3,1920,1080,127,0,7,0,30,267,16,0,0,8,1024.0,0,6.0,0,120990.0
4183,0,6513,258,2.6,16,1,16.0,1920,1200,142,0,7,0,12,266,16,0,0,6,1024.0,0,8.0,0,104990.0
4184,2,1149,447,1.4,16,1,14.0,2880,1800,243,0,9,0,24,255,16,0,0,4,1024.0,0,6.0,0,96500.0
4185,15,6936,156,1.37,16,1,14.0,1920,1200,162,1,5,0,16,4,16,0,0,4,1024.0,0,9.0,0,56389.0
4186,0,3711,156,1.76,16,1,15.6,1920,1080,141,0,5,0,12,155,12,0,0,4,1024.0,0,8.0,0,31994.0
4187,9,690,156,1.32,16,1,13.3,1920,1200,170,0,5,0,12,155,16,0,1,4,1024.0,0,20.5,0,83990.0
4188,9,2465,232,2.32,16,1,16.1,1920,1080,137,0,7,0,24,267,16,0,1,8,1024.0,0,6.0,0,109990.0
4189,16,4094,59,2.26,16,1,16.1,2560,1600,188,0,7,0,12,266,32,0,0,8,1024.0,0,6.0,0,120990.0
4190,15,192,160,1.4,16,1,14.0,1920,1200,162,0,5,0,12,160,16,0,0,4,1024.0,0,11.0,0,68990.0
4191,0,3962,225,2.6,16,1,15.6,1920,1080,141,0,5,0,18,255,16,0,0,8,1024.0,0,5.0,0,152999.0
4192,2,1142,447,1.4,16,1,14.0,1920,1200,162,0,5,0,12,248,16,0,0,4,1024.0,0,6.0,0,64990.0
4193,15,4444,402,1.7,16,1,15.6,1920,1080,141,0,5,0,12,155,16,0,0,4,1024.0,0,8.0,0,57990.0
4194,2,2540,447,1.8,16,1,16.0,1900,1200,140,0,7,0,24,266,16,0,0,8,1024.0,0,6.0,0,88990.0
4195,16,518,122,1.86,16,1,15.6,1920,1080,141,0,5,0,12,255,16,0,0,4,1024.0,0,3.0,0,59990.0
4196,2,2536,447,1.8,16,1,16.0,1900,1200,140,0,5,0,12,266,16,0,0,6,1024.0,0,6.0,0,70990.0
4197,2,5288,318,1.72,16,1,14.0,2560,1600,216,1,4,0,16,267,32,0,0,8,1024.0,0,6.0,0,201400.0
4198,9,2460,232,2.35,16,1,16.1,2560,1440,182,0,7,0,30,267,16,0,0,8,1024.0,0,6.0,0,155985.0
4199,9,2259,156,1.74,12,1,15.6,1920,1080,141,0,5,0,6,311,8,0,0,2,1024.0,0,6.0,1,56990.0
4200,15,7919,189,2.4,14,1,15.6,1920,1080,141,0,7,0,6,202,16,0,0,4,1024.0,0,4.0,1,104990.0
4201,15,7940,189,2.3,12,1,15.6,1920,1080,141,0,5,0,8,209,8,0,0,4,1024.0,0,6.0,1,62990.0
4202,9,1753,245,1.98,12,1,15.6,1920,1080,141,1,5,0,4,293,8,0,0,4,1024.0,0,6.0,1,57116.0
4203,15,7920,189,2.4,12,1,15.6,1920,1080,141,0,7,0,6,370,8,0,0,4,1024.0,0,5.0,1,92990.0
4204,2,5049,302,2.4,12,1,15.6,1920,1080,141,0,5,0,4,293,8,0,0,4,1024.0,0,6.0,1,71990.0
4205,2,5768,447,1.8,12,1,15.6,1920,1080,141,1,5,0,8,4,8,0,0,4,1024.0,0,6.0,1,62990.0
4206,0,3937,225,2.3,12,1,15.6,1920,1080,141,0,5,0,8,304,8,0,0,6,1024.0,0,11.0,1,74990.0
4207,6,1326,168,1.85,12,1,15.6,1920,1080,141,0,5,0,8,155,8,0,0,4,1024.0,0,6.0,1,54480.0
4208,2,7569,429,1.88,16,1,16.0,1920,1200,142,0,3,0,10,160,8,0,0,4,1024.0,0,6.0,1,42990.0
4209,9,1752,245,1.98,12,1,15.6,1920,1080,141,1,5,0,6,201,8,0,0,3,1024.0,0,6.0,1,49990.0
4210,6,2874,460,1.8,16,1,15.6,1920,1080,141,0,3,0,4,160,8,0,0,4,1024.0,0,10.0,1,42898.0
4211,9,1614,243,1.9,12,1,15.6,1920,1080,141,0,7,0,12,209,8,0,0,4,1024.0,0,6.0,1,84091.0
4212,0,3669,30,1.76,12,1,15.6,1920,1080,141,1,5,0,12,4,8,0,0,4,1024.0,0,13.5,1,55990.0
4213,2,4876,457,1.5,16,1,14.0,1920,1200,162,1,7,1,16,4,16,0,0,4,1024.0,0,6.0,1,64990.0
4214,9,8058,243,1.58,12,1,14.0,1920,1080,157,0,5,1,6,160,8,0,0,4,1024.0,0,6.0,1,71990.0
4215,2,4767,375,2.0,16,1,15.6,1920,1080,141,0,5,0,12,255,16,0,0,4,1024.0,0,10.0,1,82900.0
4216,9,1764,245,1.98,12,1,15.6,1920,1080,141,1,5,0,16,247,8,0,1,4,1024.0,0,9.0,1,60990.0
4217,15,6654,156,1.85,12,1,15.6,1920,1080,141,0,3,0,4,160,8,0,0,4,1024.0,0,6.0,1,35990.0
4218,9,1797,243,1.75,16,1,15.6,1920,1080,141,1,5,0,16,4,16,0,1,4,1024.0,0,6.0,1,53999.0
4219,3,6294,292,1.34,12,1,14.0,1920,1080,157,1,3,0,5,83,8,0,0,4,1024.0,0,8.0,1,26950.0
4220,0,3555,28,1.9,12,1,15.6,1366,768,100,1,4,0,5,83,4,0,0,4,1024.0,0,6.0,1,18999.0
4221,9,1901,423,2.37,16,1,15.6,1920,1080,141,1,5,0,16,60,16,0,0,4,1024.0,0,6.0,1,57990.0
4222,0,4522,110,1.78,16,1,15.6,1920,1080,141,1,3,0,12,4,8,0,0,4,1024.0,0,6.0,1,27990.0
4223,15,7062,385,1.26,12,1,15.0,2560,1600,201,0,5,0,8,155,8,0,0,4,1024.0,0,6.0,1,55282.0
4224,2,7809,427,1.8,16,1,15.6,1920,1080,141,0,3,0,6,133,8,0,0,4,1024.0,0,6.0,1,33990.0
4225,15,6689,156,1.6,12,1,14.0,1920,1080,157,0,5,0,6,315,4,0,0,2,1024.0,0,6.0,1,49999.0
4226,0,4525,110,1.78,16,1,15.6,1920,1080,141,1,3,0,12,4,8,0,0,4,1024.0,0,6.0,1,25990.0
4227,6,1389,168,2.2,12,1,15.6,1366,768,100,1,5,0,4,86,4,0,0,4,1024.0,0,6.0,1,37420.0
4228,9,8042,243,1.72,12,1,14.0,1920,1080,157,0,3,1,3,195,4,0,0,2,1024.0,0,6.0,1,52240.0
4229,6,1287,168,1.83,12,1,15.6,1920,1080,141,0,3,0,4,160,8,0,0,4,1024.0,0,6.0,1,41910.0
4230,15,6677,156,1.6,12,1,14.0,1920,1080,157,1,5,0,6,86,8,0,0,4,1024.0,0,6.0,1,44990.0
4231,9,1561,243,1.74,16,1,15.6,1920,1080,141,0,5,0,12,155,16,0,0,4,1024.0,0,6.0,1,67500.0
4232,2,4662,374,2.3,12,1,15.6,1920,1080,141,0,5,0,8,201,8,0,0,4,1024.0,0,6.0,1,64990.0
4233,15,7428,156,1.7,12,1,15.0,1920,1080,147,0,3,0,6,160,4,0,0,4,1024.0,0,6.0,1,32790.0
4234,9,6537,243,1.41,16,1,14.0,2880,1800,243,0,5,0,18,155,16,0,1,4,1024.0,0,9.0,1,67990.0
4235,9,1777,243,1.75,16,1,15.6,1920,1080,141,0,3,0,10,160,8,0,0,4,1024.0,0,6.0,1,50990.0
4236,2,884,435,1.4,16,1,14.0,2880,1800,243,1,5,0,19,4,16,0,0,4,1024.0,0,8.0,1,64990.0
4237,15,3097,157,1.5,12,1,14.0,1920,1080,157,1,5,1,8,4,8,0,0,4,1024.0,0,6.0,1,56990.0
4238,9,1607,243,2.19,0,1,15.6,1366,768,100,1,4,0,2,41,4,0,0,4,1024.0,0,4.0,1,24499.0
4239,6,1394,118,2.33,12,1,15.6,1920,1080,141,0,5,0,8,209,8,0,0,4,1024.0,0,6.0,1,69990.0
4240,18,7021,156,0.77,12,1,12.3,2736,1824,267,0,5,1,6,147,8,0,0,4,1024.0,0,10.5,1,99990.0
4241,15,3113,156,1.65,16,1,14.0,1920,1080,157,0,5,0,8,160,16,0,0,4,1024.0,0,6.0,1,61900.0
4242,9,1773,243,1.74,16,1,15.6,1920,1080,141,0,5,0,8,154,8,0,0,4,1024.0,0,6.0,1,55800.0
4243,6,2900,168,1.8,15,1,15.6,1920,1080,141,0,5,0,12,133,8,0,0,4,1024.0,0,6.0,1,53999.0
4244,15,3132,156,1.66,12,1,15.6,1920,1080,141,0,5,0,8,240,16,0,0,2,1024.0,0,11.0,1,74300.0
4245,9,8080,243,1.52,16,1,14.0,1366,768,112,0,3,1,8,155,8,0,0,4,1024.0,0,6.0,1,55120.0
4246,9,1817,232,2.37,12,1,15.6,1920,1080,141,1,7,0,12,297,8,0,0,4,1024.0,0,6.0,1,85990.0
4247,6,1375,168,2.2,12,1,15.6,1366,768,100,0,2,0,4,162,4,0,0,4,1024.0,0,6.0,1,24469.0
4248,2,7644,424,1.6,12,1,14.2,1920,1080,155,0,3,0,6,160,8,0,0,4,1024.0,0,6.0,1,29336.0
4249,6,767,460,1.58,12,1,14.0,1920,1080,157,0,5,0,8,238,8,0,0,2,1024.0,0,10.0,1,64771.0
4250,6,1438,168,2.2,12,1,15.6,1366,768,100,1,3,0,4,83,4,0,0,4,1024.0,0,6.0,1,35990.0
4251,15,197,180,2.4,16,1,15.6,1920,1080,141,0,5,0,12,248,16,0,0,4,1024.0,0,6.0,1,69990.0
4252,2,2544,447,2.2,16,1,16.0,1920,1200,142,1,5,0,12,85,16,0,0,4,1024.0,0,3.0,1,54900.0
4253,9,2185,156,1.86,12,1,15.6,1366,768,100,0,1,0,2,116,4,0,0,4,1024.0,0,6.0,1,24820.0
4254,0,6502,255,2.93,12,1,17.3,1920,1080,127,0,5,0,8,304,16,0,0,6,1024.0,0,6.0,1,84990.0
4255,2,7636,445,1.4,12,1,14.0,1920,1080,157,0,5,0,8,238,8,0,0,2,1024.0,0,6.0,1,64990.0
4256,15,6949,156,1.89,16,1,16.0,1920,1200,142,0,5,0,12,160,16,0,0,4,1024.0,0,8.0,1,59990.0
4257,1,6173,204,1.37,25,1,13.3,2560,1600,227,0,5,0,6,151,8,0,0,4,1024.0,0,10.0,1,97040.0
4258,18,7006,156,0.77,14,1,12.3,2736,1824,267,0,5,1,3,129,8,0,0,4,1024.0,0,13.0,1,94990.0
4259,9,1560,243,1.74,16,1,15.6,1920,1080,141,0,5,0,12,155,16,0,0,4,1024.0,0,6.0,1,66990.0
4260,2,5755,444,1.4,16,1,14.0,1920,1080,157,0,5,0,8,155,16,0,0,4,1024.0,0,6.0,1,56990.0
4261,0,3581,28,1.7,16,1,15.6,1920,1080,141,0,5,0,8,155,8,0,0,4,1024.0,0,9.0,1,53999.0
4262,15,4485,156,1.59,12,1,14.0,1366,768,112,1,4,0,12,4,4,0,0,4,1024.0,0,6.0,1,17990.0
4263,15,5522,156,2.2,12,1,15.6,1920,1080,141,1,5,0,11,209,8,0,0,4,1024.0,0,6.7,1,60900.0
4264,15,3328,189,2.3,12,1,15.6,1920,1080,141,0,7,0,12,209,16,0,0,4,1024.0,0,6.0,1,86690.0
4265,15,708,156,2.1,12,1,15.6,1920,1080,141,0,3,0,3,129,4,0,0,4,1024.0,0,5.0,1,27990.0
4266,2,7188,506,0.99,12,1,13.3,1920,1080,166,0,5,0,6,166,8,0,0,4,1024.0,0,6.0,1,59990.0
4267,15,2055,159,1.62,16,1,15.6,1920,1080,141,0,5,0,12,160,16,0,0,4,1024.0,0,7.0,1,50990.0
4268,16,6571,156,2.25,12,1,15.6,2560,1440,188,0,7,0,24,261,16,0,0,8,1024.0,0,6.0,1,132990.0
4269,2,7907,427,2.3,16,1,17.3,1920,1080,127,0,5,0,8,155,16,0,0,4,1024.0,0,6.0,1,53990.0
4270,15,2140,180,2.38,16,1,15.6,1920,1080,141,0,5,0,20,255,16,0,0,6,1024.0,0,6.0,1,74990.0
4271,2,4834,382,2.6,16,1,17.3,1920,1080,127,0,7,0,24,255,16,0,0,4,1024.0,0,6.0,1,98999.0
4272,16,596,122,1.86,16,1,15.6,1920,1080,141,0,5,0,12,266,16,0,0,6,1024.0,0,6.0,1,87056.0
4273,15,1110,159,1.37,16,1,14.0,1920,1080,157,0,3,0,10,160,8,0,0,4,1024.0,0,7.0,1,45990.0
4274,3,7342,201,1.25,12,1,14.0,1920,1080,157,0,7,0,8,160,16,0,0,4,1024.0,0,10.0,1,39990.0
4275,1,6180,204,1.37,25,1,13.3,2560,1600,227,0,5,0,6,150,8,0,0,4,1024.0,0,10.0,1,112040.0
4276,9,1945,156,1.59,16,1,15.6,1920,1080,141,0,3,0,10,155,8,0,0,4,1024.0,0,6.0,1,43750.0
4277,2,7852,447,1.8,12,1,15.6,1366,768,100,0,1,0,4,161,4,0,0,4,1024.0,0,6.0,1,28990.0
4278,15,2663,156,1.41,12,1,14.0,1920,1080,157,0,3,0,6,160,8,0,0,4,1024.0,0,7.5,1,34990.0
4279,16,6210,156,1.3,12,1,14.0,1920,1080,157,0,5,0,8,160,8,0,0,4,1024.0,0,6.0,1,46990.0
4280,15,3104,156,1.39,12,1,14.0,1920,1080,157,0,5,0,8,155,8,0,0,4,1024.0,0,11.0,1,58990.0
4281,9,1944,156,1.6,16,1,15.6,1920,1080,141,0,3,0,10,133,8,0,0,4,1024.0,0,6.0,1,35490.0
4282,9,2643,156,2.0,16,1,15.6,1366,768,100,1,3,0,4,4,8,0,0,4,1024.0,0,6.0,1,29990.0
4283,15,2733,156,2.2,12,1,15.6,1920,1080,141,0,3,0,3,123,4,0,0,4,1024.0,0,6.0,1,40190.0
4284,32,7975,272,1.76,16,1,15.6,1920,1080,141,0,3,0,12,160,8,0,0,4,1024.0,0,6.0,1,31990.0
4285,0,3889,225,2.3,12,1,15.6,1920,1080,141,1,7,0,12,293,8,0,0,4,1024.0,0,10.0,1,79990.0
4286,9,2195,156,1.86,0,1,15.6,1366,768,100,0,5,0,6,7,4,0,0,2,1024.0,0,6.0,1,42890.0
4287,6,1413,168,1.64,12,1,15.6,1920,1080,141,1,5,0,8,81,8,0,0,4,1024.0,0,10.0,1,59790.0
4288,6,779,460,1.58,12,1,14.0,1920,1080,157,0,3,0,6,160,4,0,0,4,1024.0,0,10.0,1,44348.0
4289,9,8056,249,1.59,12,1,14.0,1920,1080,157,0,3,1,4,166,4,0,0,4,1024.0,0,6.0,1,45990.0
4290,13,1161,532,0.95,12,1,14.0,1920,1080,157,0,5,0,6,166,8,0,0,4,1024.0,0,23.5,1,52990.0
4291,9,2200,156,1.86,12,1,15.6,1366,768,100,1,4,0,1,41,4,0,0,4,1024.0,0,6.0,1,24335.0
4292,15,2798,156,2.2,0,1,15.6,1366,768,100,1,4,0,3,41,4,0,0,4,1024.0,0,4.0,1,21190.0
4293,15,4480,156,2.26,0,1,14.0,1920,1080,157,1,4,0,12,24,4,0,0,4,1024.0,0,6.0,1,24050.0
4294,0,4507,32,2.4,12,1,15.6,1366,768,100,0,3,0,3,166,4,0,0,4,1024.0,0,6.0,1,27990.0
4295,9,8105,243,1.41,16,1,14.0,1920,1080,157,0,5,1,12,133,16,0,0,4,1024.0,0,6.0,1,75582.0
4296,2,3743,16,2.3,12,1,15.6,1366,768,100,1,4,0,1,44,4,0,0,4,1024.0,0,6.0,1,28990.0
4297,15,2792,156,2.2,0,1,14.0,1366,768,112,0,3,0,3,129,4,0,0,4,1024.0,0,6.0,1,24990.0
4298,0,6501,255,2.6,16,1,15.6,2560,1440,188,0,9,0,12,259,16,0,0,6,1024.0,0,6.0,1,139999.0
4299,9,8049,249,1.59,12,1,14.0,1920,1080,157,0,5,1,6,166,8,0,0,4,1024.0,0,6.0,1,65990.0
4300,6,2955,168,1.65,16,1,15.6,1920,1080,141,0,5,0,12,155,16,0,0,4,1024.0,0,7.0,1,50990.0
4301,15,7397,156,1.7,16,1,15.6,1920,1080,141,0,3,0,6,160,8,0,0,4,1024.0,0,5.5,1,40890.0
4302,6,1300,168,1.83,12,1,15.6,1920,1080,141,0,5,0,8,155,4,0,0,4,1024.0,0,8.0,1,56490.0
4303,6,1391,168,2.2,12,1,15.6,1366,768,100,1,3,0,5,83,4,0,0,4,1024.0,0,6.0,1,29590.0
4304,0,3648,30,1.55,12,1,14.0,1920,1080,157,0,5,0,8,155,8,0,0,4,1024.0,0,6.0,1,43990.0
4305,6,1302,168,1.83,12,1,15.6,1920,1080,141,0,5,0,8,238,8,0,0,2,1024.0,0,7.0,1,58999.0
4306,9,1682,156,1.77,12,1,15.6,1920,1080,141,0,3,0,3,129,4,0,0,4,1024.0,0,6.0,1,28490.0
4307,25,2587,126,1.81,16,1,15.6,1920,1080,141,0,7,0,12,155,16,0,0,4,1024.0,0,6.0,1,62990.0
4308,2,7741,427,1.9,12,1,15.6,1366,768,100,0,1,0,4,161,4,0,0,4,1024.0,0,6.0,1,23990.0
4309,6,1329,168,1.8,12,1,15.6,1920,1080,141,0,3,0,6,160,8,0,1,4,1024.0,0,6.0,1,43146.0
4310,2,6714,447,1.3,12,1,14.0,1920,1080,157,0,5,0,6,166,8,0,0,4,1024.0,0,6.0,1,51990.0
4311,15,2749,156,2.2,12,1,15.6,1366,768,100,0,5,0,3,284,4,0,0,2,1024.0,0,6.0,1,44990.0
4312,2,4700,380,2.3,16,1,15.6,1920,1080,141,0,5,0,12,248,8,0,1,4,1024.0,0,6.0,1,58990.0
4313,32,7977,272,1.76,16,1,15.6,1920,1080,141,0,7,0,12,155,16,0,0,4,1024.0,0,10.0,1,52990.0
4314,32,7977,272,1.76,16,1,15.6,1920,1080,141,0,7,0,12,155,16,0,0,4,1024.0,0,10.0,1,41990.0
4315,2,7642,424,1.6,16,1,14.1,1920,1080,156,0,3,0,6,168,8,0,0,4,1024.0,0,6.0,1,32356.0
4316,6,2938,168,1.65,16,1,15.6,1920,1080,141,0,5,0,12,160,8,0,0,4,1024.0,0,6.0,1,46990.0
4317,15,7344,156,1.5,16,1,14.0,1920,1080,157,0,1,0,4,133,4,0,0,4,1024.0,0,10.0,1,25999.0
4318,2,6715,447,1.43,12,1,14.0,1920,1080,157,0,5,0,6,166,8,0,0,4,1024.0,0,6.0,1,64490.0
4319,9,1735,245,2.23,12,1,15.6,1920,1080,141,0,5,0,8,293,8,0,0,4,1024.0,0,6.0,1,65990.0
4320,0,4539,110,1.7,16,1,15.6,1920,1080,141,0,3,0,12,160,4,0,0,4,1024.0,0,8.0,1,27990.0
4321,6,773,460,1.59,16,1,14.0,1920,1080,157,0,3,0,6,143,8,0,0,4,1024.0,0,10.0,1,40555.0
4322,0,3588,28,1.7,16,1,15.6,1920,1080,141,0,3,0,6,160,8,0,0,4,1024.0,0,9.0,1,31990.0
4323,6,1408,168,1.71,12,1,15.6,1920,1080,141,0,5,0,6,238,8,0,0,2,1024.0,0,6.0,1,65990.0
4324,9,1671,156,1.77,0,1,15.6,1366,768,100,0,3,0,3,129,4,0,0,4,1024.0,0,6.0,1,35190.0
4325,0,3545,28,2.1,7,1,15.6,1366,768,100,0,2,0,2,121,4,0,0,4,1024.0,0,6.5,1,24990.0
4326,2,870,77,1.3,16,1,14.0,1366,768,112,0,2,0,4,133,8,0,0,4,1024.0,0,6.0,1,25990.0
4327,9,694,101,1.32,16,1,13.4,1920,1200,169,0,5,1,12,155,16,0,0,4,1024.0,0,6.0,1,81990.0
4328,6,1338,168,1.85,12,1,15.6,1920,1080,141,1,3,0,4,4,8,0,0,4,1024.0,0,7.0,1,34999.0
4329,15,7353,156,2.1,12,1,15.6,1366,768,100,1,4,0,1,4,4,0,0,4,1024.0,0,6.0,1,25999.0
4330,15,6629,156,1.85,12,1,15.6,1920,1080,141,1,5,0,6,86,8,0,0,4,1024.0,0,6.0,1,48890.0
4331,2,2543,447,3.2,16,1,16.0,1920,1080,138,1,5,0,12,4,16,0,0,4,1024.0,0,6.0,1,51990.0
4332,16,546,123,2.38,12,1,15.6,2560,1440,188,0,7,0,12,261,16,0,0,8,1024.0,0,6.0,1,129990.0
4333,18,6966,156,1.27,12,1,13.5,2256,1504,201,0,5,1,6,147,8,0,0,4,1024.0,0,11.5,1,100690.0
4334,1,5919,204,2.1,26,1,16.2,3456,2234,254,2,4,0,28,99,16,0,0,4,1024.0,0,21.0,1,227990.0
4335,9,2247,156,1.76,12,1,15.6,1920,1080,141,0,5,0,6,160,8,0,0,4,1024.0,0,6.0,1,50176.0
4336,6,4909,156,2.57,16,1,15.6,1920,1080,141,0,5,0,18,255,16,0,0,4,1024.0,0,10.0,1,88990.0
4337,12,5739,156,1.24,16,1,14.0,1920,1080,157,0,7,0,8,160,16,0,0,128,1024.0,0,11.0,1,42990.0
4338,15,1128,492,1.3,16,1,14.0,2880,1800,243,0,5,0,12,155,16,0,0,4,1024.0,0,13.0,1,56890.0
4339,15,6894,156,1.41,16,1,14.0,1920,1080,157,0,5,0,8,156,16,0,0,4,1024.0,0,6.0,1,55990.0
4340,16,3642,156,1.96,12,1,15.6,1920,1080,141,1,7,0,12,3,8,0,0,4,1024.0,0,6.5,1,87490.0
4341,0,5905,26,1.59,16,1,15.6,1920,1080,141,0,3,0,12,160,8,0,0,4,1024.0,0,6.0,1,30690.0
4342,15,5549,156,2.25,16,1,15.6,1920,1080,141,1,7,0,16,255,16,0,0,4,1024.0,0,5.0,1,72990.0
4343,9,8096,243,1.51,16,1,14.0,1920,1080,157,0,5,1,12,155,16,0,0,4,1024.0,0,11.0,1,70790.0
4344,9,1200,156,1.46,12,1,14.0,1920,1080,157,0,3,0,6,160,8,0,0,4,1024.0,0,6.0,1,45990.0
4345,15,5537,156,2.2,16,1,15.6,1920,1080,141,1,5,0,12,248,8,0,0,4,1024.0,0,6.0,1,49900.0
4346,9,8060,249,1.58,12,1,14.0,1920,1080,157,0,5,1,6,234,8,0,0,2,1024.0,0,6.0,1,81794.0
4347,6,2887,168,1.85,16,1,15.6,1920,1080,141,0,5,0,8,160,8,0,0,4,1024.0,0,6.0,1,47990.0
4348,9,7586,243,1.6,11,1,13.3,1920,1080,166,0,3,1,3,129,4,0,0,4,1024.0,0,6.0,1,52188.0
4349,2,2545,447,1.8,16,1,16.0,1920,1080,138,1,7,0,20,85,16,0,0,4,1024.0,0,8.0,1,54490.0
4350,9,2221,156,1.86,12,1,15.6,1920,1080,141,1,4,0,1,44,4,0,0,4,1024.0,0,6.0,1,27999.0
4351,15,1122,147,1.5,12,1,14.0,1920,1080,157,0,3,1,6,160,8,0,0,4,1024.0,0,10.0,1,52990.0
4352,9,688,244,1.58,16,1,13.3,1920,1200,170,1,5,0,16,4,16,0,1,4,1024.0,0,6.0,1,71990.0
4353,9,687,244,1.58,16,1,13.3,1920,1200,170,1,5,0,16,4,16,0,1,4,1024.0,0,6.0,1,70990.0
4354,2,7498,427,1.7,16,1,15.6,1920,1080,141,0,3,0,10,160,8,0,1,4,1024.0,0,6.0,1,32780.0
4355,1,6163,204,1.37,24,1,13.3,2560,1600,227,0,5,0,6,152,8,0,0,4,1024.0,0,10.0,1,126990.0
4356,0,6864,339,1.5,12,1,11.6,1920,1080,190,0,2,1,2,121,4,0,0,4,500.0,0,9.0,1,29721.0
4357,9,8103,243,1.51,16,1,14.0,1920,1080,157,0,3,1,10,172,8,0,0,4,1024.0,0,6.0,1,53890.0
4358,2,7144,431,1.5,16,1,14.0,1920,1080,157,0,5,1,8,155,8,0,0,4,1024.0,0,6.0,1,46990.0
4359,27,6149,156,1.48,16,1,15.6,1920,1080,141,0,7,0,12,155,16,0,0,4,1024.0,0,17.5,1,57999.0
4360,15,6939,156,1.46,16,1,14.0,1920,1200,162,0,5,0,12,160,16,0,0,4,1024.0,0,11.0,1,58190.0
4361,15,2806,156,2.2,0,1,15.6,1920,1080,141,0,3,0,3,129,8,0,0,4,1024.0,0,5.0,1,32990.0
4362,16,4062,65,2.3,16,1,15.6,2560,1440,188,0,7,0,12,259,16,0,0,6,1024.0,0,6.0,1,109990.0
4363,1,6161,204,1.37,24,1,13.3,2560,1600,227,0,5,0,6,152,8,0,0,4,1024.0,0,10.0,1,143990.0
4364,15,2111,180,2.4,16,1,15.6,1920,1080,141,0,5,0,12,267,16,0,0,8,1024.0,0,6.0,1,85990.0
4365,9,2326,156,1.7,16,1,15.6,1366,768,100,0,3,0,6,160,8,0,1,4,1024.0,0,6.0,1,33400.0
4366,6,3202,166,1.46,16,1,14.0,1920,1080,157,0,5,0,12,133,16,0,0,4,1024.0,0,6.0,1,67390.0
4367,0,3934,225,2.2,12,1,15.6,1920,1080,141,0,5,0,8,304,8,0,0,6,2048.0,0,11.0,1,74990.0
4368,0,3571,28,2.1,12,1,15.6,1920,1080,141,0,5,0,6,166,4,0,0,4,1024.0,0,6.5,1,35990.0
4369,9,1947,156,1.59,16,1,15.6,1920,1080,141,0,5,0,12,155,8,0,0,4,1024.0,0,6.0,1,50596.0
4370,9,1946,156,1.59,16,1,15.6,1920,1080,141,0,5,0,12,155,8,0,0,4,1024.0,0,6.0,1,53300.0
4371,6,1406,168,2.2,12,1,15.6,1366,768,100,1,4,0,1,43,4,0,0,4,1024.0,0,6.0,1,25985.0
4372,6,2929,168,1.8,15,1,15.6,1920,1080,141,1,5,0,12,133,8,0,0,4,1024.0,0,6.0,1,50490.0
4373,6,1282,168,1.83,12,1,15.6,1920,1080,141,0,3,0,4,160,4,0,0,4,1024.0,0,6.0,1,42629.0
4374,2,5134,305,2.5,16,1,17.3,1920,1080,127,1,7,0,20,255,16,0,0,4,1024.0,0,10.0,1,110064.0
4375,2,7680,424,1.6,16,1,14.0,1920,1080,157,0,3,0,4,133,8,0,0,4,1024.0,0,6.0,1,33990.0
4376,0,6494,255,2.3,16,1,15.6,2560,1440,188,0,9,0,12,259,16,0,0,6,1024.0,0,6.0,1,119990.0
4377,15,7410,156,1.7,16,1,15.6,1920,1080,141,1,3,0,4,4,8,0,0,4,1024.0,0,6.0,1,32999.0
4378,6,2943,168,1.85,15,1,15.6,1920,1080,141,0,5,0,12,172,16,0,0,4,1024.0,0,6.0,1,70373.0
4379,2,7670,424,1.6,16,1,14.1,1366,768,111,0,3,0,4,160,8,0,0,4,1024.0,0,6.0,1,31390.0
4380,16,575,122,1.86,16,1,15.6,1920,1080,141,0,5,0,12,248,16,0,0,4,1024.0,0,6.0,1,68222.0
4381,2,7633,445,1.4,12,1,14.0,1920,1080,157,0,3,0,6,160,4,0,0,4,1024.0,0,6.0,1,37999.0
4382,1,6195,204,2.0,23,1,16.0,3072,1920,226,0,7,0,12,35,16,0,0,4,1024.0,0,11.0,1,215990.0
4383,9,1729,243,2.28,12,1,15.6,1920,1080,141,0,5,0,8,201,8,0,0,4,1024.0,0,6.0,1,77540.0
4384,14,5728,156,1.45,12,1,14.1,1920,1080,156,0,4,0,2,130,2,0,0,4,1024.0,0,9.0,1,14999.0
4385,2,5132,305,2.5,16,1,17.3,1920,1080,127,1,7,0,16,255,8,0,0,4,1024.0,0,6.0,1,102990.0
4386,2,6698,442,1.5,16,1,14.0,2880,1800,243,0,7,0,24,155,16,0,0,4,1024.0,0,6.0,1,80990.0
4387,15,4391,402,1.59,16,1,14.0,1920,1080,157,0,5,0,12,155,16,0,0,4,1024.0,0,9.4,1,69250.0
4388,2,7666,424,1.8,12,1,14.0,1280,720,105,0,3,0,4,160,8,0,0,4,1024.0,0,6.0,1,27990.0
4389,15,2702,157,1.25,3,1,11.6,1366,768,135,0,1,1,4,160,4,0,0,4,1024.0,0,6.0,1,28490.0
4390,18,7022,156,0.77,12,1,12.3,2736,1824,267,0,3,1,4,160,4,0,0,4,1024.0,0,10.5,1,69990.0
4391,2,885,435,1.4,16,1,14.0,2880,1800,243,1,7,0,20,4,16,0,0,4,1024.0,0,8.0,1,69990.0
4392,9,1525,243,2.04,11,1,15.6,1920,1080,141,0,5,0,3,195,4,0,0,4,1024.0,0,5.0,1,61290.0
4393,9,962,243,1.41,12,1,14.0,1920,1080,157,1,5,0,12,240,16,0,0,2,1024.0,0,6.0,1,55946.0
4394,15,5883,156,2.2,12,1,15.6,1920,1080,141,0,5,0,8,293,8,0,0,4,1024.0,0,6.0,1,94790.0
4395,15,2038,180,2.4,16,1,15.6,1920,1080,141,1,7,0,16,266,16,0,0,6,1024.0,0,9.5,1,92990.0
4396,15,3392,159,1.85,12,1,15.6,1920,1080,141,0,5,0,6,160,4,0,0,4,1024.0,0,7.3,1,42990.0
4397,2,4469,77,1.05,12,1,11.6,1366,768,135,0,1,0,4,161,4,0,0,4,1024.0,0,6.0,1,12999.0
4398,31,6299,156,1.4,15,1,14.0,2560,1600,216,0,5,0,12,160,16,0,0,4,1024.0,0,6.0,1,77752.0
4399,2,1508,433,1.63,16,1,15.6,1920,1080,141,1,5,0,4,4,16,0,1,4,1024.0,0,6.0,0,47990.0
4400,2,7257,509,1.6,12,1,14.0,1920,1080,157,0,5,0,6,315,8,0,0,2,1024.0,0,6.0,0,69990.0
4401,9,1692,156,2.08,12,1,15.6,1366,768,100,1,4,0,1,43,4,0,0,4,1024.0,0,6.0,0,49000.0
4402,2,7603,424,1.6,12,1,14.0,1920,1080,157,0,5,0,6,166,8,0,0,4,1024.0,0,6.0,0,46833.0
4403,15,4367,402,1.69,12,1,14.0,1920,1080,157,0,5,0,6,160,8,0,0,4,1024.0,0,6.0,0,58990.0
4404,2,5248,318,1.7,12,1,14.0,2560,1440,210,1,4,0,12,320,32,0,0,6,1024.0,0,6.0,0,199990.0
4405,6,3028,168,2.2,12,1,15.6,1920,1080,141,0,5,0,6,160,8,0,0,4,1024.0,0,6.0,0,59900.0
4406,2,7708,462,1.68,11,1,15.6,1920,1080,141,0,3,0,3,233,4,0,0,2,1024.0,0,6.0,0,29990.0
4407,2,7239,518,1.48,12,1,14.0,1920,1080,157,0,5,0,6,237,8,0,0,2,1024.0,0,6.0,0,59990.0
4408,9,1637,156,2.1,0,1,15.6,1366,768,100,1,4,0,12,43,4,0,0,4,1024.0,0,6.0,0,21490.0
4409,13,2162,532,1.12,12,1,15.6,1920,1080,141,0,5,0,6,147,8,0,0,4,1024.0,0,18.5,0,39990.0
4410,2,7709,462,1.68,11,1,15.6,1920,1080,141,0,3,0,3,233,8,0,0,2,1024.0,0,6.0,0,35000.0
4411,9,1576,243,2.3,20,1,15.6,1366,768,100,0,3,0,3,119,4,0,0,4,500.0,0,6.0,0,36390.0
4412,9,1715,232,2.24,12,1,15.6,1920,1080,141,0,7,0,12,217,16,0,0,6,1024.0,0,6.0,0,165999.0
4413,0,3510,28,2.2,16,1,14.0,1366,768,112,0,1,0,12,160,4,0,0,4,1024.0,0,6.0,0,24990.0
4414,9,2611,5,1.52,0,1,14.0,1366,768,112,1,4,0,6,84,4,0,0,4,1024.0,0,5.0,0,32999.0
4415,15,2716,156,2.3,0,1,15.6,1366,768,100,0,5,0,3,45,4,0,0,2,1024.0,0,4.0,0,38965.0
4416,6,1458,168,2.4,12,1,15.6,1920,1080,141,0,7,0,6,289,8,0,0,4,1024.0,0,6.0,0,89990.0
4417,9,1997,243,2.3,20,1,15.6,1366,768,100,0,3,0,3,31,4,0,0,2,500.0,0,6.0,0,39390.0
4418,0,3637,28,1.54,16,1,14.0,1920,1200,162,0,3,1,12,160,8,0,0,4,1024.0,0,8.5,0,44999.0
4419,2,5130,305,2.4,12,1,17.3,1920,1080,127,1,4,0,16,261,16,0,0,8,1024.0,0,6.0,0,174990.0
4420,2,4616,377,2.3,12,1,15.6,1920,1080,141,1,7,0,12,304,8,0,0,6,1024.0,0,6.0,0,128000.0
4421,9,1593,232,2.2,11,1,15.6,1920,1080,141,0,5,0,6,201,16,0,0,4,1024.0,0,6.0,0,99852.0
4422,2,5247,318,1.7,12,1,14.0,2560,1440,210,1,4,0,12,320,16,0,0,6,1024.0,0,6.0,0,148949.0
4423,2,7506,427,1.7,16,1,15.6,1920,1080,141,0,5,0,18,155,8,0,0,4,1024.0,0,6.0,0,46990.0
4424,0,3685,30,1.8,12,1,15.6,1920,1080,141,0,5,0,6,312,8,0,1,2,1024.0,0,7.0,0,34999.0
4425,9,1635,156,1.86,12,1,15.6,1366,768,100,1,4,0,2,8,4,0,0,2,1024.0,0,11.0,0,36990.0
4426,15,4438,402,1.7,12,1,15.0,1920,1080,147,0,3,0,6,160,8,0,0,4,1024.0,0,6.0,0,47990.0
4427,2,7749,427,1.7,12,1,15.6,1920,1080,141,0,3,0,4,166,4,0,0,4,1024.0,0,6.0,0,30990.0
4428,15,3337,156,2.2,11,1,13.3,1920,1080,166,0,7,1,4,129,8,0,0,4,1024.0,0,6.0,0,153002.0
4429,9,2012,243,2.2,20,1,15.6,1366,768,100,0,3,0,3,125,4,0,0,4,500.0,0,6.0,0,33890.0
4430,2,2374,435,1.9,16,1,16.0,1920,1200,142,0,9,0,24,255,16,0,0,4,1024.0,0,8.0,0,88990.0
4431,9,1684,156,1.77,12,1,15.6,1920,1080,141,0,3,0,4,166,4,0,0,4,1024.0,0,6.0,0,35176.0
4432,6,602,165,1.23,12,1,13.3,1920,1080,166,0,5,0,8,155,8,0,0,4,1024.0,0,6.0,0,78190.0
4433,15,2775,156,2.2,0,1,15.6,1366,768,100,0,3,0,3,129,4,0,0,4,1024.0,0,6.0,0,25990.0
4434,2,7880,447,1.9,14,1,15.6,1920,1080,141,0,3,0,3,123,4,0,0,4,1024.0,0,6.0,0,28999.0
4435,9,1788,243,1.75,12,1,15.6,1920,1080,141,1,7,1,8,4,16,0,1,4,1024.0,0,9.0,0,107731.0
4436,0,3693,30,1.65,12,1,15.6,1920,1080,141,0,3,0,6,160,4,0,0,4,1024.0,0,6.0,0,38990.0
4437,2,7788,446,1.8,12,1,15.6,1920,1080,141,0,3,0,6,160,8,0,0,4,1024.0,0,6.0,0,44990.0
4438,9,1770,243,1.75,12,1,15.6,1920,1080,141,0,5,0,8,240,16,0,1,2,1024.0,0,6.0,0,73190.0
4439,15,6658,156,1.85,12,1,15.6,1920,1080,141,0,5,0,6,160,8,0,0,4,1024.0,0,6.0,0,40990.0
4440,2,5832,427,1.8,12,1,15.6,1920,1080,141,0,5,0,8,238,8,0,1,2,1024.0,0,6.0,0,49990.0
4441,9,2176,156,1.86,0,1,15.6,1366,768,100,0,3,0,3,129,4,0,0,4,1024.0,0,6.0,0,27990.0
4442,9,1774,243,1.75,16,1,15.6,1920,1080,141,0,5,0,8,240,16,0,0,2,1024.0,0,8.45,0,69990.0
4443,2,4679,374,2.2,12,1,15.6,1920,1080,141,1,7,0,6,249,16,0,0,6,1024.0,0,6.0,0,99900.0
4444,2,7746,427,1.9,14,1,15.6,1920,1080,141,0,3,0,3,129,4,0,0,4,1024.0,0,6.0,0,31990.0
4445,15,116,158,2.2,12,1,15.6,1920,1080,141,0,5,0,8,212,8,0,0,4,1024.0,0,8.0,0,109990.0
4446,9,2576,232,2.2,11,1,17.3,1920,1080,127,0,7,0,6,207,16,0,0,8,1024.0,0,6.0,0,169990.0
4447,9,8089,338,1.34,12,1,13.5,1920,1280,171,0,5,1,8,155,16,0,0,4,1024.0,0,6.0,0,101680.0
4448,16,534,122,1.8,16,1,15.6,1920,1080,141,0,5,0,12,248,16,0,0,4,1024.0,0,6.0,0,53990.0
4449,6,633,463,2.2,12,1,13.3,1920,1080,166,0,5,0,6,166,8,0,0,4,1024.0,0,6.0,0,75994.0
4450,9,8082,243,1.52,16,1,14.0,1920,1080,157,0,5,1,8,155,16,0,0,4,1024.0,0,8.0,0,73999.0
4451,2,7781,427,1.75,12,1,15.6,1920,1080,141,0,5,0,6,237,8,0,0,2,1024.0,0,6.0,0,65287.0
4452,16,5328,156,2.38,12,1,15.6,2560,1440,188,0,7,0,24,261,16,0,0,8,1024.0,0,6.0,0,199990.0
4453,2,7777,427,1.75,12,1,15.6,1920,1080,141,0,7,0,8,237,8,0,0,2,1024.0,0,6.0,0,69437.0
4454,2,5782,443,1.8,16,1,15.6,1920,1080,141,0,7,0,24,155,16,0,0,4,1024.0,0,10.0,0,78990.0
4455,9,679,101,1.32,12,1,13.3,1920,1080,166,0,7,1,12,155,16,0,0,4,1024.0,0,6.0,0,101680.0
4456,33,6877,156,2.2,11,1,10.1,1280,800,149,0,4,1,2,116,2,0,0,4,1024.0,0,6.0,0,19999.0
4457,2,6089,427,1.9,12,1,15.6,1920,1080,141,1,3,0,4,4,4,0,0,4,1024.0,0,6.0,0,37590.0
4458,2,5826,444,1.7,12,1,15.6,1920,1080,141,0,5,0,8,155,8,0,0,4,1024.0,0,6.0,0,63700.0
4459,9,940,156,1.46,12,1,14.0,1920,1080,157,0,5,0,6,160,8,0,1,4,1024.0,0,6.0,0,93094.0
4460,2,7732,427,1.9,12,1,15.6,1920,1080,141,0,5,0,6,160,8,0,0,4,1024.0,0,6.0,0,45190.0
4461,2,7180,506,1.14,12,1,13.3,1920,1080,166,0,5,0,8,155,16,0,1,4,1024.0,0,6.0,0,81990.0
4462,9,2003,243,2.2,20,1,15.6,1366,768,100,0,3,0,3,186,4,0,0,2,1024.0,0,6.0,0,44190.0
4463,6,2830,460,1.59,15,1,14.0,1920,1080,157,0,5,0,8,133,8,0,0,4,1024.0,0,6.0,0,56990.0
4464,6,849,166,1.24,12,1,14.5,2560,1600,208,0,5,0,6,239,8,0,0,2,1024.0,0,6.0,0,73690.0
4465,9,2596,0,1.8,0,1,14.0,1366,768,112,0,3,0,3,129,4,0,0,4,1024.0,0,6.0,0,28750.0
4466,9,970,156,1.25,16,1,14.0,1920,1080,157,3,4,0,1,378,8,0,0,4,1024.0,0,14.0,0,28890.0
4467,15,2819,156,1.87,12,1,15.6,1920,1080,141,0,3,0,3,9,8,0,0,2,1024.0,0,6.0,0,45990.0
4468,15,3330,189,2.3,16,1,16.0,2560,1600,189,0,7,0,24,261,32,0,0,8,1024.0,0,7.0,0,129990.0
4469,2,3746,16,2.3,11,1,15.6,1366,768,100,0,3,0,3,119,4,0,0,4,1024.0,0,6.0,0,24900.0
4470,15,745,385,1.26,12,1,13.0,2560,1600,232,0,5,0,8,155,16,0,0,4,1024.0,0,6.0,0,72990.0
4471,15,4324,156,0.62,12,1,10.1,1280,800,149,0,1,1,4,161,4,0,0,4,1024.0,0,13.0,0,21994.0
4472,15,6763,156,1.8,12,1,15.6,1920,1080,141,0,7,0,8,315,8,0,0,2,1024.0,0,6.0,0,111890.0
4473,2,5827,444,1.7,12,1,15.6,1920,1080,141,0,5,0,8,155,16,0,0,4,1024.0,0,6.0,0,72600.0
4474,9,1823,74,2.14,12,1,15.6,3840,2160,282,0,7,0,12,160,16,0,0,4,1024.0,0,6.0,0,161500.0
4475,15,94,159,1.6,12,1,14.0,1920,1080,157,0,3,0,4,160,4,0,0,4,1024.0,0,7.5,0,39990.0
4476,2,5029,303,2.1,16,1,15.6,1920,1080,141,1,7,0,20,255,16,0,0,4,1024.0,0,6.0,0,89990.0
4477,15,6652,156,1.85,12,1,15.6,1920,1080,141,0,3,0,4,160,4,0,0,4,1024.0,0,6.0,0,37990.0
4478,16,5324,156,2.4,12,1,15.6,1920,1080,141,0,7,0,12,250,16,0,0,8,1024.0,0,6.0,0,189990.0
4479,15,4439,402,1.7,0,1,15.6,1920,1080,141,0,3,0,6,160,4,0,0,4,1024.0,0,6.0,0,48300.0
4480,2,6712,441,1.2,12,1,14.0,1920,1080,157,0,7,0,8,166,8,0,0,4,1024.0,0,6.0,0,64990.0
4481,15,5528,156,2.25,16,1,15.6,1920,1080,141,1,7,0,16,209,16,0,1,4,1024.0,0,5.0,0,75500.0
4482,2,5817,427,1.75,12,1,15.6,1920,1080,141,0,3,0,8,160,8,0,0,4,1024.0,0,6.0,0,42262.0
4483,2,7786,427,1.7,12,1,15.6,1920,1080,141,0,3,0,3,129,4,0,0,4,1024.0,0,6.0,0,33990.0
4484,11,1257,213,1.53,12,1,15.6,1920,1080,141,1,5,0,12,86,8,0,0,4,1024.0,0,6.0,0,78890.0
4485,6,845,166,1.86,12,1,14.0,1920,1080,157,0,5,1,6,160,8,0,0,4,1024.0,0,6.0,0,71500.0
4486,2,4597,377,2.3,12,1,15.6,1920,1080,141,1,7,0,20,259,16,0,0,6,1024.0,0,6.0,0,119990.0
4487,9,2399,245,2.35,12,1,16.1,1920,1080,137,0,7,0,12,297,16,0,0,4,1024.0,0,6.0,0,95490.0
4488,2,7892,427,1.9,12,1,15.6,1366,768,100,0,1,1,4,161,4,0,0,4,1024.0,0,6.0,0,27990.0
4489,15,4426,402,1.7,12,1,15.6,1920,1080,141,0,5,0,8,160,16,0,0,4,1024.0,0,10.8,0,79999.0
4490,9,7590,249,1.63,12,1,14.0,1920,1080,157,0,5,1,6,166,8,0,0,4,1024.0,0,9.0,0,65990.0
4491,2,3748,16,2.3,11,1,15.6,1366,768,100,0,3,0,3,361,8,0,0,2,1024.0,0,6.0,0,27500.0
4492,15,4395,402,1.69,12,1,14.0,1920,1080,157,1,3,0,6,4,8,0,0,4,1024.0,0,6.0,0,44990.0
4493,15,7351,156,2.1,0,1,15.6,1366,768,100,1,4,0,1,4,4,0,0,4,1024.0,0,6.0,0,26800.0
4494,15,3145,162,1.8,20,1,14.0,1920,1080,157,0,7,0,4,125,8,0,0,4,1024.0,0,6.0,0,72890.0
4495,6,2866,460,1.69,16,1,15.6,1920,1080,141,0,3,0,6,160,8,0,0,4,1024.0,0,6.0,0,44590.0
4496,0,6447,412,1.65,12,1,14.0,1920,1080,157,0,3,0,6,160,8,0,0,4,1024.0,0,8.0,0,30990.0
4497,9,5185,13,1.7,0,1,15.6,1366,768,100,1,4,0,3,24,4,0,0,4,1024.0,0,5.0,0,25999.0
4498,6,619,463,2.2,12,1,13.3,1920,1080,166,0,5,1,6,160,8,0,0,4,1024.0,0,6.0,0,64999.0
4499,2,4561,112,1.82,12,1,15.6,1920,1080,141,0,5,0,6,201,8,0,0,4,1024.0,0,6.0,0,52990.0
4500,9,8113,48,1.65,3,1,14.0,1920,1080,157,0,5,1,6,160,8,0,0,4,1024.0,0,13.0,0,63990.0
4501,9,8054,249,1.59,12,1,14.0,1920,1080,157,0,3,1,4,312,4,0,0,2,1024.0,0,6.0,0,59878.0
4502,2,7906,447,2.3,12,1,17.3,1920,1080,127,0,5,0,8,155,16,0,0,4,1024.0,0,6.0,0,51990.0
4503,2,2516,447,1.8,16,1,16.0,1920,1200,142,0,5,0,18,255,16,0,0,4,1024.0,0,6.0,0,69990.0
4504,2,1512,433,1.63,16,1,15.6,1920,1080,141,1,5,0,4,4,16,0,0,4,1024.0,0,8.0,0,50890.0
4505,15,3166,471,1.7,12,1,14.0,1920,1080,157,0,5,1,6,286,8,0,0,2,1024.0,0,6.0,0,66990.0
4506,2,1514,433,1.63,16,1,15.6,1920,1080,141,1,5,0,4,4,16,0,0,4,1024.0,0,8.0,0,50990.0
4507,6,2828,460,1.59,15,1,14.0,1920,1080,157,1,5,0,12,88,8,0,0,4,1024.0,0,6.0,0,34990.0
4508,9,684,244,1.58,16,1,13.3,1920,1200,170,1,7,0,16,4,16,0,1,4,1024.0,0,6.0,0,91616.0
4509,2,7185,506,1.11,12,1,13.3,1920,1080,166,0,7,0,8,147,16,0,0,4,1024.0,0,6.0,0,89990.0
4510,0,3593,28,1.7,12,1,15.6,1920,1080,141,0,5,0,8,239,8,0,0,2,1024.0,0,9.0,0,57990.0
4511,15,714,156,2.4,12,1,15.6,1366,768,100,0,3,0,3,123,4,0,0,4,1024.0,0,8.0,0,28999.0
4512,2,4468,77,1.05,12,1,11.6,1366,768,135,0,1,0,4,161,4,0,0,4,1024.0,0,10.0,0,26990.0
4513,9,906,243,1.9,20,1,14.0,1366,768,112,0,3,0,3,119,4,0,0,4,1024.0,0,3.0,0,40056.0
4514,15,1134,385,1.5,12,1,14.0,1920,1080,157,0,5,0,8,155,16,0,0,4,1024.0,0,6.0,0,89990.0
4515,2,5035,303,2.3,16,1,15.6,1920,1080,141,1,7,0,20,259,16,0,0,6,1024.0,0,6.0,0,87044.0
4516,0,3991,227,2.1,16,1,15.6,1920,1080,141,0,5,0,12,255,16,0,0,6,1024.0,0,6.0,0,79990.0
4517,2,7716,427,1.9,12,1,15.6,1920,1080,141,0,3,0,4,160,4,0,0,4,1024.0,0,6.0,0,34990.0
4518,15,2726,215,1.02,14,1,10.1,1920,1080,218,0,4,1,2,130,4,0,0,4,1024.0,0,6.0,0,25489.0
4519,2,5823,444,1.6,12,1,15.6,1920,1080,141,0,3,0,6,160,4,0,0,4,1024.0,0,6.0,0,44990.0
4520,15,3388,189,2.1,12,1,15.6,1920,1080,141,0,7,0,12,321,16,0,0,8,1024.0,0,6.0,0,161494.0
4521,9,1673,156,2.2,0,1,15.6,1920,1080,141,0,5,0,6,166,4,0,0,4,1024.0,0,6.0,0,38990.0
4522,15,136,160,1.66,16,1,15.6,1920,1080,141,0,5,0,8,155,16,0,0,4,1024.0,0,8.0,0,59900.0
4523,9,5172,9,1.74,16,1,15.6,1366,768,100,0,3,0,12,133,8,0,0,4,1024.0,0,6.0,0,39990.0
4524,2,6107,447,1.8,12,1,15.6,1922,1080,141,1,4,0,4,4,4,0,0,4,1024.0,0,6.0,0,26990.0
4525,9,2002,243,2.2,20,1,15.6,1366,768,100,0,5,0,3,186,4,0,0,2,1024.0,0,6.0,0,47890.0
4526,9,1212,156,1.43,12,1,14.0,1920,1080,157,0,5,0,6,8,8,0,0,2,1024.0,0,6.0,0,57990.0
4527,15,2740,156,2.2,12,1,15.6,1920,1080,141,0,5,0,6,166,8,0,0,4,1024.0,0,6.0,0,54990.0
4528,15,5574,156,2.25,17,1,15.6,1920,1080,141,0,5,0,12,209,16,0,0,4,1024.0,0,8.0,0,56999.0
4529,2,4491,156,1.3,12,1,14.0,1920,1080,157,0,2,0,4,162,4,0,0,4,1024.0,0,6.0,0,27990.0
4530,2,6067,424,1.6,12,1,14.0,1920,1080,157,1,4,0,5,41,4,0,0,4,1024.0,0,6.0,0,28990.0
4531,15,5552,156,2.2,16,1,15.6,1920,1080,141,1,5,0,12,209,8,0,0,4,1024.0,0,6.0,0,57000.0
4532,2,7714,447,1.9,12,1,15.6,1920,1080,141,0,3,0,4,160,8,0,0,4,1024.0,0,6.0,0,38990.0
4533,15,6617,156,1.85,0,1,15.6,1920,1080,141,0,5,0,6,233,8,0,0,2,1024.0,0,6.0,0,42990.0
4534,2,2529,447,1.8,16,1,16.0,1920,1200,142,0,5,0,12,248,8,0,0,4,1024.0,0,6.0,0,57990.0
4535,2,4465,447,1.2,14,1,11.6,1366,768,135,0,1,0,2,130,2,0,0,4,500.0,0,10.0,0,19490.0
4536,6,1327,168,1.8,12,1,15.6,1920,1080,141,0,3,0,6,160,8,0,0,4,1024.0,0,6.0,0,42450.0
4537,15,6682,156,1.6,12,1,14.0,1920,1080,157,0,3,0,4,160,8,0,0,4,1024.0,0,11.1,0,49000.0
4538,6,1275,460,1.78,12,1,15.6,1920,1080,141,0,5,0,4,155,8,0,0,4,1024.0,0,6.0,0,59990.0
4539,2,4245,48,1.27,3,1,14.0,1920,1080,157,0,4,0,4,128,4,0,0,4,1024.0,0,12.0,0,67581.0
4540,2,7758,427,1.7,12,1,15.6,1920,1080,141,0,7,0,8,235,8,0,0,2,1024.0,0,6.0,0,57359.0
4541,2,7693,447,1.68,12,1,15.6,1366,768,100,0,2,0,4,162,4,0,0,4,1024.0,0,6.0,0,22590.0
4542,2,4607,377,2.3,12,1,15.6,1920,1080,141,1,7,0,8,255,8,0,0,4,1024.0,0,6.0,0,77990.0
4543,15,4325,156,0.51,12,1,10.1,1280,800,149,0,1,1,4,161,4,0,0,4,1024.0,0,13.0,0,26450.0
4544,15,2773,156,2.2,12,1,15.6,1920,1080,141,0,3,0,3,129,4,0,0,4,1024.0,0,6.0,0,29990.0
4545,9,5177,0,1.47,16,0,14.0,1366,768,112,0,3,0,6,160,8,0,0,4,1024.0,0,4.0,0,39999.0
4546,0,6445,412,1.65,12,1,14.0,1920,1080,157,0,5,0,8,155,8,0,0,4,1024.0,0,6.0,0,52100.0
4547,15,7409,156,1.92,0,1,15.6,1920,1080,141,1,3,0,12,4,4,0,0,4,1024.0,0,3.0,0,26990.0
4548,15,126,475,1.4,12,1,14.0,1920,1080,157,0,7,1,12,155,16,0,0,4,1024.0,0,6.0,0,98657.0
4549,2,7908,156,2.3,12,1,17.3,1920,1080,127,0,5,0,8,155,16,0,0,4,1024.0,0,6.0,0,43427.0
4550,2,4672,374,2.2,12,1,15.6,1920,1080,141,1,7,0,4,209,8,0,0,4,1024.0,0,6.0,0,59490.0
4551,16,5323,156,2.62,12,1,15.6,1920,1080,141,0,7,0,9,250,16,0,0,8,1024.0,0,6.0,0,184990.0
4552,15,3307,189,2.3,12,1,15.6,1920,1080,141,0,5,0,8,293,8,0,0,4,1024.0,0,6.0,0,87000.0
4553,15,5886,156,1.55,12,1,15.6,1920,1080,141,0,5,0,8,293,8,0,0,4,1024.0,0,6.0,0,57299.0
4554,9,1656,243,1.77,12,1,15.6,1920,1080,141,0,5,1,6,234,8,0,0,2,2048.0,0,6.0,0,69999.0
4555,2,4806,374,2.7,12,1,17.3,1920,1080,127,1,5,0,6,209,8,0,0,4,1024.0,0,6.0,0,60990.0
4556,2,7743,427,1.9,12,1,15.6,1920,1080,141,0,2,0,2,127,4,0,0,4,1024.0,0,6.0,0,24990.0
4557,15,7304,156,1.8,0,1,15.6,1366,768,100,0,3,0,3,166,4,0,0,4,1024.0,0,6.0,0,23400.0
4558,9,647,101,1.33,16,1,13.3,1920,1080,166,0,7,0,12,154,16,0,0,4,1024.0,0,6.0,0,98680.0
4559,2,3741,454,2.2,7,1,15.6,1920,1080,141,0,3,0,3,189,4,0,0,2,1024.0,0,6.0,0,35000.0
4560,29,6798,156,1.39,12,1,14.0,1920,1080,157,0,5,0,8,155,8,0,0,4,1024.0,0,6.0,0,73233.0
4561,9,1750,243,1.98,12,1,15.6,1920,1080,141,1,7,0,6,209,8,0,0,4,1024.0,0,6.0,0,73490.0
4562,2,7757,427,2.2,12,1,15.6,1920,1080,141,0,7,0,8,313,8,0,0,2,1024.0,0,8.0,0,55990.0
4563,9,1216,156,1.47,12,1,14.0,1366,768,112,0,5,0,6,160,8,0,0,4,1024.0,0,6.0,0,59990.0
4564,2,5834,447,1.8,12,1,15.6,1920,1080,141,0,5,0,8,160,8,0,0,4,1024.0,0,6.0,0,53990.0
4565,15,6647,156,1.85,12,1,15.6,1920,1080,141,0,3,0,3,129,4,0,0,4,1024.0,0,6.0,0,50990.0
4566,2,7155,506,1.14,12,1,13.3,1920,1080,166,1,7,0,16,4,16,0,0,4,1024.0,0,6.0,0,102990.0
4567,6,1349,460,2.2,10,1,15.6,1366,768,100,0,5,0,3,123,4,0,0,4,1024.0,0,6.0,0,41920.0
4568,15,2737,156,2.2,12,1,15.6,1366,768,100,1,4,0,2,41,4,0,0,4,1024.0,0,6.0,0,28490.0
4569,2,1148,447,1.45,16,1,14.0,2880,1800,243,0,9,0,24,255,16,0,0,4,1024.0,0,6.0,0,114990.0
4570,9,2640,9,1.74,12,1,15.6,1920,1080,141,0,3,0,4,160,8,0,0,4,1024.0,0,6.0,0,37990.0
4571,15,2731,156,1.9,0,1,15.6,1920,1080,141,0,3,0,3,123,4,0,0,4,2048.0,0,6.0,0,29671.0
4572,15,7595,402,1.22,12,1,13.3,1920,1080,166,0,7,0,8,160,8,0,0,4,1024.0,0,6.0,0,22689.0
4573,2,4760,375,2.0,12,1,15.6,1920,1080,141,0,7,0,12,261,16,0,0,8,1024.0,0,6.0,0,149990.0
4574,2,7085,431,1.5,12,1,14.0,1920,1080,157,1,5,0,11,71,8,0,0,4,1024.0,0,6.0,0,69990.0
4575,2,2531,447,1.8,16,1,16.0,1920,1200,142,0,5,0,12,248,16,0,1,4,1024.0,0,6.0,0,75999.0
4576,2,6077,424,1.6,12,1,14.0,1920,1080,157,1,5,0,4,86,4,0,0,4,1024.0,0,6.0,0,45300.0
4577,2,7227,518,1.17,12,1,14.0,1920,1080,157,0,7,0,12,155,16,0,0,4,1024.0,0,6.0,0,75990.0
4578,0,3668,156,1.76,16,1,15.6,1920,1080,141,1,5,0,12,4,8,0,0,4,1024.0,0,6.0,0,49990.0
4579,26,7991,156,1.38,12,1,12.2,2560,1600,247,0,5,1,4,128,4,0,0,4,1024.0,0,8.0,0,41390.0
4580,0,3736,30,1.78,16,1,15.6,1920,1080,141,0,3,0,12,160,8,0,0,4,1024.0,0,6.0,0,37990.0
4581,9,1669,156,1.77,12,1,15.6,1366,768,100,0,1,0,4,161,4,0,0,4,1024.0,0,6.0,0,21499.0
4582,2,7803,427,1.8,12,1,15.6,1366,768,100,0,3,0,6,160,8,0,0,4,1024.0,0,6.0,0,29990.0
4583,2,4660,114,2.5,12,1,15.6,1920,1080,141,0,7,0,6,287,8,0,0,4,1024.0,0,6.0,0,87990.0
4584,6,5926,19,2.5,12,1,15.6,3840,2160,282,0,9,0,16,329,32,0,0,8,1024.0,0,12.0,0,356166.0
4585,2,7084,431,1.5,12,1,14.0,1920,1080,157,1,3,0,12,70,4,0,0,4,1024.0,0,6.0,0,49990.0
4586,15,4341,402,1.77,14,1,14.0,1920,1080,157,0,7,0,8,59,16,0,0,2,1024.0,0,6.0,0,126000.0
4587,15,4475,156,2.2,0,1,14.0,1366,768,112,1,4,0,1,44,4,0,0,4,1024.0,0,4.0,0,23490.0
4588,0,3564,28,1.7,16,1,15.6,1920,1080,141,0,3,0,12,160,8,0,0,4,1024.0,0,6.0,0,29980.0
4589,2,7660,424,1.55,12,1,14.0,1920,1080,157,0,5,0,8,160,8,0,0,4,1024.0,0,6.0,0,49990.0
4590,2,6591,295,2.1,0,1,15.6,1920,1080,141,0,7,0,4,185,8,0,0,2,1024.0,0,6.0,0,50990.0
4591,2,5765,447,1.8,16,1,15.6,1920,1080,141,0,5,0,8,155,16,0,0,4,1024.0,0,8.0,0,61990.0
4592,6,4890,156,2.4,11,1,15.6,1920,1080,141,0,5,0,8,209,8,0,0,4,1024.0,0,10.0,0,78324.0
4593,2,5065,311,2.57,12,1,15.6,1920,1080,141,0,7,0,16,323,16,0,0,8,1024.0,0,6.0,0,141504.0
4594,9,2560,75,3.05,12,1,17.3,1920,1080,127,0,7,1,8,235,12,0,0,4,1024.0,0,6.0,0,163601.0
4595,9,2401,245,2.35,12,1,16.1,1920,1080,137,0,7,0,16,212,16,0,1,4,1024.0,0,6.0,0,96490.0
4596,2,7677,424,1.6,12,1,14.1,1920,1080,156,0,3,0,4,160,4,0,0,4,1024.0,0,6.0,0,34200.0
4597,6,1411,168,2.2,12,1,15.6,1920,1080,141,0,5,0,8,160,8,0,0,4,1024.0,0,6.0,0,71999.0
4598,2,7199,506,1.26,14,1,13.3,1920,1080,166,0,5,0,8,237,8,0,0,2,1024.0,0,13.2,0,82300.0
4599,0,3590,28,2.2,16,1,15.6,1920,1080,141,0,3,0,12,160,8,0,0,4,1024.0,0,8.0,0,36850.0
4600,0,6797,260,2.4,16,1,16.0,2560,1600,189,0,7,0,24,262,32,0,0,8,1024.0,0,6.0,0,135323.0
4601,0,3594,28,1.78,16,1,15.6,1920,1080,141,0,5,0,12,155,8,0,0,4,1024.0,0,6.0,0,56999.0
4602,0,3509,28,1.45,16,1,14.0,1366,768,112,0,2,0,12,160,4,0,0,4,1024.0,0,6.0,0,29999.0
4603,6,2922,168,1.8,16,1,15.6,1920,1080,141,1,4,0,4,4,4,0,0,4,1024.0,0,7.0,0,42711.0
4604,0,6837,363,1.05,16,1,14.0,1920,1080,157,0,7,1,12,155,16,0,0,4,1024.0,0,17.0,0,94990.0
4605,6,3207,166,1.55,16,1,14.0,1920,1200,162,0,5,0,12,155,16,0,0,4,1024.0,0,6.0,0,69990.0
4606,0,3890,225,2.3,12,1,15.6,1920,1080,141,1,5,0,11,209,8,0,0,4,1024.0,0,6.0,0,60990.0
4607,6,3249,168,1.63,16,1,15.6,1920,1080,141,0,5,0,8,240,8,0,0,2,1024.0,0,6.0,0,64990.0
4608,6,2902,168,1.85,16,1,15.6,1920,1080,141,0,3,0,6,160,8,0,0,4,1024.0,0,6.0,0,48999.0
4609,6,3204,166,1.55,16,1,14.0,1920,1200,162,0,3,0,10,160,8,0,0,4,1024.0,0,6.0,0,52250.0
4610,2,4705,380,2.2,16,1,15.6,1920,1080,141,0,7,0,12,259,16,0,0,6,1024.0,0,3.0,0,114990.0
4611,6,2556,463,2.57,16,1,17.0,3840,2400,266,0,7,0,24,259,16,0,0,6,1024.0,0,6.0,0,170000.0
4612,6,2913,168,1.85,16,1,15.6,1920,1080,141,0,3,0,6,160,8,0,0,4,1024.0,0,6.0,0,41990.0
4613,6,3205,166,1.55,16,1,14.0,1920,1200,162,0,5,0,12,242,16,0,0,2,1024.0,0,6.0,0,74989.0
4614,0,6499,255,2.6,16,1,15.6,2560,1440,188,0,7,0,24,261,16,0,0,8,1024.0,0,6.0,0,174990.0
4615,6,3208,166,1.55,16,1,14.0,1920,1080,157,0,7,0,12,242,16,0,0,2,1024.0,0,6.0,0,87490.0
4616,9,6554,494,1.89,14,1,15.6,1920,1080,141,0,7,0,24,274,32,0,0,4,1024.0,0,12.0,0,241959.0
4617,6,3187,166,1.46,16,1,14.0,1920,1080,157,0,3,0,8,160,8,0,0,4,1024.0,0,6.0,0,49489.0
4618,6,3188,166,1.46,16,1,14.0,1920,1080,157,0,5,0,8,240,8,0,0,2,1024.0,0,6.0,0,64989.0
4619,6,4889,156,2.4,12,1,15.6,1920,1080,141,0,7,0,16,256,16,0,0,4,1024.0,0,6.0,0,96990.0
4620,6,3198,166,1.46,16,1,14.0,1920,1080,157,0,7,0,12,240,16,0,0,2,1024.0,0,6.0,0,84989.0
4621,6,3248,168,1.63,16,1,15.6,1920,1080,141,0,5,0,8,155,16,0,0,4,1024.0,0,6.0,0,66989.0
4622,6,3210,166,1.54,16,1,14.0,1920,1080,157,1,7,0,12,4,16,0,0,4,1024.0,0,6.0,0,72989.0
4623,6,3246,168,1.63,16,1,15.6,1920,1080,141,0,3,0,8,160,8,0,0,4,1024.0,0,6.0,0,49489.0
4624,2,7494,427,1.7,16,1,15.6,1920,1080,141,0,5,0,12,160,8,0,0,4,1024.0,0,6.0,0,58980.0
4625,9,2603,156,2.2,12,1,15.6,1920,1080,141,0,3,0,12,133,8,0,0,4,1024.0,0,6.0,0,45165.0
4626,0,7090,412,1.4,16,1,11.6,1366,768,135,0,1,0,12,161,4,0,0,4,1024.0,0,8.0,0,23990.0
4627,9,669,101,1.3,16,1,13.3,1920,1080,166,1,5,0,16,4,8,0,0,4,1024.0,0,6.0,0,70480.0
4628,16,581,178,2.25,16,1,15.6,1920,1080,141,0,7,0,12,259,16,0,0,6,1024.0,0,6.0,0,132990.0
4629,6,3247,168,1.63,16,1,15.6,1920,1080,141,0,5,0,8,155,8,0,0,4,1024.0,0,6.0,0,62490.0
4630,2,3406,318,1.7,12,1,14.0,2560,1440,210,1,4,0,16,256,16,0,0,4,1024.0,0,4.0,0,130990.0
4631,6,3283,460,1.91,16,1,16.0,1920,1200,142,0,5,0,12,160,8,0,0,4,1024.0,0,6.0,0,66199.0
4632,16,585,121,2.38,16,1,15.6,2560,1440,188,0,7,0,12,262,16,0,0,8,1024.0,0,6.0,0,147743.0
4633,6,3286,460,1.91,16,1,16.0,1920,1200,142,0,7,0,18,242,16,0,0,2,1024.0,0,6.0,0,95800.0
4634,9,1012,156,1.46,12,1,14.0,1366,768,112,1,3,1,4,4,8,0,0,4,1024.0,0,9.45,0,56952.0
4635,15,5546,156,2.25,16,1,15.6,1920,1080,141,1,7,0,16,255,16,0,0,4,1024.0,0,4.0,0,87717.0
4636,2,6432,107,1.8,0,1,15.6,1920,1080,141,0,3,0,6,138,4,0,0,4,1024.0,0,5.0,0,34988.0
4637,6,3285,460,1.91,16,1,16.0,1920,1200,142,0,5,0,12,155,16,0,0,4,1024.0,0,6.0,0,70200.0
4638,15,7379,156,1.85,12,1,15.6,1920,1080,141,1,3,0,12,4,4,0,0,4,1024.0,0,6.0,0,32999.0
4639,16,4064,65,2.47,16,1,15.6,2560,1440,188,0,7,0,12,261,16,0,0,8,1024.0,0,6.0,0,179990.0
4640,16,874,262,1.29,12,1,14.0,1920,1080,157,0,7,0,12,155,16,0,0,4,1024.0,0,6.0,0,84990.0
4641,6,3284,460,1.91,16,1,16.0,1920,1200,142,0,5,0,12,242,16,0,0,2,1024.0,0,6.0,0,77800.0
4642,6,3289,460,1.9,16,1,16.0,1920,1080,138,1,5,0,16,4,16,0,0,4,1024.0,0,8.0,0,58499.0
4643,4,4195,96,1.83,12,1,14.0,1366,768,112,0,3,0,12,129,8,0,0,4,500.0,0,5.0,0,64989.0
4644,9,3399,94,1.3,11,1,14.0,1920,1080,157,0,5,0,8,133,8,0,0,4,1024.0,0,6.0,0,120824.0
4645,9,6549,156,1.89,14,1,15.6,1920,1080,141,0,7,0,12,282,16,0,0,4,1024.0,0,12.0,0,175999.0
4646,15,6904,156,1.4,16,1,14.0,1920,1080,157,1,5,0,8,4,8,0,0,4,1024.0,0,9.0,0,52490.0
4647,9,5171,13,2.8,16,1,15.6,1366,768,100,1,3,0,4,4,8,0,0,4,1024.0,0,6.0,0,36584.0
4648,6,5928,19,2.42,16,1,15.6,2560,1440,188,0,7,0,24,262,16,0,0,8,1024.0,0,6.0,0,214990.0
4649,6,5927,19,2.69,16,1,15.6,2560,1440,188,0,7,0,24,265,32,0,0,16,1024.0,0,6.0,0,269990.0
4650,6,2880,460,1.69,16,1,15.6,1920,1080,141,0,3,0,4,160,8,0,0,4,1024.0,0,6.0,0,39989.0
4651,2,5232,318,1.7,12,1,14.0,1920,1080,157,1,7,0,12,230,8,0,0,4,1024.0,0,4.0,0,74500.0
4652,2,7821,447,1.8,12,1,15.6,1366,768,100,0,3,0,4,133,4,0,0,4,1024.0,0,6.0,0,38000.0
4653,0,3529,28,1.9,16,1,15.6,1920,1080,141,1,3,0,12,4,4,0,0,4,1024.0,0,9.0,0,31499.0
4654,9,3400,94,1.3,11,1,14.0,1920,1080,157,0,7,0,12,155,16,0,0,4,1024.0,0,6.0,0,151000.0
4655,0,4540,110,1.7,16,1,15.6,1920,1080,141,0,3,0,12,160,4,0,0,4,1024.0,0,8.0,0,35490.0
4656,9,6551,494,1.89,14,1,15.6,1920,1080,141,0,7,0,24,356,32,0,0,4,1024.0,0,6.0,0,189499.0
4657,0,3580,28,1.7,16,1,15.6,1920,1080,141,0,5,0,8,155,8,0,0,4,1024.0,0,9.0,0,38190.0
4658,2,4554,156,2.0,0,1,15.6,1366,768,100,0,3,0,4,115,4,0,0,4,1024.0,0,5.0,0,34590.0
4659,0,3907,225,2.4,12,1,15.6,1920,1080,141,1,7,0,12,259,16,0,0,6,1024.0,0,10.0,0,119990.0
4660,9,5194,9,3.0,14,1,15.6,1366,768,100,0,5,0,12,133,8,0,0,4,1024.0,0,6.0,0,73390.0
4661,15,6906,156,1.65,16,1,15.6,1920,1080,141,1,5,0,8,4,4,0,0,4,1024.0,0,9.0,0,53990.0
4662,2,5586,374,5.0,12,1,15.6,1920,1080,141,0,7,0,12,255,16,0,0,4,1024.0,0,4.0,0,95900.0
4663,6,1449,168,1.8,12,1,15.6,1920,1080,141,0,5,0,8,212,8,0,0,4,1024.0,0,6.0,0,89900.0
4664,15,4379,402,1.7,0,1,14.0,1920,1080,157,0,3,0,6,160,4,0,0,4,1024.0,0,6.0,0,46500.0
4665,6,1339,168,1.83,12,1,15.6,1920,1080,141,1,3,0,4,86,8,0,0,4,1024.0,0,6.0,0,37990.0
4666,2,4764,375,2.0,12,1,15.6,1920,1080,141,0,7,0,12,261,16,0,0,8,1024.0,0,6.0,0,134980.0
4667,15,2682,156,1.7,16,1,15.6,1920,1080,141,0,3,0,4,160,8,0,0,4,1024.0,0,6.0,0,24837.0
4668,2,4649,379,2.6,12,1,17.3,1920,1080,127,1,7,0,16,259,16,0,0,6,1024.0,0,6.0,0,117990.0
4669,6,1322,168,1.83,12,1,15.6,1366,768,100,1,4,0,4,4,4,0,0,4,1024.0,0,6.0,0,32849.0
4670,2,4799,380,2.3,12,1,15.6,1920,1080,141,0,5,0,8,209,8,0,0,4,1024.0,0,6.0,0,58999.0
4671,15,740,385,1.26,12,1,13.3,1920,1080,166,0,7,0,12,155,16,0,0,4,1024.0,0,6.0,0,95000.0
4672,9,1775,156,1.74,16,1,15.6,1920,1080,141,0,5,0,12,154,8,0,0,4,1024.0,0,6.0,0,61900.0
4673,2,5251,318,1.6,12,1,14.0,1920,1080,157,1,4,0,16,255,16,0,0,4,1024.0,0,6.0,0,116990.0
4674,2,4628,377,2.3,12,1,15.6,1920,1080,141,1,7,0,16,259,16,0,0,6,1024.0,0,6.0,0,112990.0
4675,2,5018,303,2.3,12,1,15.6,1920,1080,141,1,4,0,16,261,16,0,0,8,1024.0,0,6.0,0,169990.0
4676,15,1490,385,2.0,12,1,15.6,1920,1080,141,0,3,0,6,160,8,0,0,4,1024.0,0,6.0,0,45900.0
4677,2,5831,427,1.8,12,1,15.6,1920,1080,141,0,7,0,12,155,8,0,0,4,1024.0,0,6.0,0,66990.0
4678,3,7340,201,1.25,12,1,14.0,1920,1080,157,0,5,0,8,160,8,0,0,4,1024.0,0,6.0,0,40990.0
4679,2,4691,380,2.2,12,1,15.6,1920,1080,141,0,5,0,12,256,16,0,0,4,1024.0,0,6.0,0,77990.0
4680,15,2693,156,2.4,16,1,15.6,1920,1080,141,0,3,0,12,133,8,0,0,4,1024.0,0,6.0,0,39650.0
4681,15,6690,156,1.6,12,1,15.6,1920,1080,141,0,5,0,6,237,8,0,0,2,1024.0,0,6.0,0,66999.0
4682,15,6943,156,1.39,12,1,14.0,1920,1080,157,0,5,0,8,155,8,0,0,4,1024.0,0,6.0,0,63999.0
4683,2,4783,380,2.3,12,1,15.6,1920,1080,141,0,5,0,12,256,16,0,0,4,1024.0,0,6.0,0,92990.0
4684,15,3107,157,1.5,12,1,14.0,1920,1080,157,0,5,0,8,155,8,0,0,4,1024.0,0,6.0,0,67990.0
4685,15,2103,159,1.7,12,1,15.6,1920,1080,141,0,3,0,4,160,4,0,0,4,1024.0,0,6.0,0,36990.0
4686,15,4445,156,1.7,12,1,15.0,1920,1080,147,0,3,0,6,160,4,0,0,4,1024.0,0,6.0,0,42990.0
4687,15,7430,156,1.7,12,1,15.6,1920,1080,141,0,3,0,6,160,4,0,0,4,1024.0,0,6.0,0,38305.0
4688,15,4377,402,2.2,12,1,14.0,1920,1080,157,0,7,0,12,155,16,0,0,4,1024.0,0,6.0,0,130000.0
4689,0,3901,225,2.4,12,1,15.6,1920,1080,141,1,7,0,16,256,16,0,0,4,1024.0,0,6.0,0,89990.0
4690,2,7154,506,1.14,12,1,13.3,1920,1080,166,1,5,0,16,4,16,0,0,4,1024.0,0,6.0,0,75980.0
4691,15,7433,156,2.41,12,1,15.6,1920,1080,141,0,5,0,6,160,8,0,0,4,1024.0,0,6.0,0,55824.0
4692,2,5012,303,2.3,12,1,15.6,1920,1080,141,1,7,0,16,259,16,0,0,6,1024.0,0,6.0,0,145990.0
4693,2,7661,424,1.5,12,1,14.1,1920,1080,156,0,5,0,8,155,8,0,0,4,1024.0,0,6.0,0,44990.0
4694,15,7382,156,1.81,12,1,15.6,1920,1080,141,1,5,0,4,86,8,0,0,4,1024.0,0,6.0,0,49339.0
4695,2,4824,382,2.6,12,1,17.3,1920,1080,127,0,5,0,12,255,8,0,0,4,1024.0,0,6.0,0,83000.0
4696,2,5809,444,1.8,12,1,14.0,1920,1080,157,0,5,0,8,160,16,0,0,4,1024.0,0,6.0,0,66490.0
4697,2,4746,375,2.0,12,1,15.6,1920,1080,141,0,7,0,12,255,16,0,0,4,1024.0,0,6.0,0,104343.0
4698,2,7643,424,1.6,12,1,14.0,1920,1080,157,0,3,0,6,160,8,0,0,4,1024.0,0,6.0,0,37500.0
4699,2,5264,318,1.6,12,1,14.0,1920,1080,157,1,7,0,16,209,8,0,0,4,1024.0,0,6.0,0,79999.0
4700,2,5231,318,1.6,12,1,14.0,1920,1080,157,1,7,0,8,209,8,0,0,4,1024.0,0,6.0,0,76990.0
4701,15,7068,385,1.7,12,1,15.0,1920,1080,147,0,5,0,8,160,8,0,0,4,1024.0,0,6.0,0,59990.0
4702,15,3098,189,2.3,12,1,15.6,1920,1080,141,0,5,0,8,209,8,0,0,4,1024.0,0,6.0,0,59990.0
4703,2,5123,305,2.5,12,1,17.3,1920,1080,127,1,4,0,16,256,16,0,0,4,1024.0,0,6.0,0,124990.0
4704,2,5262,318,1.6,12,1,14.0,1920,1080,157,1,7,0,20,209,8,0,0,4,1024.0,0,6.0,0,87990.0
4705,2,5234,318,1.6,12,1,14.0,1920,1080,157,1,7,0,8,209,8,0,0,4,1024.0,0,6.0,0,76661.0
4706,2,4467,156,1.05,12,1,11.3,1366,768,139,0,1,0,4,161,4,0,0,4,1024.0,0,6.0,0,25990.0
4707,15,166,160,1.38,12,1,14.0,1920,1080,157,0,5,0,8,155,16,0,0,4,1024.0,0,6.0,0,69990.0
4708,6,1276,460,1.78,12,1,15.6,1920,1080,141,0,5,0,4,155,8,0,0,2,1024.0,0,6.0,0,64990.0
4709,13,2549,532,1.19,12,1,16.0,2560,1600,189,0,5,0,8,155,8,0,0,4,1024.0,0,6.0,0,49990.0
4710,15,167,160,1.66,12,1,15.6,1920,1080,141,1,7,0,8,4,16,0,0,4,1024.0,0,6.0,0,68994.0
4711,0,6496,255,2.49,12,1,15.6,1920,1080,141,0,7,0,24,259,16,0,0,6,1024.0,0,6.0,0,156431.0
4712,15,4387,402,1.6,14,1,14.0,1920,1080,157,1,5,0,3,4,8,0,0,4,1024.0,0,6.0,0,88000.0
4713,15,2098,159,1.85,12,1,15.6,1366,768,100,0,3,0,4,160,8,0,0,4,1024.0,0,6.0,0,39890.0
4714,2,4995,303,2.1,12,1,15.6,1920,1080,141,1,7,0,8,209,8,0,0,4,1024.0,0,6.0,0,74990.0
4715,2,4489,156,1.3,12,1,14.0,1920,1080,157,0,1,0,4,161,4,0,0,4,1024.0,0,6.0,0,24990.0
4716,2,4156,106,1.1,14,1,14.0,1920,1080,157,0,7,0,12,154,16,0,0,4,1024.0,0,6.0,0,115489.0
4717,15,3126,189,2.3,12,1,15.6,1920,1080,141,0,5,0,8,209,8,0,0,4,1024.0,0,6.0,0,66490.0
4718,2,4490,156,1.3,12,1,14.0,1920,1080,157,0,1,0,4,161,4,0,0,4,1024.0,0,6.0,0,21990.0
4719,15,3128,189,2.3,12,1,15.6,1920,1080,141,0,7,0,12,209,16,0,0,4,1024.0,0,6.0,0,75490.0
4720,0,6866,340,1.4,16,1,13.3,2560,1600,227,0,5,1,12,155,8,0,0,4,1024.0,0,6.0,0,99999.0
4721,2,4704,380,2.3,12,1,15.6,1920,1080,141,0,9,0,24,259,16,0,1,6,1024.0,0,6.0,0,144924.0
4722,0,6873,341,1.2,16,1,13.5,2256,1504,201,0,7,1,12,155,16,0,0,4,1024.0,0,6.0,0,129999.0
4723,0,6806,362,1.2,16,1,14.0,1920,1080,157,1,5,0,12,4,8,0,0,4,1024.0,0,6.0,0,59999.0
4724,0,3699,30,1.9,12,1,15.6,1920,1080,141,0,3,0,12,155,4,0,0,4,1024.0,0,6.0,0,51807.0
4725,2,4750,375,2.0,12,1,15.6,1920,1080,141,0,5,0,8,256,16,0,1,4,1024.0,0,6.0,0,96990.0
4726,2,5158,313,2.7,12,1,17.3,2560,1440,170,1,4,0,16,264,32,0,0,16,1024.0,0,6.0,0,335990.0
4727,2,4752,375,2.0,12,1,15.6,1920,1080,141,0,7,0,12,255,16,0,0,4,1024.0,0,6.0,0,93990.0
4728,15,4388,402,1.69,12,1,14.0,1920,1080,157,1,5,0,16,4,8,0,0,4,1024.0,0,6.0,0,68284.0
4729,15,4378,402,1.7,12,1,14.0,1920,1080,157,0,3,0,12,160,4,0,0,4,1024.0,0,6.0,0,52500.0
4730,2,6413,107,1.68,0,1,14.0,1366,768,112,0,5,0,6,160,8,0,0,4,1024.0,0,6.0,0,42605.0
4731,15,6419,402,1.8,14,1,14.0,1920,1080,157,0,7,0,12,342,16,0,0,4,1024.0,0,5.0,0,110000.0
4732,2,4706,380,2.3,12,1,15.6,1920,1080,141,0,7,0,24,259,16,0,0,6,1024.0,0,6.0,0,120980.0
4733,2,5263,318,1.6,12,1,14.0,1920,1080,157,1,7,0,16,209,8,0,0,4,1024.0,0,6.0,0,89990.0
4734,15,7045,402,1.53,14,1,14.0,1920,1080,157,0,7,0,12,240,16,0,0,2,1024.0,0,6.0,0,164751.0
4735,15,6900,156,2.2,12,1,15.6,1920,1080,141,0,3,0,12,160,8,0,0,4,1024.0,0,6.0,0,48490.0
4736,2,5273,318,1.7,12,1,14.0,2560,1440,210,1,4,0,16,259,32,0,0,6,1024.0,0,6.0,0,169990.0
4737,2,7654,447,1.55,12,1,14.0,1920,1080,157,0,3,0,6,160,8,0,0,4,1024.0,0,6.0,0,41990.0
4738,2,4721,374,2.3,12,1,15.6,1920,1080,141,0,5,0,8,212,8,0,0,4,1024.0,0,6.0,0,68490.0
4739,15,4437,402,1.7,0,1,15.6,1920,1080,141,0,5,0,8,160,8,0,0,4,1024.0,0,6.0,0,78399.0
4740,15,4497,402,2.0,12,1,14.0,1920,1080,157,1,5,0,4,86,8,0,0,4,1024.0,0,6.0,0,55999.0
4741,2,7671,424,1.6,12,1,14.0,1920,1080,157,0,3,0,4,160,8,0,0,4,1024.0,0,6.0,0,40990.0
4742,2,4825,382,2.6,12,1,17.3,1920,1080,127,0,7,0,24,256,16,0,0,4,1024.0,0,6.0,0,113990.0
4743,2,4779,380,2.3,12,1,15.6,1920,1080,141,0,7,0,24,255,8,0,0,4,1024.0,0,6.0,0,100990.0
4744,2,4814,382,2.6,12,1,17.3,1920,1080,127,0,5,0,12,256,16,0,0,4,1024.0,0,6.0,0,97990.0
4745,2,4780,380,2.3,12,1,15.6,1920,1080,141,0,5,0,12,255,8,0,0,4,1024.0,0,6.0,0,91990.0
4746,2,4782,380,2.3,12,1,15.6,1920,1080,141,0,7,0,24,256,16,0,0,4,1024.0,0,6.0,0,122990.0
4747,2,5128,305,2.7,12,1,17.3,1920,1080,127,1,4,0,16,246,8,0,0,6,1024.0,0,6.0,0,145990.0
4748,6,6574,20,4.42,12,1,17.3,2560,1440,170,0,9,0,12,208,32,0,0,8,1024.0,0,6.0,0,319494.0
4749,2,4742,375,2.0,12,1,15.6,1920,1080,141,0,7,0,12,259,16,0,0,6,1024.0,0,6.0,0,124000.0
4750,2,5257,318,1.7,12,1,14.0,1920,1080,157,1,4,0,16,256,16,0,0,4,1024.0,0,6.0,0,106990.0
4751,15,7318,156,1.6,12,1,14.0,1366,768,112,0,3,0,4,166,4,0,0,4,1024.0,0,5.0,0,39060.0
4752,2,7683,424,1.6,12,1,14.0,1920,1080,157,0,5,0,6,234,8,0,0,2,1024.0,0,6.0,0,53990.0
4753,9,2262,156,1.75,12,1,15.6,1920,1080,141,0,3,0,4,160,8,0,0,4,1024.0,0,6.0,0,40744.0
4754,15,81,159,1.5,12,1,14.0,1920,1080,157,0,3,0,4,160,8,0,0,4,1024.0,0,6.0,0,39591.0
4755,9,2428,423,2.46,12,1,16.1,1920,1080,137,1,7,0,16,259,16,0,0,6,1024.0,0,6.0,0,110000.0
4756,2,5505,326,2.5,12,1,17.3,2560,1440,170,0,9,0,24,264,32,0,0,16,1024.0,0,6.0,0,242538.0
4757,31,6201,156,1.79,12,1,15.6,3200,2000,242,0,7,0,12,155,16,0,0,4,1024.0,0,6.0,0,72499.0
4758,2,4785,380,2.3,12,1,15.6,1920,1080,141,0,5,0,8,209,8,0,0,4,1024.0,0,6.0,0,65000.0
4759,16,5857,156,2.29,12,1,17.3,1920,1080,127,0,7,0,12,255,16,0,1,4,1024.0,0,6.0,0,74969.0
4760,15,7367,156,1.85,12,1,15.6,1366,768,100,0,3,0,4,160,4,0,0,4,1024.0,0,6.0,0,40699.0
4761,2,4744,375,2.0,12,1,15.6,1920,1080,141,0,5,0,8,255,16,0,0,4,1024.0,0,6.0,0,94990.0
4762,2,5304,319,1.9,12,1,15.6,2560,1440,188,1,4,0,20,261,16,0,0,8,1024.0,0,6.0,0,181990.0
4763,15,3106,157,1.5,12,1,14.0,1920,1080,157,0,3,1,6,160,8,0,0,4,1024.0,0,6.0,0,54990.0
4764,2,4745,375,2.0,12,1,15.6,1920,1080,141,0,5,0,8,255,16,0,0,4,1024.0,0,5.0,0,77990.0
4765,2,5253,318,1.6,12,1,14.0,1920,1080,157,1,4,0,16,255,16,0,0,4,1024.0,0,10.0,0,125990.0
4766,2,5238,318,1.6,12,1,14.0,1920,1080,157,1,7,0,8,212,16,0,0,4,1024.0,0,6.0,0,105990.0
4767,15,143,159,1.39,12,1,15.6,1920,1080,141,0,5,0,8,155,8,0,0,4,1024.0,0,11.0,0,48500.0
4768,2,7792,446,1.8,12,1,15.6,1920,1080,141,0,5,0,8,160,8,0,0,4,1024.0,0,6.0,0,59990.0
4769,15,4427,402,1.7,12,1,15.6,1920,1080,141,0,7,0,12,240,16,0,0,2,1024.0,0,10.8,0,107000.0
4770,2,4618,377,2.3,12,1,15.6,1920,1080,141,1,7,0,12,249,16,0,0,6,1024.0,0,6.0,0,106990.0
4771,2,4786,380,2.3,12,1,15.6,1920,1080,141,0,7,0,16,209,8,0,0,4,1024.0,0,6.0,0,86320.0
4772,2,5061,311,2.35,12,1,15.6,1920,1080,141,0,7,0,16,221,16,0,0,6,1024.0,0,6.0,0,149000.0
4773,2,5120,305,2.5,12,1,17.3,1920,1080,127,1,7,0,16,255,8,0,0,4,1024.0,0,6.0,0,95400.0
4774,2,4723,380,2.3,12,1,15.6,1920,1080,141,0,7,0,16,212,8,0,0,4,1024.0,0,6.0,0,83750.0
4775,0,3645,30,1.5,12,1,14.0,1920,1080,157,0,5,0,6,160,8,0,0,4,1024.0,0,6.0,0,49994.0
4776,2,7657,447,1.55,12,1,14.0,1920,1080,157,0,5,0,8,160,8,0,0,4,1024.0,0,5.0,0,53500.0
4777,2,5021,303,2.3,12,1,15.6,1920,1080,141,1,4,0,16,261,16,0,0,8,1024.0,0,6.0,0,174990.0
4778,15,5558,156,2.2,12,1,15.6,1920,1080,141,1,7,0,8,209,16,0,0,4,1024.0,0,6.0,0,74990.0
4779,2,4763,375,2.0,12,1,15.6,1920,1080,141,0,7,0,12,261,16,0,0,8,1024.0,0,6.0,0,129990.0
4780,2,5121,305,2.5,12,1,17.3,1920,1080,127,1,5,0,16,255,8,0,0,4,1024.0,0,6.0,0,97990.0
4781,6,821,166,1.4,12,1,14.0,1920,1080,157,0,5,0,6,238,8,0,0,2,1024.0,0,6.0,0,75799.0
4782,2,5127,305,2.4,12,1,17.3,1920,1080,127,1,4,0,16,259,16,0,0,6,1024.0,0,6.0,0,149990.0
4783,15,7380,156,1.85,0,1,15.6,1920,1080,141,1,3,0,4,4,8,0,0,4,1024.0,0,6.0,0,32300.0
4784,15,2659,156,1.5,12,1,14.0,1920,1080,157,0,3,0,4,160,4,0,0,4,1024.0,0,6.0,0,41265.0
4785,2,7808,427,1.8,12,1,15.6,1920,1080,141,0,5,0,8,155,8,0,0,4,1024.0,0,6.0,0,59990.0
4786,15,2722,162,1.39,12,1,11.6,1366,768,135,0,2,1,2,130,4,0,0,4,500.0,0,5.0,0,31791.0
4787,9,2306,156,1.7,12,1,15.6,1920,1080,141,1,5,0,8,4,8,0,0,4,1024.0,0,6.0,0,54990.0
4788,2,5300,319,1.9,12,1,15.6,2560,1440,188,1,4,0,20,259,16,0,0,6,1024.0,0,11.0,0,165990.0
4789,2,5839,447,1.8,12,1,15.6,1920,1080,141,0,7,0,12,238,8,0,0,2,1024.0,0,6.0,0,64406.0
4790,2,4748,375,2.0,12,1,15.6,1920,1080,141,0,5,0,12,256,16,0,0,4,1024.0,0,5.0,0,95500.0
4791,2,5006,303,2.3,12,1,15.6,1920,1080,141,1,7,0,16,256,16,0,0,4,1024.0,0,6.0,0,112990.0
4792,2,6087,441,1.4,12,1,14.1,1920,1080,156,1,5,0,8,4,8,0,0,4,1024.0,0,6.0,0,68980.0
4793,2,4615,377,2.3,12,1,15.6,1920,1080,141,1,7,0,8,212,16,0,0,6,1024.0,0,6.0,0,100990.0
4794,2,5838,447,2.0,12,1,15.6,1920,1080,141,0,7,0,12,238,8,0,0,2,1024.0,0,6.0,0,82990.0
4795,2,5271,318,1.7,12,1,14.0,2560,1440,210,1,4,0,20,259,32,0,0,6,1024.0,0,6.0,0,174990.0
4796,2,5847,447,1.4,12,1,14.0,1920,1080,157,1,7,0,8,4,8,0,0,4,1024.0,0,6.0,0,68990.0
4797,15,3105,157,1.5,12,1,14.0,1920,1080,157,0,5,0,8,155,8,0,0,4,1024.0,0,6.0,0,67990.0
4798,2,5241,318,1.6,12,1,14.0,2560,1440,210,1,7,0,8,220,16,0,0,6,1024.0,0,4.0,0,105980.0
4799,0,6865,339,1.5,12,1,11.6,1920,1080,190,0,2,1,2,121,4,0,0,4,500.0,0,9.0,1,34999.0
4800,0,3544,28,2.1,12,1,15.6,1366,768,100,0,2,0,2,121,4,0,0,4,500.0,0,6.5,1,17990.0
4801,9,2167,156,2.1,12,1,15.6,1920,1080,141,0,7,0,4,26,8,0,0,4,1024.0,0,6.0,1,72139.0
4802,2,6384,427,1.7,16,1,15.6,1920,1080,141,0,5,0,10,155,16,0,0,4,1024.0,0,6.0,1,52990.0
4803,15,6932,156,1.85,16,1,15.6,1920,1080,141,0,7,0,12,155,16,0,0,4,1024.0,0,8.0,1,71990.0
4804,2,7564,429,1.88,16,1,16.0,1920,1200,142,0,9,0,12,155,16,0,0,4,1024.0,0,6.0,1,79990.0
4805,6,781,460,1.58,12,1,14.0,1920,1080,157,0,3,0,4,160,8,0,0,4,1024.0,0,6.0,1,42990.0
4806,15,1125,475,1.43,12,1,14.0,1920,1080,157,0,7,1,12,155,16,0,0,4,1024.0,0,10.0,1,102990.0
4807,18,7019,156,0.77,12,1,12.3,2736,1824,267,0,7,1,8,166,8,0,0,4,1024.0,0,13.5,1,127990.0
4808,2,7252,509,1.5,12,1,14.0,1920,1080,157,0,7,0,8,237,16,0,0,2,1024.0,0,6.0,1,109990.0
4809,9,693,101,1.34,16,1,13.3,1920,1200,170,0,5,0,12,155,8,0,0,4,1024.0,0,20.0,1,84999.0
4810,9,1230,156,1.47,16,1,14.0,1366,768,112,0,2,0,4,160,8,0,1,4,1024.0,0,6.0,1,28990.0
4811,9,691,101,1.34,16,1,13.3,2880,1800,255,0,5,1,12,156,16,0,0,4,1024.0,0,6.0,1,89900.0
4812,15,2489,191,2.4,16,1,16.0,2560,1600,189,1,7,0,16,261,32,0,1,8,1024.0,0,4.0,1,120190.0
4813,13,2577,532,1.35,12,1,17.0,2560,1600,178,0,7,0,8,147,8,0,0,4,1024.0,0,17.0,1,99990.0
4814,9,8114,48,1.52,3,1,14.0,1920,1080,157,0,5,1,8,155,8,0,1,4,1024.0,0,6.0,1,45990.0
4815,6,3347,165,2.2,12,1,13.3,1920,1080,166,0,5,1,6,160,8,0,0,4,1024.0,0,6.0,1,91252.0
4816,2,4977,303,2.3,12,1,15.6,1920,1080,141,0,7,0,12,304,16,0,0,6,1024.0,0,6.0,1,94990.0
4817,15,2488,191,2.45,16,1,16.0,2560,1600,189,1,7,0,12,259,16,0,0,6,1024.0,0,6.0,1,102990.0
4818,15,2734,156,2.2,0,1,15.6,1366,768,100,0,5,0,3,189,8,0,0,2,2048.0,0,5.0,1,50411.0
4819,15,101,159,1.6,12,1,15.6,1920,1080,141,0,3,0,4,160,4,0,0,4,1024.0,0,6.0,1,34190.0
4820,15,2774,156,2.2,12,1,15.6,1920,1080,141,0,5,0,6,166,8,0,0,4,1024.0,0,6.0,1,51233.0
4821,1,6194,204,1.4,23,1,13.0,2560,1600,232,0,5,0,6,149,8,0,0,4,1024.0,0,10.0,1,132990.0
4822,2,7256,509,1.6,12,1,14.0,1920,1080,157,0,7,0,8,315,16,0,0,2,1024.0,0,6.0,1,102341.0
4823,9,1852,423,2.37,16,1,16.1,1920,1080,137,0,5,0,12,248,16,0,0,4,1024.0,0,6.0,1,57999.0
4824,16,5338,156,1.86,12,1,15.6,1920,1080,141,0,5,0,8,293,8,0,0,4,1024.0,0,6.0,1,94990.0
4825,15,3131,156,1.66,12,1,15.6,1920,1080,141,0,7,0,12,155,16,0,1,4,1024.0,0,11.0,1,76990.0
4826,6,2997,168,1.62,16,1,15.6,1920,1080,141,0,5,0,12,160,16,0,0,4,1024.0,0,6.0,1,59640.0
4827,15,3116,157,1.5,12,1,14.0,1920,1080,157,0,7,1,12,155,16,0,0,4,1024.0,0,6.0,1,84000.0
4828,15,2066,143,1.63,16,1,15.6,1920,1080,141,0,7,0,12,155,16,0,1,4,1024.0,0,6.0,1,59990.0
4829,9,1706,232,2.32,12,1,15.6,1920,1080,141,0,7,0,9,249,16,0,0,8,1024.0,0,6.0,1,160665.0
4830,2,2380,435,1.9,16,1,16.0,1920,1200,142,0,9,0,24,255,16,0,0,4,1024.0,0,8.0,1,99990.0
4831,0,3928,225,2.7,12,1,15.6,1920,1080,141,0,7,0,9,201,8,0,0,4,1024.0,0,6.0,1,64990.0
4832,16,582,291,2.47,16,1,15.6,2560,1440,188,0,9,0,12,259,16,0,0,6,1024.0,0,6.0,1,100999.0
4833,2,7650,447,1.55,12,1,14.0,1920,1080,157,0,3,0,6,160,4,0,0,4,1024.0,0,6.0,1,37990.0
4834,6,2834,460,1.59,16,1,14.0,1920,1080,157,1,5,0,4,4,8,0,0,4,1024.0,0,10.0,1,40847.0
4835,6,825,166,1.56,12,1,14.0,1920,1080,157,0,5,1,8,155,8,0,0,4,1024.0,0,6.0,1,72990.0
4836,15,2684,156,1.7,16,1,15.6,1920,1080,141,0,5,0,6,238,8,0,0,2,1024.0,0,6.0,1,50490.0
4837,0,3984,227,2.1,16,1,15.6,1920,1080,141,0,5,0,12,266,16,0,0,6,1024.0,0,6.0,1,75980.0
4838,6,2927,168,1.8,16,1,15.6,1920,1080,141,1,3,0,4,4,8,0,0,4,1024.0,0,7.0,1,31990.0
4839,6,2885,168,1.8,16,1,15.6,1920,1080,141,0,3,0,6,160,8,0,0,4,1024.0,0,6.0,1,42999.0
4840,15,2658,156,1.6,16,1,14.0,1920,1080,157,0,3,0,4,160,4,0,0,4,1024.0,0,10.0,1,33490.0
4841,12,5743,156,1.24,16,1,14.0,1920,1080,157,0,7,0,12,155,16,0,0,4,1024.0,0,11.0,1,47030.0
4842,2,4669,374,2.3,12,1,15.6,1920,1080,141,0,5,0,8,206,8,0,0,6,1024.0,0,6.0,1,98990.0
4843,16,528,179,2.6,16,1,17.3,1920,1080,127,0,7,0,12,255,16,0,0,4,1024.0,0,6.0,1,86926.0
4844,15,2787,156,2.2,0,1,15.6,1366,768,100,0,5,0,6,313,8,0,0,4,1024.0,0,6.0,1,65690.0
4845,1,6176,204,1.37,25,1,13.3,2560,1600,227,0,5,0,6,151,8,0,0,4,1024.0,0,10.0,1,129985.0
4846,9,5202,9,1.74,16,1,15.6,1920,1080,141,0,3,0,10,155,8,0,0,4,1024.0,0,4.0,1,33900.0
4847,0,6503,255,2.2,12,1,17.3,1920,1080,127,0,7,0,12,321,16,0,0,8,2048.0,0,6.0,1,176490.0
4848,9,3066,277,1.38,16,1,14.0,1366,768,112,0,5,0,8,155,8,0,0,4,1024.0,0,6.0,1,50990.0
4849,2,7664,424,1.6,12,1,14.0,1920,1080,157,0,3,0,4,160,8,0,0,4,1024.0,0,6.0,1,24304.0
4850,15,98,159,1.8,12,1,15.6,1920,1080,141,0,3,0,4,160,4,0,0,4,1024.0,0,6.0,1,33990.0
4851,6,1319,168,1.83,12,1,15.6,1366,768,100,1,4,0,4,4,4,0,0,4,1024.0,0,7.0,1,29190.0
4852,2,5023,303,2.5,16,1,15.6,2560,1440,188,1,4,0,20,65,16,0,0,12,1024.0,0,6.0,1,123000.0
4853,16,523,122,1.86,16,1,15.6,1920,1080,141,0,5,0,12,255,8,0,0,4,1024.0,0,6.0,1,63034.0
4854,15,1192,385,1.5,12,1,14.0,1920,1080,157,0,5,0,8,160,8,0,0,4,1024.0,0,6.0,1,64990.0
4855,2,6371,511,1.3,16,1,13.3,1920,1080,166,0,5,0,8,155,8,0,0,4,1024.0,0,6.0,1,79990.0
4856,2,6777,443,1.7,16,1,15.6,2880,1620,212,0,9,0,24,155,16,0,0,4,1024.0,0,8.0,1,91190.0
4857,6,1424,168,2.3,11,1,15.6,1920,1080,141,0,5,0,3,51,4,0,0,2,1024.0,0,6.0,1,58990.0
4858,0,3780,31,2.1,16,1,15.6,1920,1080,141,0,5,0,12,255,8,0,0,4,1024.0,0,6.0,1,58750.0
4859,0,6504,255,2.9,12,1,17.3,1920,1080,127,0,7,0,12,304,8,0,0,6,2048.0,0,6.0,1,114990.0
4860,9,1814,232,2.45,12,1,15.6,1920,1080,141,0,7,0,16,259,16,0,1,6,1024.0,0,6.0,1,136990.0
4861,15,5566,156,2.25,12,1,15.6,1920,1080,141,0,5,0,8,209,8,0,0,4,1024.0,0,6.0,1,59990.0
4862,2,5375,297,2.5,12,1,15.6,1920,1080,141,0,5,0,6,201,8,0,0,4,1024.0,0,6.0,1,83990.0
4863,29,6219,73,1.77,12,1,15.6,1920,1080,141,1,7,0,6,68,8,0,0,4,1024.0,0,6.0,1,52990.0
4864,6,1348,168,2.2,10,1,15.6,1366,768,100,0,3,0,3,359,4,0,0,2,1024.0,0,6.0,1,38840.0
4865,2,2375,447,1.88,16,1,16.0,1920,1200,142,1,5,0,12,4,8,0,0,4,1024.0,0,6.0,1,42990.0
4866,6,840,166,1.46,12,1,14.0,1920,1080,157,0,5,0,8,155,16,0,0,4,1024.0,0,6.0,1,72390.0
4867,15,4409,402,1.41,16,1,14.0,1920,1200,162,1,5,0,16,4,16,0,0,4,1024.0,0,12.0,1,48999.0
4868,2,4739,380,2.2,16,1,15.6,1920,1080,141,0,7,0,24,256,16,0,0,4,1024.0,0,6.0,1,109990.0
4869,2,6349,431,1.4,16,1,14.0,3840,2400,323,0,7,1,24,155,16,0,1,4,1024.0,0,6.0,1,100170.0
4870,6,2976,168,1.68,16,1,15.6,1920,1080,141,1,3,0,8,4,8,0,0,4,1024.0,0,7.0,1,30990.0
4871,9,1690,156,1.77,12,1,15.6,1920,1080,141,0,5,0,6,233,8,0,0,2,1024.0,0,6.0,1,47990.0
4872,2,4296,48,1.8,4,1,15.6,1920,1080,141,0,1,0,12,160,8,0,0,4,1024.0,0,10.0,1,22500.0
4873,15,6670,156,1.55,12,1,14.0,1920,1080,157,0,3,0,4,166,4,0,0,4,1024.0,0,6.0,1,51690.0
4874,15,6952,156,1.89,16,1,16.0,1920,1200,142,0,7,0,24,155,16,0,0,4,1024.0,0,8.0,1,79690.0
4875,2,7482,427,2.2,16,1,15.6,1920,1080,141,0,3,0,6,133,8,0,0,4,1024.0,0,6.0,1,31349.0
4876,9,683,244,0.97,16,1,13.3,1920,1200,170,1,7,0,16,4,16,0,0,4,1024.0,0,6.0,1,79990.0
4877,6,2824,460,1.59,15,1,14.0,1920,1080,157,0,3,0,6,160,4,0,0,4,1024.0,0,8.0,1,42690.0
4878,15,2513,191,2.3,15,1,16.0,2560,1440,184,0,7,0,24,259,16,0,0,6,1024.0,0,6.0,1,89990.0
4879,2,854,48,1.47,3,1,14.0,1920,1080,157,0,1,0,4,160,8,0,0,4,1024.0,0,6.0,1,22500.0
4880,6,1398,168,2.2,12,1,15.6,1920,1080,141,0,3,0,4,160,4,0,0,4,1024.0,0,6.0,1,43899.0
4881,15,121,488,1.33,12,1,14.0,1920,1080,157,1,7,0,8,4,8,0,0,4,1024.0,0,17.5,1,70990.0
4882,16,4020,218,1.6,16,1,15.6,1920,1080,141,0,3,0,12,133,8,0,0,4,1024.0,0,6.0,1,59990.0
4883,15,1102,160,1.4,16,1,14.0,1920,1200,162,0,7,0,24,160,16,0,0,4,1024.0,0,6.0,1,80190.0
4884,6,3252,168,1.64,16,1,15.6,1920,1080,141,0,5,0,8,240,16,0,0,2,1024.0,0,6.0,1,76990.0
4885,15,3179,156,1.69,12,1,15.6,1920,1080,141,0,5,0,6,234,8,0,0,2,1024.0,0,6.0,1,63925.0
4886,16,533,122,1.8,16,1,15.6,1920,1080,141,0,5,0,12,248,8,0,0,4,1024.0,0,6.0,1,53990.0
4887,15,7065,385,1.26,12,1,15.0,2560,1600,201,0,5,0,8,155,8,0,0,4,1024.0,0,6.0,1,69990.0
4888,15,2772,156,2.2,12,1,15.6,1920,1080,141,0,3,0,3,129,4,0,0,4,1024.0,0,6.0,1,28990.0
4889,6,2931,168,1.8,16,1,15.6,1920,1080,141,1,3,0,12,1,8,0,0,4,1024.0,0,6.0,1,41990.0
4890,2,4753,375,2.0,12,1,15.6,1920,1080,141,0,7,0,12,259,16,0,0,6,1024.0,0,6.0,1,128990.0
4891,18,7005,156,0.77,14,1,12.3,2736,1824,267,0,5,1,3,129,8,0,0,4,1024.0,0,13.5,1,73990.0
4892,9,655,97,1.21,12,1,13.3,1920,1080,166,0,5,0,6,313,8,0,0,2,1024.0,0,14.0,1,75990.0
4893,2,7641,424,1.6,12,1,14.0,1920,1080,157,0,3,0,6,160,4,0,1,4,1024.0,0,6.0,1,37790.0
4894,6,1370,460,2.18,7,1,15.6,1366,768,100,0,2,0,2,127,4,0,0,4,1024.0,0,6.0,1,28294.0
4895,2,7179,506,1.14,16,1,13.3,1920,1080,166,0,5,0,8,155,16,0,0,4,1024.0,0,6.0,1,69990.0
4896,2,7510,427,1.7,16,1,15.6,1920,1080,141,0,5,0,18,155,16,0,0,4,1024.0,0,6.0,1,51990.0
4897,2,7511,427,1.92,16,1,15.6,1920,1080,141,0,5,0,18,155,16,0,1,4,1024.0,0,3.0,1,50990.0
4898,9,1553,243,1.98,16,1,15.6,1920,1080,141,1,5,0,16,256,8,0,0,4,1024.0,0,9.15,1,71050.0
4899,6,3194,166,1.5,16,1,14.0,1920,1080,157,0,5,1,8,155,16,0,0,4,1024.0,0,6.0,1,76090.0
4900,16,5337,156,1.86,12,1,15.6,1920,1080,141,0,7,0,9,293,8,0,0,4,1024.0,0,6.0,1,84990.0
4901,15,4443,402,1.7,16,1,15.6,1920,1080,141,0,5,0,12,160,8,0,1,4,1024.0,0,6.0,1,65962.0
4902,15,7373,156,2.2,12,1,15.6,1366,768,100,0,3,0,6,160,4,0,0,4,1024.0,0,6.0,1,33500.0
4903,9,950,243,1.41,16,1,14.0,1920,1080,157,0,5,0,8,155,16,0,0,4,1024.0,0,6.0,1,67990.0
4904,15,1126,475,1.43,12,1,14.0,1920,1080,157,0,5,0,8,155,16,0,0,4,1024.0,0,16.0,1,87990.0
4905,18,7018,156,0.77,12,1,12.3,2736,1824,267,0,5,1,6,166,8,0,0,4,1024.0,0,13.5,1,107990.0
4906,6,1277,183,2.17,7,1,15.0,1366,768,104,0,3,0,12,160,4,0,0,4,1024.0,0,6.0,1,37611.0
4907,16,5336,156,1.86,12,1,15.6,1920,1080,141,0,7,0,9,205,8,0,0,4,1024.0,0,6.0,1,99990.0
4908,15,4436,402,1.7,12,1,15.6,1920,1080,141,0,5,0,8,155,8,0,0,4,1024.0,0,6.0,1,69000.0
4909,9,2430,423,2.48,16,1,16.1,2560,1440,182,1,7,0,16,259,16,0,0,6,1024.0,0,6.0,1,107990.0
4910,2,4163,228,1.4,16,1,11.6,1366,768,135,0,1,1,4,160,4,0,0,4,1024.0,0,6.0,1,29490.0
4911,2,7254,156,1.5,12,1,14.0,1920,1080,157,0,5,0,6,237,8,0,0,2,1024.0,0,6.0,1,79990.0
4912,6,2554,168,2.62,12,1,15.6,1920,1080,141,0,7,1,6,205,16,0,0,4,1024.0,0,6.0,1,104697.0
4913,2,5106,305,3.0,12,1,17.3,1920,1080,127,0,7,0,12,304,16,0,0,6,1024.0,0,6.0,1,99990.0
4914,9,1199,156,1.46,12,1,14.0,1920,1080,157,0,7,0,8,146,8,0,0,4,1024.0,0,6.0,1,72990.0
4915,6,2912,168,1.8,15,1,15.6,1920,1080,141,0,5,0,12,133,8,0,0,4,1024.0,0,6.0,1,53999.0
4916,2,7178,506,1.14,12,1,13.3,1920,1080,166,0,5,0,8,155,16,0,0,4,1024.0,0,6.0,1,69990.0
4917,9,2316,156,1.7,16,1,15.6,1920,1080,141,0,5,0,8,155,16,0,1,4,1024.0,0,9.15,1,48500.0
4918,15,4860,157,1.5,12,1,14.0,1920,1080,157,1,5,1,11,4,8,0,0,4,1024.0,0,6.0,1,78365.0
4919,9,2159,156,1.86,12,1,15.6,1366,768,100,1,4,0,1,44,4,0,0,4,1024.0,0,6.0,1,24990.0
4920,0,6224,226,2.2,12,1,15.6,1920,1080,141,0,7,1,8,287,8,0,0,4,1024.0,0,10.0,1,105554.0
4921,15,2767,156,2.2,12,1,15.6,1366,768,100,1,4,0,2,41,4,0,0,4,500.0,0,4.0,1,21820.0
4922,0,3967,225,2.7,12,1,17.3,1920,1080,127,0,5,0,8,293,8,0,0,4,1024.0,0,6.0,1,62990.0
4923,0,7107,410,1.6,16,1,14.0,1920,1080,157,0,7,0,12,155,16,0,0,4,1024.0,0,6.0,1,39990.0
4924,18,7002,156,0.78,14,1,12.3,2736,1824,267,0,7,1,4,148,8,0,0,4,1024.0,0,13.5,1,133999.0
4925,9,1548,156,2.23,12,1,15.6,1920,1080,141,0,7,0,16,212,16,0,0,4,1024.0,0,6.0,1,91990.0
4926,0,7108,410,1.6,16,1,14.0,1920,1080,157,0,7,0,12,155,16,0,0,4,1024.0,0,12.0,1,94050.0
4927,15,721,472,1.37,16,1,13.3,1920,1200,170,1,7,1,12,4,16,0,0,4,1024.0,0,6.0,1,87390.0
4928,15,723,472,1.32,16,1,13.3,1920,1080,166,1,7,0,8,4,16,0,0,4,1024.0,0,6.0,1,74990.0
4929,15,6905,156,1.65,16,1,15.6,1920,1080,141,1,5,0,8,4,8,0,0,4,1024.0,0,9.0,1,39990.0
4930,15,4428,402,1.7,12,1,15.6,1920,1080,141,0,3,0,6,160,4,0,0,4,1024.0,0,6.0,1,44700.0
4931,9,2266,156,1.75,12,1,15.6,1920,1080,141,0,3,0,4,312,4,0,0,2,1024.0,0,6.0,1,39990.0
4932,15,3180,156,1.69,12,1,15.6,1920,1080,141,0,5,0,6,235,8,0,0,2,1024.0,0,8.0,1,63990.0
4933,2,7848,427,1.8,12,1,15.6,1920,1080,141,0,5,0,6,160,8,0,1,4,1024.0,0,6.0,1,51990.0
4934,9,8035,97,1.34,16,1,13.3,2880,1800,255,0,7,1,12,155,16,0,0,4,1024.0,0,6.0,1,115500.0
4935,2,4798,380,2.2,16,1,15.6,2560,1440,188,0,7,0,24,259,16,0,0,6,1024.0,0,10.0,1,99990.0
4936,2,6114,156,1.8,12,1,15.6,1920,1080,141,1,5,0,8,4,8,0,0,4,1024.0,0,6.0,1,47990.0
4937,0,3549,28,2.1,7,1,15.6,1366,768,100,0,2,0,2,130,4,0,0,4,500.0,0,7.0,1,16490.0
4938,6,1308,168,1.83,12,1,15.6,1920,1080,141,1,7,0,6,68,8,0,0,4,1024.0,0,7.0,1,56990.0
4939,9,692,101,1.32,16,1,13.3,2880,1800,255,0,7,1,12,156,16,0,0,4,1024.0,0,6.0,1,114990.0
4940,15,6927,156,1.7,16,1,15.6,1366,768,100,0,3,0,4,160,8,0,0,4,1024.0,0,9.0,1,35990.0
4941,15,7404,156,1.7,16,1,15.6,1920,1080,141,1,3,0,4,1,8,0,0,4,1024.0,0,7.5,1,37265.0
4942,2,7530,427,1.7,16,1,15.6,1920,1080,141,0,3,0,10,160,8,0,0,4,1024.0,0,6.0,1,36990.0
4943,6,1371,460,2.18,7,1,15.6,1920,1080,141,0,5,0,3,129,8,0,0,4,1024.0,0,6.0,1,45249.0
4944,2,7529,427,1.7,16,1,15.6,1920,1080,141,0,3,0,10,160,8,0,1,4,1024.0,0,6.0,1,42990.0
4945,9,8041,243,1.63,12,1,14.0,1920,1080,157,0,5,1,3,195,8,0,0,2,1024.0,0,10.5,1,61990.0
4946,15,759,385,1.4,16,1,14.0,1920,1080,157,0,5,0,8,155,16,0,0,4,1024.0,0,6.0,1,61980.0
4947,2,7465,424,1.5,16,1,14.0,1920,1080,157,0,5,1,12,156,16,0,0,4,1024.0,0,6.0,1,62990.0
4948,15,1104,473,1.49,16,1,14.0,2880,1800,243,0,7,1,18,155,16,0,0,4,1024.0,0,6.0,1,111490.0
4949,15,120,488,1.55,12,1,14.0,1920,1080,157,0,5,0,6,239,8,0,0,2,1024.0,0,6.0,1,49990.0
4950,0,5902,26,1.59,16,1,15.6,1920,1080,141,1,5,0,12,4,8,0,0,4,1024.0,0,6.0,1,32990.0
4951,9,1527,243,2.0,11,1,15.6,1920,1080,141,0,7,0,4,195,8,0,0,4,1024.0,0,9.0,1,77997.0
4952,0,5227,253,3.7,12,1,15.6,1920,1080,141,0,7,0,6,206,16,0,0,6,1024.0,0,3.0,1,129990.0
4953,9,8112,48,1.65,3,1,14.0,1920,1080,157,0,3,0,4,160,8,0,0,4,1024.0,0,13.0,1,49990.0
4954,6,1459,169,2.2,12,1,15.6,1920,1080,141,0,7,0,6,206,16,0,0,6,1024.0,0,6.0,1,114990.0
4955,0,3606,28,1.45,16,1,14.0,1920,1080,157,0,3,0,12,160,8,0,0,4,1024.0,0,6.0,1,43000.0
4956,16,529,122,1.86,11,1,15.6,1920,1080,141,0,7,0,12,255,8,0,0,4,1024.0,0,6.0,1,77990.0
4957,2,5848,447,1.4,12,1,14.0,1920,1080,157,1,7,0,8,4,8,0,0,4,1024.0,0,6.0,1,67999.0
4958,0,3611,28,1.45,16,1,14.0,1920,1080,157,0,3,0,12,160,8,0,0,4,1024.0,0,6.0,1,27990.0
4959,15,2667,156,1.85,12,1,15.6,1366,768,100,1,4,0,5,4,4,0,0,4,1024.0,0,9.6,1,25881.0
4960,16,4179,216,1.4,16,1,14.0,1920,1080,157,0,7,0,12,155,8,0,0,4,1024.0,0,6.0,1,42990.0
4961,9,2420,423,2.46,16,1,16.1,1920,1080,137,0,7,0,24,259,16,0,0,6,1024.0,0,6.0,1,109990.0
4962,0,6480,255,2.7,12,1,15.6,1920,1080,141,0,7,0,9,290,8,0,0,6,2048.0,0,6.0,1,99990.0
4963,9,1636,156,2.1,7,1,15.6,1366,768,100,1,4,0,1,44,4,0,0,4,1024.0,0,6.0,1,27775.0
4964,6,827,166,1.56,12,1,14.0,1920,1080,157,0,7,1,12,155,16,0,0,4,1024.0,0,8.0,1,85550.0
4965,0,3707,30,1.76,16,1,15.6,1920,1080,141,0,5,0,12,155,8,0,0,4,1024.0,0,6.0,1,35999.0
4966,2,642,447,1.0,16,1,13.3,1920,1080,166,0,2,1,4,160,8,0,0,4,1024.0,0,9.5,1,47047.0
4967,2,5787,449,1.6,16,1,15.6,1920,1080,141,0,3,0,10,160,8,0,0,4,1024.0,0,6.0,1,28290.0
4968,15,2680,156,1.7,16,1,15.6,1920,1080,141,0,5,0,6,160,8,0,1,4,1024.0,0,11.5,1,51000.0
4969,6,830,166,1.56,12,1,14.0,1920,1080,157,0,5,1,6,239,16,0,0,2,1024.0,0,6.0,1,83990.0
4970,6,2920,168,1.8,16,1,15.6,1920,1080,141,1,3,0,4,4,8,0,0,4,1024.0,0,7.0,1,44590.0
4971,2,7248,518,1.29,12,1,14.0,1920,1080,157,0,5,0,8,240,8,0,0,2,1024.0,0,6.0,1,79988.0
4972,6,2928,168,1.8,16,1,15.6,1920,1080,141,1,3,0,4,4,8,0,0,4,1024.0,0,7.0,1,36690.0
4973,6,2856,460,1.48,16,1,14.0,1920,1080,157,1,3,0,8,4,8,0,0,4,1024.0,0,8.0,1,34999.0
4974,2,5752,444,1.4,16,1,14.1,1920,1080,156,0,3,0,8,160,8,0,0,4,1024.0,0,6.0,1,32356.0
4975,9,1850,423,2.37,16,1,15.6,1920,1080,141,0,7,0,24,266,16,0,0,6,1024.0,0,6.0,1,102999.0
4976,15,4440,402,1.7,16,1,15.6,1920,1080,141,0,3,0,6,168,8,0,0,4,1024.0,0,10.8,1,46990.0
4977,2,2559,447,2.3,16,1,17.3,1920,1080,127,0,5,0,8,156,16,0,0,4,1024.0,0,6.0,1,43427.0
4978,2,7888,427,2.3,12,1,15.6,1366,768,100,1,4,0,1,46,8,0,0,2,1024.0,0,6.0,1,32990.0
4979,2,7858,447,1.8,12,1,15.6,1920,1080,141,0,2,0,4,162,4,0,0,4,1024.0,0,6.0,1,28990.0
4980,9,2222,156,1.69,16,1,15.6,1920,1080,141,0,5,0,12,160,16,0,0,4,1024.0,0,8.0,1,47999.0
4981,0,3674,30,2.2,7,1,15.6,1366,768,100,0,5,0,6,166,4,0,0,4,1024.0,0,7.0,1,34990.0
4982,2,7460,424,1.5,16,1,14.0,1920,1080,157,0,3,0,12,156,8,0,0,4,1024.0,0,6.0,1,44990.0
4983,0,7094,412,1.59,16,1,14.0,1366,768,112,1,5,0,12,4,8,0,0,4,1024.0,0,12.0,1,34000.0
4984,0,5228,253,3.7,12,1,15.6,1920,1080,141,0,5,0,6,206,16,0,0,6,1024.0,0,3.0,1,114000.0
4985,9,1177,156,1.7,12,1,14.0,1366,768,112,0,1,0,2,116,4,0,0,4,1024.0,0,6.0,1,23231.0
4986,16,4177,216,1.4,16,1,14.0,1920,1080,157,0,7,0,12,155,16,0,0,4,1024.0,0,6.0,1,81711.0
4987,0,7095,412,1.59,16,1,14.0,1366,768,112,1,5,0,12,4,16,0,0,4,1024.0,0,12.0,1,39900.0
4988,2,4652,379,2.6,16,1,17.3,1920,1080,127,1,7,0,8,255,16,0,0,4,1024.0,0,6.0,1,77990.0
4989,25,2706,126,1.57,16,1,15.6,1920,1080,141,0,5,0,12,155,16,0,0,4,1024.0,0,6.0,1,79990.0
4990,0,3595,28,1.7,16,1,15.6,1920,1080,141,0,5,0,12,155,16,0,0,4,1024.0,0,6.0,1,61990.0
4991,9,1740,245,2.23,12,1,15.6,1920,1080,141,0,7,0,12,209,16,0,0,4,1024.0,0,6.0,1,82299.0
4992,2,7868,427,1.84,12,1,15.6,1366,768,100,0,3,0,4,129,4,0,0,4,1024.0,0,6.0,1,31990.0
4993,6,2831,460,1.58,16,1,14.0,1920,1080,157,0,3,0,4,138,8,0,0,4,1024.0,0,10.0,1,43325.0
4994,9,2617,5,1.5,12,1,14.0,1366,768,112,1,5,0,4,4,8,0,0,4,1024.0,0,6.0,1,33999.0
4995,9,8095,243,1.51,16,1,14.0,1920,1080,157,0,5,1,12,156,16,0,0,4,1024.0,0,11.0,1,76000.0
4996,15,5881,156,2.2,12,1,15.6,1920,1080,141,0,5,0,8,287,8,0,0,3,1024.0,0,9.0,1,52990.0
4997,15,6920,156,1.62,16,1,15.6,1920,1080,141,0,5,0,12,160,16,0,0,4,1024.0,0,12.0,1,57550.0
4998,0,891,366,1.32,16,1,14.0,1920,1200,162,0,4,1,18,107,16,0,0,4,1024.0,0,12.5,1,73649.0
4999,9,8111,48,1.65,3,1,14.0,1920,1080,157,0,3,1,4,160,4,0,0,4,1024.0,0,13.0,1,39990.0
5000,9,8045,249,1.59,12,1,14.0,1920,1080,157,0,5,1,8,234,8,0,0,2,1024.0,0,6.0,1,72118.0
5001,6,2932,168,1.8,16,1,15.6,1920,1080,141,1,3,0,12,1,8,0,0,4,1024.0,0,6.0,1,41490.0
5002,9,1542,243,2.02,12,1,15.6,1920,1080,141,0,5,0,6,200,8,0,0,2,1024.0,0,9.0,1,58990.0
5003,9,1857,423,2.29,16,1,15.6,1920,1080,141,0,5,0,12,248,16,0,1,4,1024.0,0,6.0,1,68990.0
5004,0,3775,31,2.15,12,1,15.6,1920,1080,141,0,7,1,12,293,8,0,0,4,1024.0,0,8.5,1,72439.0
5005,1,5987,203,1.24,30,1,13.6,2560,1664,225,3,4,0,20,160,8,0,0,4,1024.0,0,18.0,1,126890.0
5006,3,6283,201,1.46,12,1,14.0,1920,1080,157,0,5,0,4,128,8,0,0,4,1024.0,0,10.0,1,42790.0
5007,9,6536,243,1.4,16,1,14.0,2240,1400,189,0,5,0,18,155,16,0,0,4,1024.0,0,11.0,1,67999.0
5008,1,5991,203,1.51,30,1,15.3,2880,1864,224,3,4,0,20,160,8,0,0,4,1024.0,0,18.0,1,144900.0
5009,2,7143,431,1.5,16,1,14.0,1920,1080,157,0,5,1,8,155,8,0,0,4,1024.0,0,6.0,1,63990.0
5010,31,6300,156,1.4,16,1,14.0,2560,1600,216,0,5,0,12,241,16,0,0,4,1024.0,0,6.0,1,84104.0
5011,16,3755,218,1.6,16,1,15.6,1920,1080,141,1,7,0,12,4,8,0,0,4,1024.0,0,6.0,1,78990.0
5012,9,5184,9,1.74,0,1,15.6,1366,768,100,0,3,0,6,160,8,0,0,4,1024.0,0,6.0,1,30290.0
5013,15,133,160,1.66,12,1,15.6,1920,1080,141,0,5,0,8,240,8,0,0,2,1024.0,0,6.0,1,62500.0
5014,2,5053,310,2.57,12,1,15.6,1920,1080,141,0,7,0,12,217,16,0,0,6,1024.0,0,6.0,1,115391.0
5015,15,2040,149,2.32,16,1,15.6,1920,1080,141,1,5,0,12,255,16,0,0,6,1024.0,0,6.5,1,76190.0
5016,6,451,168,1.75,15,1,15.6,1920,1080,141,0,5,0,8,232,8,0,0,2,1024.0,0,6.0,1,62900.0
5017,15,3142,156,1.38,12,1,14.0,2240,1440,190,0,5,0,8,155,16,0,0,4,1024.0,0,6.0,1,67990.0
5018,15,4406,402,1.59,16,1,14.0,1920,1080,157,0,5,0,12,155,16,0,0,4,1024.0,0,9.4,1,70999.0
5019,2,5008,303,2.1,12,1,15.6,1920,1080,141,1,5,0,16,256,16,0,0,4,1024.0,0,6.0,1,89990.0
5020,9,1916,423,2.37,16,1,15.6,1920,1080,141,1,5,0,12,60,8,0,1,4,1024.0,0,4.0,1,59989.0
5021,9,1898,423,2.29,16,1,15.6,1920,1080,141,1,5,0,16,209,8,0,1,4,1024.0,0,6.0,1,61012.0
5022,9,1592,232,2.2,11,1,15.6,1920,1080,141,0,5,0,6,201,8,0,0,2,1024.0,0,6.0,1,82267.0
5023,9,8053,249,1.59,12,1,14.0,1920,1080,157,0,5,1,6,166,8,0,0,4,1024.0,0,6.0,1,61990.0
5024,9,1702,232,2.25,12,1,15.6,1920,1080,141,0,7,0,9,289,16,0,0,4,1024.0,0,6.0,1,126873.0
5025,2,4571,432,2.14,12,1,15.6,1920,1080,141,0,7,0,16,209,16,0,0,4,1024.0,0,6.0,1,68990.0
5026,15,6631,156,1.85,12,1,15.6,1920,1080,141,1,5,0,6,86,8,0,0,4,1024.0,0,4.5,1,39990.0
5027,15,4421,402,1.7,12,1,15.6,1920,1080,141,0,5,0,8,160,8,0,0,4,1024.0,0,10.8,1,69800.0
5028,6,2916,168,1.8,16,1,15.6,1920,1080,141,0,3,0,6,160,8,0,0,4,1024.0,0,7.0,1,37990.0
5029,0,6485,255,2.5,12,1,15.6,1980,1080,145,0,5,0,8,297,8,0,0,4,1024.0,0,6.0,1,71999.0
5030,15,7064,385,1.26,12,1,15.0,2560,1600,201,0,5,0,8,155,16,0,0,4,1024.0,0,6.0,1,64990.0
5031,6,769,460,1.58,12,1,14.0,1920,1080,157,0,5,0,8,238,8,0,0,2,1024.0,0,10.0,1,63090.0
5032,9,2264,156,1.75,12,1,15.6,1920,1080,141,0,5,0,6,160,8,0,0,4,1024.0,0,6.0,1,53779.0
5033,15,1068,492,1.3,16,1,14.0,2880,1800,243,0,5,0,8,155,16,0,1,4,1024.0,0,13.0,1,71390.0
5034,15,6901,156,1.65,16,1,15.6,1920,1080,141,0,5,0,8,155,8,0,0,4,1024.0,0,7.5,1,53990.0
5035,6,2924,168,1.8,16,1,15.6,1920,1080,141,1,3,0,4,4,8,0,0,4,1024.0,0,7.0,1,38307.0
5036,15,1495,385,1.7,16,1,15.6,1920,1080,141,1,7,0,16,4,8,0,0,4,1024.0,0,8.8,1,42520.0
5037,2,7748,447,1.7,12,1,15.6,1920,1080,141,1,4,0,2,48,8,0,1,4,1024.0,0,6.0,1,27990.0
5038,2,6102,427,1.8,16,1,15.6,720,1080,83,1,5,0,6,4,8,0,0,4,1024.0,0,6.0,1,36382.0
5039,6,4893,156,2.65,16,1,15.6,1920,1080,141,0,5,0,12,256,16,0,0,4,1024.0,0,10.0,1,69490.0
5040,2,6743,447,1.7,14,1,15.6,1920,1080,141,0,7,0,8,235,8,0,0,2,1024.0,0,8.0,1,66990.0
5041,9,685,244,1.58,16,1,13.3,1920,1200,170,1,7,0,16,4,16,0,1,4,1024.0,0,6.0,1,71990.0
5042,15,706,156,2.1,0,1,15.6,1366,768,100,0,3,0,3,233,4,0,0,2,1024.0,0,6.0,1,29990.0
5043,1,5945,203,1.24,26,1,13.6,2560,1664,225,2,4,0,20,102,8,0,0,4,1024.0,0,18.0,1,83990.0
5044,16,567,178,2.25,16,1,15.6,1920,1080,141,0,7,0,12,255,8,0,0,4,1024.0,0,6.0,1,73999.0
5045,9,8074,243,1.52,12,1,14.0,1920,1080,157,0,7,1,12,155,16,0,0,4,1024.0,0,6.0,1,84990.0
5046,9,2467,232,2.35,16,1,16.1,1920,1080,137,0,7,0,30,255,16,0,0,6,1024.0,0,8.0,1,101990.0
5047,1,6179,204,1.37,25,1,13.3,2560,1600,227,0,5,0,6,150,8,0,0,4,1024.0,0,10.0,1,171990.0
5048,15,2108,180,2.4,16,1,15.6,1920,1080,141,0,7,0,24,267,16,0,0,8,1024.0,0,5.32,1,106990.0
5049,15,6655,156,1.85,12,1,15.6,1920,1080,141,0,5,0,6,160,8,0,0,4,1024.0,0,6.0,1,55990.0
5050,0,3959,225,2.5,16,1,15.6,1920,1080,141,0,5,0,12,255,16,0,0,4,1024.0,0,6.0,1,99999.0
5051,9,8086,243,1.5,16,1,14.0,1920,1080,157,0,5,1,8,155,16,0,0,4,1024.0,0,12.0,1,73900.0
5052,0,6827,362,2.1,7,1,15.6,1920,1080,141,0,5,0,6,313,8,0,0,2,1024.0,0,9.0,1,55990.0
5053,15,6914,156,1.62,16,1,15.6,1920,1080,141,1,5,0,4,13,16,0,1,4,1024.0,0,11.0,1,41490.0
5054,15,5579,156,2.2,12,1,15.6,1920,1080,141,0,7,0,12,209,8,0,0,4,1024.0,0,8.0,1,73990.0
5055,2,5756,444,1.8,16,1,15.6,1920,1080,141,0,3,0,6,160,8,0,0,4,1024.0,0,10.0,1,32999.0
5056,6,832,166,1.5,12,1,14.0,1920,1080,157,0,5,1,8,155,8,0,0,4,1024.0,0,6.0,1,71590.0
5057,15,3125,189,2.3,12,1,15.6,1920,1080,141,1,7,0,12,212,8,0,0,4,1024.0,0,7.0,1,82606.0
5058,18,6992,156,1.28,12,1,13.5,2256,1504,201,0,7,1,8,166,16,0,0,4,1024.0,0,14.5,1,203999.0
5059,15,6659,156,1.85,12,1,15.6,1920,1080,141,0,5,0,6,160,8,0,0,4,1024.0,0,6.0,1,48990.0
5060,6,2921,168,1.8,16,1,15.6,1920,1080,141,1,5,0,4,4,8,0,0,4,1024.0,0,7.0,1,49590.0
5061,15,1028,157,1.5,12,1,14.0,1920,1080,157,1,7,1,12,4,16,0,0,4,1024.0,0,10.0,1,68500.0
5062,15,2807,156,2.1,0,1,15.6,1366,768,100,0,5,0,6,8,8,0,0,4,1024.0,0,6.0,1,45990.0
5063,0,3955,225,2.6,16,1,15.6,1920,1080,141,0,7,0,12,256,16,0,0,4,1024.0,0,6.0,1,104990.0
5064,2,4999,303,2.1,12,1,15.6,1920,1080,141,1,5,0,16,255,8,0,0,4,1024.0,0,6.0,1,90490.0
5065,0,3927,225,2.7,12,1,15.6,1920,1080,141,0,7,0,8,205,8,0,1,4,1024.0,0,6.0,1,67990.0
5066,15,5564,156,2.32,16,1,15.6,1920,1080,141,0,5,0,12,255,16,0,1,4,1024.0,0,4.5,1,67990.0
5067,7,3082,413,1.0,16,1,13.3,1920,1080,166,0,7,0,12,155,16,0,0,4,1024.0,0,11.0,1,83590.0
5068,0,4508,32,2.2,0,1,15.6,1366,768,100,0,3,0,3,123,4,0,0,4,1024.0,0,6.0,1,31996.0
5069,9,1203,156,1.49,12,1,14.0,1920,1080,157,0,5,0,12,160,8,0,0,4,1024.0,0,6.0,1,57990.0
5070,15,2762,156,1.69,12,1,14.0,1920,1080,157,0,5,0,3,190,8,0,0,2,1024.0,0,12.0,1,56063.0
5071,7,3086,413,2.2,16,1,13.3,1920,1080,166,0,5,0,12,155,16,0,0,4,1024.0,0,10.0,1,89990.0
5072,7,3087,413,2.2,16,1,13.3,1920,1080,166,0,7,0,12,155,16,0,0,4,1024.0,0,6.0,1,99990.0
5073,9,1917,423,2.37,16,1,15.6,1920,1080,141,1,5,1,12,209,8,0,0,4,1024.0,0,6.0,1,61499.0
5074,9,8046,249,1.59,12,1,14.0,1920,1080,157,0,7,1,8,234,8,0,0,4,1024.0,0,6.0,1,83990.0
5075,2,7616,424,1.5,12,1,14.0,1920,1080,157,1,5,0,4,86,8,0,0,4,1024.0,0,6.0,1,41990.0
5076,9,680,244,0.97,12,1,13.3,1920,1080,166,1,5,0,16,4,16,0,1,4,1024.0,0,10.0,1,82990.0
5077,6,1397,168,2.2,12,1,15.6,1920,1080,141,0,3,0,4,160,4,0,0,4,1024.0,0,6.0,1,36290.0
5078,9,661,243,1.3,12,1,13.3,1920,1080,166,0,5,0,6,166,8,0,0,4,1024.0,0,6.0,1,52990.0
5079,6,1410,168,1.65,12,1,15.6,1920,1080,141,0,5,0,8,238,8,0,0,2,1024.0,0,6.0,1,66890.0
5080,9,7592,249,1.59,12,1,14.0,1920,1080,157,0,5,1,6,166,8,0,0,4,1024.0,0,6.0,1,59990.0
5081,0,6223,226,2.2,12,1,15.6,1920,1080,141,0,5,1,6,201,8,0,0,4,1024.0,0,10.0,1,79258.0
5082,9,5190,9,1.74,0,1,15.6,1366,768,100,0,3,0,6,160,8,0,0,4,1024.0,0,6.0,1,33700.0
5083,6,2904,168,1.8,15,1,15.6,1920,1080,141,0,5,0,12,133,8,0,0,4,1024.0,0,6.0,1,50499.0
5084,2,7476,424,1.4,16,1,14.0,1920,1080,157,0,3,0,10,160,8,0,0,4,1024.0,0,6.0,1,32990.0
5085,6,4917,156,2.51,15,1,15.6,1920,1080,141,1,5,0,16,255,16,0,0,4,1024.0,0,7.0,1,67790.0
5086,2,1513,433,1.63,16,1,15.6,1920,1080,141,1,5,0,4,4,16,0,0,4,1024.0,0,6.0,1,46950.0
5087,2,7656,424,1.55,16,1,14.0,1920,1080,157,0,3,0,6,168,8,0,0,4,1024.0,0,6.0,1,38990.0
5088,6,837,460,1.5,12,1,14.0,1920,1080,157,1,5,0,8,4,8,0,0,4,1024.0,0,8.0,1,60690.0
5089,6,1415,168,1.65,12,1,15.6,1920,1080,141,0,5,0,8,155,16,0,0,4,1024.0,0,6.0,1,70462.0
5090,15,3319,189,2.3,12,1,15.6,1920,1080,141,0,5,0,8,293,8,0,0,4,1024.0,0,6.0,1,71799.0
5091,9,2183,156,1.86,12,1,15.6,1366,768,100,0,2,0,2,118,4,0,0,4,1024.0,0,6.0,1,22990.0
5092,6,4916,156,2.51,16,1,15.6,1920,1080,141,1,5,0,16,255,8,0,0,4,1024.0,0,7.0,1,62000.0
5093,2,4878,441,1.5,16,1,14.0,1920,1200,162,1,5,1,12,4,16,0,0,4,1024.0,0,6.0,1,64990.0
5094,15,2736,156,2.1,0,1,15.6,1366,768,100,1,4,0,3,44,4,0,0,4,1024.0,0,6.0,1,20990.0
5095,1,6156,204,1.37,29,1,13.3,2560,1600,227,0,5,0,6,148,8,0,0,4,1024.0,0,6.0,1,129990.0
5096,15,4422,402,1.7,0,1,15.6,1920,1080,141,0,3,0,6,160,4,0,0,4,1024.0,0,6.0,1,41990.0
5097,7,3088,413,1.0,16,1,13.3,1920,1080,166,0,7,0,12,155,16,0,1,4,1024.0,0,12.3,1,79990.0
5098,9,1751,243,2.19,12,1,15.6,1920,1080,141,1,7,0,6,304,8,0,0,6,1024.0,0,6.0,1,74990.0
5099,16,5385,156,1.86,12,1,15.6,1920,1080,141,0,7,0,9,206,16,0,0,6,1024.0,0,6.0,1,124990.0
5100,6,1352,168,2.27,12,1,15.6,1366,768,100,1,4,0,1,43,4,0,0,4,1024.0,0,6.0,1,26199.0
5101,15,1263,385,1.7,16,1,15.6,1920,1080,141,0,5,0,12,160,8,0,0,4,1024.0,0,6.0,1,45110.0
5102,9,2294,156,1.69,16,1,15.6,1920,1080,141,1,3,0,1,24,8,0,0,4,1024.0,0,6.0,1,29099.0
5103,6,1402,168,2.02,12,1,15.6,1920,1080,141,0,3,0,4,160,4,0,0,4,1024.0,0,6.0,1,35990.0
5104,15,6612,156,1.85,12,1,15.6,1366,768,100,0,2,0,2,163,4,0,0,4,1024.0,0,6.0,1,22990.0
5105,0,3554,28,2.3,12,1,15.6,1366,768,100,1,5,0,4,82,8,0,0,4,1024.0,0,4.0,1,37990.0
5106,9,921,249,1.59,12,1,14.0,1920,1080,157,0,3,1,4,166,4,0,0,4,1024.0,0,6.0,1,50990.0
5107,0,3568,28,2.1,12,1,15.6,1920,1080,141,0,3,0,4,166,4,0,1,4,1024.0,0,7.0,1,35324.0
5108,9,8079,243,1.52,16,1,14.0,1920,1080,157,0,3,1,8,160,8,0,0,4,1024.0,0,6.0,1,63361.0
5109,0,6835,363,1.05,12,1,14.0,1920,1080,157,0,5,0,8,155,8,0,0,4,1024.0,0,6.0,1,71480.0
5110,15,4373,402,5.0,12,1,14.0,1920,1080,157,0,5,0,6,160,8,0,0,4,1024.0,0,6.0,1,61990.0
5111,0,4526,110,1.78,16,1,15.6,1920,1080,141,1,3,0,12,4,8,0,0,4,1024.0,0,6.0,1,28490.0
5112,0,4524,110,1.78,16,1,15.6,1920,1080,141,1,3,0,12,4,8,0,0,4,1024.0,0,6.0,1,47999.0
5113,6,823,166,1.4,12,1,14.0,1920,1080,157,0,5,0,8,239,8,0,0,2,1024.0,0,6.0,1,65471.0
5114,6,1342,168,2.2,10,1,15.6,1366,768,100,0,1,0,2,130,4,0,0,4,500.0,0,6.0,1,20211.0
5115,9,964,243,1.41,12,1,14.0,1920,1080,157,1,5,0,8,4,16,0,0,4,1024.0,0,6.0,1,52991.0
5116,16,4056,174,2.25,16,1,15.6,1920,1080,141,0,5,0,12,255,8,0,0,6,1024.0,0,6.0,1,72990.0
5117,15,6898,156,1.65,12,1,15.6,1920,1080,141,0,3,0,6,160,8,0,0,4,1024.0,0,6.0,1,34990.0
5118,15,2652,156,1.6,12,1,14.0,1366,768,112,1,5,0,6,86,8,0,0,4,1024.0,0,7.5,1,42990.0
5119,6,1418,168,2.3,12,1,15.6,1920,1080,141,0,5,0,3,51,8,0,0,2,2048.0,0,6.0,1,60744.0
5120,6,1305,168,1.83,12,1,15.6,1920,1080,141,0,3,0,6,160,4,0,0,4,1024.0,0,6.0,1,44490.0
5121,15,6954,156,1.39,16,1,15.6,1920,1080,141,1,7,0,4,4,16,0,0,4,1024.0,0,14.0,1,53589.0
5122,2,7263,522,1.62,12,1,14.0,1920,1080,157,0,7,0,12,155,16,0,0,2,1024.0,0,6.0,1,104990.0
5123,2,5456,298,1.3,16,1,13.4,1920,1200,169,1,4,1,16,255,16,0,0,4,1024.0,0,10.0,1,89990.0
5124,15,6933,156,1.85,15,1,15.6,1920,1080,141,0,5,0,12,155,16,0,0,4,1024.0,0,8.0,1,57900.0
5125,2,7869,427,2.0,12,1,15.6,1366,768,100,0,3,0,3,123,6,0,0,4,1024.0,0,6.0,1,29990.0
5126,9,917,48,1.54,3,1,14.0,1366,768,112,0,1,1,2,120,4,0,0,4,1024.0,0,6.0,1,24490.0
5127,15,4861,156,1.5,16,1,14.0,1920,1080,157,1,5,1,12,4,8,0,0,4,1024.0,0,12.0,1,53990.0
5128,6,3351,166,1.57,16,1,14.0,1920,1200,162,0,3,1,10,160,8,0,0,4,1024.0,0,6.0,1,61199.0
5129,0,3559,28,2.1,7,1,15.6,1366,768,100,0,3,0,3,129,4,0,0,4,1024.0,0,6.5,1,25990.0
5130,9,1792,243,1.75,12,1,15.6,1920,1080,141,1,5,0,8,4,16,0,0,4,1024.0,0,6.0,1,73849.0
5131,9,2275,156,1.77,12,1,15.6,1920,1080,141,0,5,0,8,239,8,0,0,2,1024.0,0,12.0,1,57800.0
5132,9,2198,156,1.86,11,1,15.6,1366,768,100,1,4,0,1,43,4,0,0,4,500.0,0,6.0,1,26477.0
5133,6,4892,156,2.4,11,1,15.6,1920,1080,141,0,5,0,12,256,16,0,0,4,1024.0,0,10.0,1,81390.0
5134,9,1928,156,1.75,16,1,15.6,1920,1080,141,1,3,0,4,4,8,0,0,4,1024.0,0,6.0,1,28481.0
5135,16,4201,216,1.4,16,1,14.0,1920,1080,157,0,7,0,12,155,16,0,0,4,1024.0,0,6.0,1,61990.0
5136,9,1235,156,1.41,16,1,14.0,1920,1080,157,0,3,0,10,160,8,0,0,4,1024.0,0,6.0,1,34965.0
5137,9,1236,156,1.49,16,1,14.0,1920,1080,157,0,3,0,6,160,8,0,0,4,1024.0,0,6.0,1,43490.0
5138,15,2741,156,2.2,12,1,14.0,1366,768,112,1,4,0,1,43,4,0,0,4,500.0,0,4.0,1,23735.0
5139,9,1802,232,2.36,12,1,15.6,1920,1080,141,0,5,0,8,293,8,0,0,4,1024.0,0,6.0,1,77990.0
5140,15,7399,156,1.7,16,1,15.6,1920,1080,141,1,5,0,8,4,8,0,0,4,1024.0,0,7.5,1,46190.0
5141,6,1381,118,2.2,12,1,15.6,1920,1080,141,0,7,0,9,289,8,0,0,4,1024.0,0,6.0,1,88990.0
5142,9,8050,249,1.59,12,1,14.0,1920,1080,157,0,5,1,6,166,8,0,0,4,1024.0,0,6.0,1,75990.0
5143,9,1627,156,2.1,0,1,15.6,1366,768,100,0,3,0,3,25,8,0,0,2,1024.0,0,6.0,1,34612.0
5144,16,4055,174,2.25,16,1,15.6,1920,1080,141,0,5,0,12,255,16,0,0,6,1024.0,0,6.0,1,76990.0
5145,2,4410,433,1.38,16,1,14.0,1920,1080,157,1,3,0,4,4,8,0,1,4,1024.0,0,6.0,1,30990.0
5146,2,5419,322,1.9,12,1,15.6,1920,1080,141,0,7,0,12,304,16,0,0,6,1024.0,0,6.0,1,99990.0
5147,16,4202,216,1.4,16,1,14.0,1920,1080,157,0,5,0,12,155,16,0,0,4,1024.0,0,6.0,1,52711.0
5148,15,6941,156,1.46,16,1,14.0,1920,1200,162,0,5,0,12,160,16,0,0,4,1024.0,0,15.5,1,64690.0
5149,15,123,488,1.36,16,1,14.0,1920,1080,157,0,5,0,8,155,16,0,0,4,1024.0,0,6.0,1,76200.0
5150,2,6578,295,1.8,12,1,15.6,1366,768,100,1,4,0,2,44,4,0,0,4,1024.0,0,5.0,1,30990.0
5151,18,6991,156,1.25,12,1,13.5,2256,1504,201,0,5,1,6,166,8,0,0,4,1024.0,0,14.0,1,116990.0
5152,2,6084,441,1.4,12,1,14.0,1920,1080,157,1,5,0,12,71,8,0,0,4,1024.0,0,6.0,1,57990.0
5153,9,1611,243,2.17,12,1,15.6,1920,1080,141,0,5,0,8,287,8,0,0,4,1024.0,0,6.0,1,56991.0
5154,6,1419,168,2.3,11,1,15.6,1920,1080,141,0,5,0,3,51,8,0,0,4,2048.0,0,6.0,1,65617.0
5155,6,1392,168,2.2,12,1,15.0,1920,1080,147,1,5,0,6,86,8,0,0,4,1024.0,0,6.0,1,44855.0
5156,2,4808,382,2.6,12,1,17.3,1920,1080,127,0,5,0,12,255,8,0,0,4,1024.0,0,6.0,1,73990.0
5157,2,880,435,1.4,16,1,14.0,2880,1800,243,0,5,0,8,155,16,0,0,4,1024.0,0,6.0,1,65490.0
5158,6,1343,168,2.1,12,1,15.6,1366,768,100,0,1,0,2,130,4,0,0,4,500.0,0,6.0,1,19990.0
5159,15,2653,156,1.6,16,1,14.0,1366,768,112,1,4,0,4,4,4,0,0,4,1024.0,0,6.0,1,27990.0
5160,9,2455,232,2.32,16,1,16.1,2560,1440,182,0,5,0,12,266,16,0,0,6,1024.0,0,6.0,1,87216.0
5161,2,7570,429,1.88,16,1,16.0,1920,1200,142,0,5,0,12,155,16,0,0,4,1024.0,0,6.0,1,58990.0
5162,3,6281,201,1.46,12,1,14.0,1920,1080,157,0,5,0,4,128,8,0,0,4,1024.0,0,10.0,1,38028.0
5163,1,6162,204,1.37,24,1,13.3,2560,1600,227,0,5,0,6,152,8,0,0,4,1024.0,0,10.0,1,149990.0
5164,2,7470,424,1.4,16,1,14.0,1920,1080,157,0,5,0,12,155,16,0,0,4,1024.0,0,6.0,1,49990.0
5165,2,7262,522,1.62,16,1,14.0,1920,1080,157,0,5,1,8,240,16,0,0,2,1024.0,0,6.0,1,80489.0
5166,0,4531,110,1.9,16,1,15.6,1920,1080,141,0,2,0,12,170,4,0,0,4,1024.0,0,6.5,1,27990.0
5167,2,7469,424,1.4,16,1,14.0,1920,1080,157,0,5,0,12,160,8,0,0,4,1024.0,0,6.0,1,47890.0
5168,15,2760,156,2.2,12,1,15.6,1366,768,100,0,5,0,3,129,4,0,0,4,1024.0,0,4.0,1,51890.0
5169,6,3190,166,1.5,11,1,14.0,1920,1080,157,0,5,1,12,133,8,0,0,4,1024.0,0,6.0,1,75100.0
5170,2,4740,380,2.2,16,1,15.6,1920,1080,141,0,7,0,24,259,16,0,0,6,1024.0,0,10.0,1,134988.0
5171,6,819,166,1.72,12,1,14.0,1920,1080,157,0,3,1,6,160,4,0,0,4,1024.0,0,6.0,1,49890.0
5172,16,5397,156,2.2,12,1,15.6,1920,1080,141,0,7,0,9,206,16,0,0,6,1024.0,0,6.0,1,119990.0
5173,9,1207,156,1.47,12,1,14.0,1920,1080,157,0,3,0,4,160,8,0,0,4,1024.0,0,6.0,1,49800.0
5174,6,1330,168,1.85,12,1,15.6,1920,1080,141,0,5,0,8,239,8,0,0,2,1024.0,0,7.0,1,57999.0
5175,32,7973,271,1.65,16,1,15.6,1920,1080,141,0,3,0,12,160,8,0,1,4,1024.0,0,10.0,1,23999.0
5176,6,612,165,2.2,12,1,13.3,1920,1080,166,0,7,1,8,166,16,0,0,4,1024.0,0,6.0,1,96990.0
5177,2,7457,424,1.5,16,1,14.0,1920,1080,157,0,3,0,12,155,8,0,0,4,1024.0,0,6.0,1,47990.0
5178,0,3521,28,1.9,12,1,15.6,1366,768,100,1,4,0,1,43,4,0,0,4,1024.0,0,5.5,1,20999.0
5179,15,7323,156,1.6,12,1,14.0,1366,768,112,0,3,0,6,160,4,0,0,4,1024.0,0,6.0,1,34990.0
5180,15,1069,159,1.6,12,1,14.0,1920,1080,157,0,3,0,4,160,4,0,0,4,1024.0,0,5.0,1,33990.0
5181,3,6278,201,1.37,12,1,13.3,1920,1080,166,0,5,0,4,128,8,0,0,4,1024.0,0,10.0,1,41990.0
5182,0,3579,28,1.7,12,1,15.6,1920,1080,141,0,3,0,6,160,4,0,0,4,1024.0,0,9.0,1,29990.0
5183,2,1516,433,1.63,16,1,15.6,1920,1080,141,0,3,0,6,160,8,0,0,4,1024.0,0,6.0,1,31990.0
5184,2,5845,447,1.4,12,1,14.0,1920,1080,157,1,5,0,8,4,8,0,0,4,1024.0,0,6.0,1,58990.0
5185,16,5475,156,2.2,12,1,15.6,1920,1080,141,0,5,0,8,206,8,0,0,6,1024.0,0,6.0,1,81990.0
5186,15,3123,156,1.66,12,1,15.6,1920,1080,141,1,5,0,12,4,8,0,0,4,1024.0,0,14.0,1,37990.0
5187,0,3916,225,2.7,12,1,15.6,1920,1080,141,0,5,0,6,288,8,0,0,4,1024.0,0,7.0,1,79999.0
5188,2,7456,424,1.5,16,1,14.0,1920,1080,157,0,3,0,12,155,8,0,0,4,1024.0,0,6.0,1,47990.0
5189,7,3085,46,1.0,16,1,13.3,1920,1080,166,0,5,0,8,155,16,0,0,4,1024.0,0,8.0,1,69990.0
5190,18,7020,156,0.77,12,1,12.3,2736,1824,267,0,5,1,6,166,8,0,0,4,1024.0,0,13.5,1,75999.0
5191,9,916,48,1.54,3,1,14.0,1366,768,112,0,1,1,2,120,4,0,0,4,1024.0,0,6.0,1,24490.0
5192,9,5188,8,1.47,0,1,14.0,1366,768,112,1,3,0,4,4,8,0,0,4,1024.0,0,4.0,1,25290.0
5193,9,1185,156,1.47,12,1,14.0,1366,768,112,0,2,0,2,127,4,0,0,4,1024.0,0,6.0,1,29171.0
5194,6,2930,168,1.8,16,1,15.6,1920,1080,141,1,3,0,4,4,8,0,0,4,1024.0,0,7.0,1,33999.0
5195,7,3084,46,1.1,16,1,13.3,1920,1080,166,0,5,0,8,155,16,0,0,4,1024.0,0,8.0,1,73990.0
5196,15,6940,156,1.46,16,1,14.0,1920,1200,162,0,4,0,18,107,16,0,0,4,1024.0,0,5.0,1,74800.0
5197,0,3673,30,2.1,12,1,15.6,1366,768,100,0,5,0,6,166,4,0,0,4,1024.0,0,7.0,1,34990.0
5198,1,6175,204,1.37,25,1,13.3,2560,1600,227,0,5,0,6,151,8,0,0,4,1024.0,0,10.0,1,97040.0
5199,2,5754,444,1.4,16,1,14.0,1920,1080,157,0,5,0,8,155,16,0,1,4,1024.0,0,6.0,0,44999.0
5200,15,202,475,1.5,16,1,14.0,2880,1800,243,0,7,1,18,155,16,0,0,4,1024.0,0,6.0,0,107990.0
5201,15,7328,156,1.8,0,1,14.0,1366,768,112,0,5,0,12,133,8,0,0,4,1024.0,0,6.0,0,46990.0
5202,15,5873,156,1.8,18,1,14.0,1920,1080,157,0,5,0,12,155,8,0,0,4,1024.0,0,6.0,0,73999.0
5203,2,2522,447,1.8,16,1,16.0,1920,1200,142,0,7,0,24,255,16,0,1,4,1024.0,0,6.0,0,74990.0
5204,0,7102,412,1.6,18,1,14.0,1920,1080,157,0,3,0,12,160,8,0,0,4,1024.0,0,6.0,0,52490.0
5205,0,3712,30,1.76,16,1,15.6,1920,1080,141,0,3,0,12,160,8,0,0,4,1024.0,0,6.0,0,40999.0
5206,0,7100,412,1.6,16,1,14.0,1920,1080,157,0,3,0,12,160,8,0,0,4,1024.0,0,6.0,0,42990.0
5207,0,7091,412,1.4,16,1,11.6,1366,768,135,0,1,0,12,161,4,0,0,4,1024.0,0,12.0,0,22990.0
5208,2,7483,427,1.8,16,1,15.6,1920,1080,141,0,3,0,6,160,8,0,0,4,1024.0,0,6.0,0,33990.0
5209,0,7110,412,1.57,18,1,14.0,1920,1080,157,0,3,0,12,155,8,0,0,4,1024.0,0,6.0,0,55490.0
5210,0,7109,412,1.57,16,1,14.0,1920,1080,157,0,3,0,12,155,8,0,0,4,1024.0,0,6.0,0,45990.0
5211,0,3660,30,1.57,16,1,14.0,1920,1200,162,0,5,0,12,248,8,0,0,4,1024.0,0,6.0,0,63999.0
5212,0,7101,412,1.6,16,1,14.0,1920,1080,157,0,5,0,12,155,16,0,0,4,1024.0,0,6.0,0,56990.0
5213,0,7105,412,1.6,16,1,14.0,1920,1080,157,0,7,0,12,155,16,0,0,4,1024.0,0,6.0,0,79990.0
5214,0,7114,412,1.57,18,1,14.0,1920,1080,157,0,5,0,12,155,8,0,0,4,1024.0,0,6.0,0,65000.0
5215,0,3791,31,2.1,16,1,15.6,1920,1080,141,0,5,0,12,255,16,0,0,4,1024.0,0,6.0,0,68999.0
5216,0,7124,412,1.41,18,1,14.0,1920,1080,157,0,5,0,12,155,16,0,0,4,1024.0,0,6.0,0,77490.0
5217,0,7103,412,1.6,18,1,14.0,1920,1080,157,0,5,0,12,155,16,0,0,4,1024.0,0,6.0,0,66490.0
5218,0,7122,412,1.41,16,1,14.0,1920,1080,157,0,7,0,12,155,16,0,0,4,1024.0,0,6.0,0,89990.0
5219,0,7106,412,1.6,18,1,14.0,1920,1080,157,0,7,0,12,155,16,0,0,4,1024.0,0,6.0,0,89490.0
5220,0,7123,412,1.41,18,1,14.0,1920,1080,157,0,7,0,12,155,16,0,0,4,1024.0,0,6.0,0,99490.0
5221,9,2461,232,2.35,16,1,16.1,2560,1440,182,0,7,0,30,268,16,0,1,8,1024.0,0,6.0,0,187990.0
5222,0,6517,258,2.6,16,1,16.0,2560,1600,189,0,7,0,12,267,16,0,0,8,1024.0,0,6.0,0,149999.0
5223,9,2446,423,2.31,16,1,16.1,1920,1080,137,0,5,0,24,266,16,0,1,6,1024.0,0,6.0,0,124990.0
5224,0,6512,258,2.6,16,1,16.0,1920,1200,142,0,5,0,12,266,16,0,0,6,1024.0,0,6.0,0,109999.0
5225,9,2464,232,2.35,16,1,16.1,2560,1440,182,0,9,0,36,268,32,0,1,8,1024.0,0,6.0,0,239990.0
5226,9,2570,232,2.78,16,1,17.3,2560,1440,170,0,7,0,30,270,16,0,1,16,1024.0,0,6.0,0,289990.0
5227,15,1193,385,2.3,14,1,14.0,1920,1080,157,0,7,1,12,155,16,0,1,4,1024.0,0,15.0,0,109900.0
5228,9,4854,494,1.8,16,1,16.0,1920,1200,142,0,5,0,12,155,16,0,0,4,1024.0,0,6.0,0,97680.0
5229,2,1143,447,1.4,16,1,14.0,1920,1200,162,0,5,0,12,248,16,0,1,4,1024.0,0,6.0,0,54990.0
5230,13,7299,156,1.2,16,1,16.0,1920,1200,142,1,5,0,12,4,16,0,0,4,1024.0,0,6.0,0,66554.0
5231,15,720,472,1.3,16,1,13.3,1920,1200,170,1,5,1,12,4,16,0,1,4,1024.0,0,12.0,0,76889.0
5232,9,4858,494,1.8,16,1,16.0,1920,1200,142,0,5,0,12,155,16,0,0,4,1024.0,0,6.0,0,103777.0
5233,9,4856,494,1.47,16,1,14.0,1920,1200,162,0,5,0,12,155,16,0,0,4,1024.0,0,6.0,0,99271.0
5234,9,4845,494,1.47,16,1,14.0,1920,1200,162,0,5,0,12,155,16,0,1,4,1024.0,0,6.0,0,102054.0
5235,9,4852,494,1.8,16,1,16.0,1920,1200,142,0,7,0,12,155,16,0,0,4,1024.0,0,6.0,0,111067.0
5236,9,4857,494,1.8,16,1,16.0,1920,1200,142,0,5,0,12,275,16,0,0,4,1024.0,0,6.0,0,110205.0
5237,9,4843,494,1.47,16,1,14.0,1920,1200,162,0,7,0,12,155,16,0,0,4,1024.0,0,13.0,0,111332.0
5238,9,4844,494,1.47,16,1,14.0,1920,1200,162,0,7,0,12,155,16,0,1,4,1024.0,0,6.0,0,115308.0
5239,0,3537,28,1.78,16,1,15.6,1920,1080,141,1,5,0,12,4,8,0,0,4,1024.0,0,6.0,0,39999.0
5240,9,4849,494,1.8,16,1,16.0,1920,1200,142,0,5,0,12,275,16,0,0,4,1024.0,0,6.0,0,115838.0
5241,9,4853,494,1.8,16,1,16.0,1920,1200,142,0,7,0,12,155,16,0,0,4,1024.0,0,6.0,0,116766.0
5242,0,3535,28,1.78,16,1,15.6,1920,1080,141,1,3,0,4,4,8,0,0,4,1024.0,0,6.0,0,31490.0
5243,9,4841,494,1.47,16,1,14.0,1920,1200,162,0,5,0,12,277,16,0,1,4,1024.0,0,6.0,0,114247.0
5244,9,4846,494,1.47,16,1,14.0,1920,1200,162,0,7,0,12,277,16,0,0,4,1024.0,0,6.0,0,120344.0
5245,0,6822,362,1.4,16,1,14.0,2880,1800,243,0,5,0,12,155,8,0,0,4,1024.0,0,6.0,0,62999.0
5246,0,3718,30,1.78,16,1,15.6,1920,1080,141,0,5,0,12,248,8,0,0,4,1024.0,0,6.0,0,69999.0
5247,9,4842,494,1.47,16,1,14.0,1920,1200,162,0,7,0,12,277,16,0,1,4,1024.0,0,13.0,0,126308.0
5248,0,3789,31,2.1,16,1,15.6,1920,1080,141,0,5,0,12,209,16,0,0,4,1024.0,0,6.0,0,59990.0
5249,0,3788,31,2.1,16,1,15.6,1920,1080,141,0,5,0,12,209,8,0,0,4,1024.0,0,6.0,0,56990.0
5250,9,4851,494,1.8,16,1,16.0,1920,1200,142,0,7,0,12,275,16,0,0,4,1024.0,0,13.0,0,121935.0
5251,0,3717,30,2.2,16,1,15.6,1920,1080,141,0,5,0,12,248,8,0,0,4,1024.0,0,6.0,0,59999.0
5252,9,5209,503,1.73,16,1,16.0,3840,2400,283,0,9,0,24,259,32,0,0,6,1024.0,0,6.0,0,267726.0
5253,9,4850,494,1.8,16,1,16.0,1920,1200,142,0,7,0,12,275,16,0,0,4,1024.0,0,6.0,0,127530.0
5254,9,5211,503,1.73,16,1,16.0,1920,1200,142,0,9,0,24,155,32,0,0,4,1024.0,0,6.0,0,341814.0
5255,9,5212,503,1.73,16,1,16.0,3840,2400,283,0,9,0,24,156,32,0,0,4,1024.0,0,6.0,0,357189.0
5256,9,5207,503,1.73,16,1,16.0,1920,1200,142,0,7,0,24,259,16,0,0,6,1024.0,0,12.0,0,210735.0
5257,9,5208,503,1.73,16,1,16.0,3840,2400,283,0,7,0,24,259,16,0,0,6,1024.0,0,6.0,0,226003.0
5258,9,5210,503,1.73,16,1,16.0,3840,2400,283,0,9,0,24,261,32,0,0,8,1024.0,0,6.0,0,298647.0
5259,15,3324,157,1.5,16,1,14.0,1920,1200,162,0,3,1,10,160,8,0,1,4,1024.0,0,9.0,0,53300.0
5260,13,1160,532,1.0,16,1,14.0,1920,1200,162,0,7,0,12,155,16,0,0,4,1024.0,0,6.0,0,117899.0
5261,2,6327,437,1.92,16,1,15.6,1920,1080,141,1,5,0,12,255,16,0,0,4,1024.0,0,6.0,0,57999.0
5262,15,175,159,1.6,16,1,15.6,1920,1080,141,0,5,0,12,155,16,0,1,4,1024.0,0,6.0,0,51990.0
5263,9,1981,101,1.77,16,1,15.6,1920,1080,141,0,7,1,12,155,16,0,0,4,1024.0,0,6.0,0,124736.0
5264,9,1826,101,1.7,16,1,15.6,1920,1080,141,0,7,1,12,248,16,0,1,4,1024.0,0,6.0,0,124999.0
5265,2,6381,427,1.7,16,1,15.6,1920,1080,141,0,5,0,12,155,16,0,1,4,1024.0,0,6.0,0,60300.0
5266,15,148,159,1.6,16,1,15.6,1920,1080,141,0,5,0,12,155,8,0,1,4,1024.0,0,7.0,0,78990.0
5267,0,3566,28,1.7,16,1,15.6,1920,1080,141,0,3,0,12,160,8,0,0,4,1024.0,0,6.0,0,32100.0
5268,9,2462,232,2.35,16,1,16.1,2560,1440,182,0,7,0,30,269,32,0,1,12,1024.0,0,6.0,0,244990.0
5269,9,2569,232,2.78,16,1,17.3,2560,1440,170,0,7,0,30,269,16,0,0,12,1024.0,0,6.0,0,239990.0
5270,15,1048,476,2.2,16,1,14.0,3840,2400,323,0,7,0,12,155,16,0,1,4,1024.0,0,6.0,0,179990.0
5271,9,5203,0,1.47,18,1,14.0,1366,768,112,0,5,0,12,155,8,0,0,4,1024.0,0,6.0,0,77990.0
5272,15,5533,156,2.25,16,1,15.6,1920,1080,141,1,5,0,3,255,8,0,1,4,1024.0,0,6.0,0,64190.0
5273,15,5530,156,2.25,16,1,15.6,1920,1080,141,1,5,0,16,209,8,0,1,4,1024.0,0,5.0,0,53290.0
5274,16,3423,372,2.25,12,1,15.6,1920,1080,141,0,5,0,12,259,16,0,0,6,1024.0,0,6.0,0,121900.0
5275,16,3463,350,2.8,16,1,17.3,2560,1440,170,0,7,0,12,268,32,0,0,8,1024.0,0,6.0,0,204990.0
5276,2,1141,447,1.4,16,1,14.0,1920,1200,162,0,5,0,18,248,16,0,1,4,1024.0,0,6.0,0,80990.0
5277,0,3515,28,1.4,16,1,14.0,1920,1080,157,0,3,0,6,160,8,0,0,4,1024.0,0,6.0,0,33990.0
5278,6,2593,22,2.61,16,1,16.0,1920,1080,141,0,4,0,24,268,32,0,0,8,1024.0,0,6.0,0,215490.0
5279,9,5214,0,1.47,18,1,14.0,1366,768,112,0,3,0,10,155,8,0,0,4,1024.0,0,6.0,0,50160.0
5280,0,3599,28,1.7,16,1,15.6,1920,1080,141,0,3,0,10,160,8,0,0,4,1024.0,0,6.0,0,42990.0
5281,0,6468,254,2.6,16,1,16.0,2560,1600,189,0,9,0,12,269,32,0,0,12,1024.0,0,6.0,0,249990.0
5282,2,4330,512,1.75,16,1,14.5,2880,1800,234,0,9,1,24,266,32,0,0,6,1024.0,0,6.0,0,235278.0
5283,2,6356,518,1.39,16,1,14.0,2880,1800,243,0,5,1,12,155,16,0,0,4,1024.0,0,6.0,0,83990.0
5284,0,3781,31,2.1,16,1,15.6,1920,1080,141,0,5,0,12,255,16,0,0,4,1024.0,0,6.0,0,70999.0
5285,2,5506,300,1.32,16,1,13.4,2560,1600,225,0,9,0,24,268,32,0,0,8,1024.0,0,6.0,0,275000.0
5286,6,2870,460,1.69,16,1,15.6,1920,1080,141,0,3,0,6,160,8,0,1,4,1024.0,0,6.0,0,44490.0
5287,9,3051,277,1.38,18,1,14.0,1920,1080,157,0,5,0,12,155,16,0,0,4,1024.0,0,6.0,0,88999.0
5288,6,2867,460,1.69,16,1,15.6,1920,1080,141,0,3,0,6,160,8,0,1,4,1024.0,0,6.0,0,38390.0
5289,6,2868,460,1.69,16,1,15.6,1920,1080,141,0,5,0,8,160,8,0,1,4,1024.0,0,6.0,0,56989.0
5290,6,2851,460,1.48,16,1,14.0,1920,1080,157,0,3,0,6,160,8,0,1,4,1024.0,0,6.0,0,43990.0
5291,6,2871,460,1.69,16,1,15.6,1920,1080,141,0,5,0,8,160,8,0,1,4,1024.0,0,6.0,0,54289.0
5292,6,2850,460,1.48,16,1,14.0,1920,1080,157,0,3,0,6,160,8,0,1,4,1024.0,0,6.0,0,40989.0
5293,0,6467,254,2.6,16,1,16.0,2560,1600,189,0,9,0,12,268,16,0,0,8,1024.0,0,6.0,0,199990.0
5294,0,7111,412,1.57,16,1,14.0,1920,1080,157,0,5,0,12,155,8,0,0,4,1024.0,0,6.0,0,61500.0
5295,13,2548,532,1.19,16,1,16.0,2560,1600,189,0,7,0,12,133,16,0,0,4,1024.0,0,22.0,0,101990.0
5296,2,4630,377,2.2,16,1,15.6,1920,1080,141,1,7,0,20,256,16,0,1,4,1024.0,0,6.0,0,85020.0
5297,0,3768,31,2.2,16,1,15.6,1920,1080,141,0,5,0,12,209,16,0,0,4,1024.0,0,6.0,0,61990.0
5298,0,3714,30,1.8,16,1,15.6,1920,1080,141,0,5,0,12,248,8,0,0,4,1024.0,0,7.0,0,59999.0
5299,2,6778,443,1.7,16,1,15.6,2880,1620,212,0,9,0,12,155,16,0,0,4,1024.0,0,6.0,0,109990.0
5300,0,3563,28,1.7,16,1,15.6,1920,1080,141,0,3,0,12,160,8,0,0,4,1024.0,0,6.0,0,33990.0
5301,0,6391,156,1.5,16,1,14.0,1366,768,112,1,3,0,12,4,8,0,0,4,1024.0,0,6.0,0,28990.0
5302,0,3540,28,1.78,16,1,15.6,1920,1080,141,1,3,0,12,4,8,0,0,4,1024.0,0,6.0,0,27990.0
5303,0,3534,28,1.78,16,1,15.6,1920,1080,141,1,5,0,12,4,16,0,0,4,1024.0,0,6.0,0,51999.0
5304,0,3708,30,1.76,16,1,15.6,1920,1080,141,0,3,0,12,160,8,0,0,4,1024.0,0,6.0,0,45999.0
5305,0,3533,28,1.78,16,1,15.6,1920,1080,141,1,3,0,12,4,8,0,0,4,1024.0,0,6.0,0,37999.0
5306,0,3773,31,2.2,16,1,15.6,1920,1080,141,0,5,0,12,209,8,0,0,4,1024.0,0,6.0,0,57990.0
5307,6,441,166,1.55,16,1,14.0,1920,1200,162,0,7,0,12,155,16,0,1,4,1024.0,0,6.0,0,74990.0
5308,0,3542,28,1.78,16,1,15.6,1920,1080,141,1,3,0,4,4,8,0,0,4,1024.0,0,13.5,0,30990.0
5309,0,3772,31,2.2,16,1,15.6,1920,1080,141,0,5,0,12,209,16,0,0,4,1024.0,0,6.0,0,61990.0
5310,9,2334,156,1.69,16,1,15.6,1366,768,100,0,5,0,12,155,8,0,0,4,1024.0,0,7.45,0,62899.0
5311,0,3774,31,2.2,16,1,15.6,1920,1080,141,0,5,0,12,209,16,0,0,4,1024.0,0,6.0,0,61990.0
5312,0,7113,412,1.57,16,1,14.0,1920,1080,157,0,5,0,12,155,16,0,0,4,1024.0,0,6.0,0,69990.0
5313,6,440,166,1.54,16,1,14.0,1920,1200,162,1,5,0,12,4,16,0,1,4,1024.0,0,6.0,0,60989.0
5314,15,6548,385,2.0,18,1,17.3,3072,1440,196,0,7,1,12,155,16,0,1,4,1024.0,0,6.0,0,194990.0
5315,0,3761,31,2.2,16,1,15.6,1920,1080,141,1,5,0,12,209,16,0,0,4,1024.0,0,6.0,0,58990.0
5316,0,3715,30,2.2,16,1,15.6,1920,1080,141,0,5,0,12,248,16,0,0,4,1024.0,0,6.0,0,63990.0
5317,15,742,385,1.26,12,1,13.3,2560,1600,227,0,5,0,8,133,8,0,0,4,1024.0,0,12.1,0,61999.0
5318,15,4397,402,1.6,18,1,14.0,1920,1080,157,0,7,0,12,155,16,0,1,4,1024.0,0,8.0,0,114490.0
5319,2,6342,518,1.39,16,1,14.0,2880,1800,243,1,7,0,12,4,16,0,0,4,1024.0,0,6.0,0,84990.0
5320,2,2379,447,1.88,16,1,16.0,1920,1200,142,1,7,0,16,4,16,0,1,4,1024.0,0,6.0,0,76990.0
5321,16,494,122,1.86,12,1,15.6,1920,1080,141,0,5,0,12,209,8,0,0,4,1024.0,0,6.0,0,53750.0
5322,15,6439,402,2.7,14,1,15.6,1920,1080,141,0,9,0,24,274,32,0,1,4,1024.0,0,10.0,0,249999.0
5323,0,3951,225,2.2,16,1,15.6,1920,1080,141,0,5,0,12,209,16,0,0,4,1024.0,0,6.0,0,62999.0
5324,9,2300,156,1.69,16,1,15.6,1920,1080,141,1,3,0,4,4,8,0,1,4,1024.0,0,6.0,0,41960.0
5325,0,7099,412,1.6,16,1,14.0,1920,1080,157,0,5,0,12,155,8,0,0,4,1024.0,0,6.0,0,69738.0
5326,0,4270,48,2.2,3,1,14.0,1366,768,112,0,1,0,12,161,4,0,0,4,1024.0,0,12.0,0,21990.0
5327,15,4385,402,1.6,18,1,14.0,1920,1080,157,1,5,0,8,4,8,0,1,4,1024.0,0,12.0,0,61900.0
5328,16,584,329,2.38,16,1,15.6,2560,1440,188,0,9,0,30,265,32,0,0,16,1024.0,0,6.0,0,419990.0
5329,0,3960,225,2.5,16,1,15.6,1920,1080,141,0,5,0,18,255,16,0,0,4,1024.0,0,6.0,0,84999.0
5330,6,6546,171,2.05,16,1,16.0,3072,1920,226,0,7,0,24,259,16,0,0,6,1024.0,0,6.0,0,163489.0
5331,2,5763,447,1.8,15,1,15.6,1920,1080,141,0,5,0,12,133,8,0,0,4,1024.0,0,6.0,0,56353.0
5332,6,6545,171,2.05,16,1,16.0,3072,1920,226,0,7,0,24,256,16,0,0,4,1024.0,0,6.0,0,145490.0
5333,16,3754,218,1.6,16,1,15.6,1920,1080,141,1,7,0,12,4,8,0,0,4,1024.0,0,6.0,0,45000.0
5334,9,1243,156,1.41,16,1,14.0,1920,1080,157,1,3,0,4,86,8,0,0,4,1024.0,0,6.0,0,32999.0
5335,6,7984,19,2.69,16,1,15.6,2560,1440,188,0,7,0,24,261,16,0,0,8,1024.0,0,6.0,0,194990.0
5336,6,3276,170,1.87,16,1,16.0,1920,1080,138,0,5,0,12,155,16,0,0,4,1024.0,0,6.0,0,74489.0
5337,9,5193,5,1.75,12,1,14.0,1366,768,112,1,4,0,4,4,4,0,0,4,1024.0,0,4.0,0,24990.0
5338,0,464,28,1.7,16,1,15.6,1920,1080,141,0,3,0,6,160,8,0,0,4,1024.0,0,8.0,0,36999.0
5339,15,7335,156,1.6,0,1,14.0,1920,1080,157,0,5,0,12,168,8,0,0,4,1024.0,0,6.0,0,45990.0
5340,0,480,28,1.9,16,1,15.6,1920,1080,141,1,3,0,5,4,8,0,0,4,1024.0,0,9.0,0,29990.0
5341,15,4398,402,1.59,14,1,14.0,1920,1080,157,0,5,0,12,160,8,0,0,4,1024.0,0,6.0,0,64999.0
5342,24,5751,156,1.5,6,1,11.6,1366,768,135,3,4,0,1,376,2,0,0,4,1024.0,0,8.0,0,15799.0
5343,0,6961,255,3.0,16,1,15.6,3840,2160,282,0,9,0,12,264,32,0,0,8,1024.0,0,6.0,0,319999.0
5344,15,4399,402,1.59,14,1,14.0,1920,1080,157,0,5,0,12,160,16,0,0,4,1024.0,0,6.0,0,68999.0
5345,15,5571,156,2.25,16,1,15.6,1920,1080,141,0,5,0,8,255,8,0,0,4,1024.0,0,6.0,0,59547.0
5346,16,4060,346,1.8,16,1,15.6,1920,1080,141,0,7,0,24,259,16,0,0,6,1024.0,0,3.0,0,80990.0
5347,2,5749,431,1.5,11,1,14.0,1920,1080,157,0,1,1,4,161,4,0,0,4,1024.0,0,6.0,0,56386.0
5348,0,7098,412,1.68,14,1,14.0,1366,768,112,0,3,0,12,160,8,0,0,4,1024.0,0,13.0,0,50990.0
5349,0,3587,28,1.7,12,1,15.6,1920,1080,141,0,3,0,12,168,4,0,0,4,1024.0,0,9.0,0,38999.0
5350,0,7120,411,1.41,12,1,14.0,1920,1080,157,0,5,0,12,155,8,0,0,4,1024.0,0,6.0,0,65299.0
5351,9,2412,423,2.93,15,1,16.1,1920,1080,137,0,5,0,12,209,8,0,0,4,1024.0,0,6.3,0,56999.0
5352,0,3696,30,1.65,16,1,15.6,1920,1080,141,0,5,0,12,156,8,0,0,4,1024.0,0,6.0,0,49999.0
5353,0,6305,362,1.4,16,1,14.0,2880,1800,243,0,5,0,18,155,16,0,0,4,1024.0,0,6.0,0,95999.0
5354,0,4543,110,1.7,16,1,15.6,1920,1080,141,0,3,0,12,160,8,0,0,4,1024.0,0,8.0,0,31990.0
5355,0,7115,412,1.8,16,1,15.6,1366,768,100,0,2,0,12,160,4,0,0,4,1024.0,0,12.0,0,29990.0
5356,0,3523,28,1.9,16,1,15.6,1920,1080,141,1,3,0,12,4,4,0,0,4,1024.0,0,6.0,0,27990.0
5357,0,7119,411,1.41,14,1,14.0,1920,1080,157,0,5,0,12,155,8,0,0,4,1024.0,0,13.5,0,71990.0
5358,0,3583,28,1.7,16,1,15.6,1920,1080,141,0,3,0,12,160,8,0,0,4,1024.0,0,6.0,0,34999.0
5359,0,4546,110,1.7,16,1,15.6,1920,1080,141,0,3,0,12,160,4,0,0,4,1024.0,0,8.0,0,29990.0
5360,0,3585,28,1.7,16,1,15.6,1920,1080,141,0,3,0,12,168,8,0,0,4,1024.0,0,6.0,0,35999.0
5361,0,6489,255,2.3,16,1,15.6,1920,1080,141,0,7,0,12,261,16,0,0,8,1024.0,0,6.0,0,149999.0
5362,0,3582,28,2.2,16,1,15.6,1920,1080,141,0,5,0,12,155,16,0,0,4,1024.0,0,6.0,0,52999.0
5363,0,3949,225,2.4,16,1,15.6,1920,1080,141,0,7,0,12,256,16,0,0,4,1024.0,0,6.0,0,94999.0
5364,0,3591,28,2.2,16,1,15.6,1920,1080,141,0,5,0,12,155,12,0,0,4,1024.0,0,6.0,0,46990.0
5365,0,3948,225,2.4,16,1,15.6,1920,1080,141,0,7,0,12,256,16,0,0,4,1024.0,0,6.0,0,99999.0
5366,0,7092,410,1.62,14,1,14.0,1366,768,112,1,5,0,12,4,8,0,0,4,1024.0,0,13.0,0,59990.0
5367,0,3654,30,2.2,16,1,14.0,1920,1080,157,0,5,0,12,156,8,0,0,4,1024.0,0,6.0,0,44990.0
5368,0,3909,225,2.25,16,1,15.6,1920,1080,141,1,5,0,12,255,8,0,0,4,1024.0,0,6.0,0,89999.0
5369,0,3957,225,2.5,16,1,15.6,2560,1440,188,0,7,0,12,259,16,0,0,6,1024.0,0,6.0,0,129999.0
5370,15,6956,156,1.38,11,1,14.0,2220,1080,176,0,5,0,8,240,16,0,0,2,1024.0,0,4.0,0,74990.0
5371,0,6500,255,2.6,16,1,15.6,2560,1440,188,0,7,0,12,259,16,0,0,6,1024.0,0,6.0,0,154990.0
5372,16,589,418,2.38,16,1,15.6,2560,1440,188,0,7,0,24,262,16,0,0,8,1024.0,0,6.0,0,204990.0
5373,0,3898,225,2.4,16,1,15.6,2560,1440,188,1,4,0,12,261,16,0,0,8,1024.0,0,6.0,0,137990.0
5374,16,591,406,3.3,16,1,17.3,3840,2160,255,0,9,0,30,265,64,0,0,16,1024.0,0,6.0,0,459990.0
5375,0,6498,255,2.6,16,1,15.6,2560,1440,188,0,9,0,12,262,32,0,0,8,1024.0,0,6.0,0,189990.0
5376,15,5531,156,2.2,16,1,15.6,1920,1080,141,1,7,0,16,255,8,0,0,4,1024.0,0,5.0,0,102090.0
5377,2,5155,313,2.7,11,1,17.3,1920,1080,127,1,4,0,16,261,16,0,0,8,1024.0,0,6.0,0,165990.0
5378,23,8136,42,1.99,12,1,15.6,2560,1440,188,0,7,0,12,264,32,0,0,8,1024.0,0,6.0,0,253654.0
5379,0,6506,256,3.9,12,1,17.3,3840,2160,255,0,9,0,24,264,64,0,0,16,1024.0,0,6.0,0,249999.0
5380,2,5154,313,2.7,11,1,17.3,1920,1080,127,1,4,0,20,261,8,0,0,8,1024.0,0,6.0,0,234990.0
5381,2,5256,318,1.6,12,1,14.0,1920,1080,157,1,4,0,16,256,16,0,0,4,1024.0,0,10.0,0,134990.0
5382,9,2245,156,1.75,15,1,15.6,1920,1080,141,0,3,0,6,160,8,0,0,4,1024.0,0,6.0,0,42990.0
5383,2,5156,313,2.7,11,1,17.3,1920,1080,127,1,4,0,20,264,16,0,0,16,1024.0,0,6.0,0,64989.0
5384,23,8135,42,2.9,12,1,15.6,1920,1080,141,0,7,0,12,259,16,0,0,8,1024.0,0,6.0,0,64989.0
5385,9,2324,156,1.7,15,1,15.6,1920,1080,141,0,3,0,12,160,8,0,0,4,1024.0,0,7.0,0,40990.0
5386,9,2350,156,1.89,15,1,15.6,1920,1080,141,0,3,0,12,160,8,0,0,4,1024.0,0,8.0,0,36990.0
5387,2,7648,424,1.6,16,1,14.0,1920,1080,157,0,5,0,8,155,8,0,0,4,1024.0,0,6.0,0,48990.0
5388,2,5108,305,2.83,12,1,17.3,1920,1080,127,0,7,0,12,217,16,0,0,6,1024.0,0,6.0,0,106000.0
5389,2,4695,380,3.76,12,1,15.6,1920,1080,141,0,5,0,12,256,16,0,0,4,1024.0,0,6.0,0,84970.0
5390,15,165,489,1.1,16,1,14.0,2880,1800,243,1,7,1,12,240,16,0,0,2,1024.0,0,14.0,0,124990.0
5391,18,7037,156,1.74,16,1,14.4,2400,1080,183,0,5,1,12,155,16,0,0,4,1024.0,0,6.0,0,175990.0
5392,13,2579,532,1.35,12,1,17.0,2560,1600,178,0,5,0,8,154,8,0,0,4,1024.0,0,19.5,0,130000.0
5393,13,1155,532,1.7,16,1,14.0,1920,1200,162,0,5,0,8,155,8,0,0,4,1024.0,0,25.0,0,111000.0
5394,15,1127,475,1.4,15,1,14.0,1920,1080,157,0,5,1,12,155,16,0,0,4,1024.0,0,12.0,0,90990.0
5395,13,2578,532,2.29,15,1,17.0,2560,1600,178,0,7,0,12,155,16,0,0,4,1024.0,0,19.5,0,150000.0
5396,2,5137,305,2.9,16,1,17.3,1920,1080,127,1,4,0,20,259,8,0,0,6,1024.0,0,6.0,0,64989.0
5397,2,5031,303,2.3,16,1,15.6,1920,1080,141,1,4,0,20,259,8,0,0,6,1024.0,0,6.0,0,64989.0
5398,2,5139,305,2.9,16,1,17.3,2560,1440,170,1,4,0,20,259,8,0,0,6,1024.0,0,6.0,0,64989.0
5399,6,792,166,1.9,12,1,14.0,1366,768,112,0,3,0,3,129,4,0,0,4,1024.0,0,6.0,1,29990.0
5400,6,772,460,1.58,12,1,14.0,1920,1080,157,0,5,0,8,155,8,0,0,4,1024.0,0,6.0,1,59071.0
5401,15,6624,156,1.85,12,1,15.6,1920,1080,141,1,4,0,1,44,4,0,0,4,1024.0,0,6.0,1,25990.0
5402,0,3695,30,1.65,16,1,15.6,1920,1080,141,0,5,0,8,155,8,0,0,4,1024.0,0,9.5,1,54990.0
5403,9,2218,156,1.77,12,1,15.6,1920,1080,141,1,5,0,6,86,4,0,0,4,1024.0,0,6.0,1,24990.0
5404,2,7806,427,1.8,12,1,15.6,1920,1080,141,0,3,0,6,160,8,0,0,4,1024.0,0,6.0,1,41390.0
5405,2,5022,303,2.5,12,1,15.6,2560,1440,188,1,4,0,16,65,16,0,0,12,1024.0,0,6.0,1,154990.0
5406,6,1401,168,2.2,12,1,15.6,1920,1080,141,0,3,0,4,160,4,0,0,4,1024.0,0,6.0,1,29999.0
5407,15,487,156,1.2,12,1,11.6,1366,768,135,0,1,0,4,160,4,0,0,4,1024.0,0,6.0,1,27990.0
5408,15,3122,189,2.4,16,1,15.6,2560,1440,188,1,7,0,16,259,16,0,0,6,1024.0,0,9.2,1,103990.0
5409,12,5738,156,1.48,16,1,14.0,1920,1080,157,0,7,0,8,147,16,0,0,4,1024.0,0,6.0,1,57999.0
5410,2,7865,427,2.1,12,1,15.6,1920,1080,141,0,5,0,6,166,4,0,0,4,1024.0,0,6.0,1,39990.0
5411,2,6575,296,2.0,12,1,15.6,1920,1080,141,0,5,0,6,233,4,0,0,2,1024.0,0,6.0,1,43990.0
5412,2,7187,506,0.99,12,1,13.3,1920,1080,166,0,5,0,6,166,8,0,0,4,1024.0,0,6.0,1,59990.0
5413,6,1357,168,2.2,12,1,15.6,1366,768,100,0,3,0,3,123,4,0,0,4,1024.0,0,6.0,1,32050.0
5414,2,6383,427,1.7,16,1,15.6,1920,1080,141,0,3,0,10,168,8,0,0,4,1024.0,0,6.0,1,47965.0
5415,9,1942,156,1.59,16,1,15.6,1920,1080,141,0,5,0,12,155,8,0,0,4,1024.0,0,6.0,1,64290.0
5416,9,1941,156,1.59,16,1,15.6,1920,1080,141,0,5,0,12,155,8,0,0,4,1024.0,0,6.0,1,59995.0
5417,6,2948,168,1.65,15,1,15.6,1920,1080,141,0,5,0,12,133,8,0,0,4,1024.0,0,6.0,1,47990.0
5418,9,2348,156,1.75,12,1,15.6,1920,1080,141,0,5,0,8,155,8,0,0,4,1024.0,0,6.0,1,51999.0
5419,9,1943,156,1.6,16,1,15.6,1920,1080,141,0,5,0,12,133,16,0,0,4,1024.0,0,6.0,1,55450.0
5420,2,7503,427,1.7,16,1,15.6,1920,1080,141,0,3,0,12,160,8,0,0,4,1024.0,0,6.0,1,43837.0
5421,2,873,77,1.3,12,1,14.0,1920,1080,157,0,2,0,4,160,8,0,0,4,1024.0,0,6.0,1,29990.0
5422,0,3676,26,2.2,12,1,15.6,1366,768,100,0,5,0,6,284,8,0,0,2,1024.0,0,7.0,1,57999.0
5423,9,2351,156,1.7,16,1,15.6,1920,1080,141,0,3,0,6,160,8,0,1,4,1024.0,0,6.0,1,38999.0
5424,6,1393,460,2.2,12,1,15.6,1920,1080,141,0,3,0,4,160,4,0,0,4,1024.0,0,6.0,1,35233.0
5425,9,654,97,1.21,12,1,13.3,1920,1080,166,0,5,0,6,166,8,0,0,4,1024.0,0,6.0,1,69990.0
5426,6,828,166,1.56,12,1,14.0,1920,1080,157,0,5,1,8,155,8,0,0,4,1024.0,0,6.0,1,71190.0
5427,9,1609,243,2.2,12,1,15.6,1920,1080,141,0,5,0,8,201,8,0,0,4,1024.0,0,6.0,1,62990.0
5428,0,3882,225,2.3,12,1,15.6,1920,1080,141,1,5,0,6,293,8,0,0,4,1024.0,0,10.0,1,57990.0
5429,0,7116,412,2.2,12,1,15.6,1366,768,100,0,5,0,3,195,8,0,0,2,1024.0,0,8.0,1,42900.0
5430,15,5576,156,2.25,16,1,15.6,1920,1080,141,0,5,0,12,209,16,0,0,4,1024.0,0,8.0,1,69590.0
5431,2,6717,447,1.3,12,1,14.0,1920,1080,157,0,3,0,3,129,8,0,0,4,1024.0,0,6.0,1,44990.0
5432,15,4863,157,1.5,12,1,14.0,1920,1080,157,0,5,1,6,160,8,0,0,4,1024.0,0,6.0,1,43999.0
5433,15,2104,159,1.7,12,1,15.6,1920,1080,141,0,5,0,6,160,8,0,0,4,1024.0,0,6.0,1,48490.0
5434,12,5742,156,1.24,16,1,14.0,1920,1080,157,0,5,0,12,155,16,0,0,4,1024.0,0,11.0,1,31999.0
5435,0,3904,225,2.2,16,1,15.6,1920,1080,141,1,5,0,12,255,8,0,0,4,1024.0,0,6.0,1,78500.0
5436,0,3906,225,2.2,16,1,15.6,1920,1080,141,1,5,0,12,255,16,0,0,4,1024.0,0,6.0,1,78286.0
5437,0,3900,225,2.2,16,1,15.6,1920,1080,141,1,5,0,12,255,8,0,0,4,1024.0,0,6.0,1,56890.0
5438,9,1778,243,1.75,16,1,15.6,1920,1080,141,0,7,0,18,155,16,0,0,4,1024.0,0,6.0,1,82890.0
5439,0,3905,225,2.2,16,1,15.6,1920,1080,141,1,5,0,12,255,16,0,0,4,1024.0,0,6.0,1,75800.0
5440,9,2614,5,1.52,12,1,14.0,1366,768,112,1,3,0,4,84,4,0,0,4,1024.0,0,6.0,1,30499.0
5441,9,8099,243,1.41,16,1,14.0,1920,1080,157,0,5,1,12,155,8,0,0,4,1024.0,0,6.0,1,69500.0
5442,0,3546,26,2.1,12,1,15.6,1366,768,100,0,1,0,2,120,2,0,0,4,500.0,0,6.0,1,22999.0
5443,9,676,243,1.9,12,1,13.3,1920,1080,166,0,5,0,8,155,16,0,1,4,1024.0,0,6.0,1,65890.0
5444,6,1297,168,1.83,12,1,15.6,1920,1080,141,0,3,0,6,160,8,0,0,4,1024.0,0,6.0,1,43490.0
5445,2,4707,380,2.3,12,1,15.6,1920,1080,141,0,5,0,12,259,16,0,0,6,1024.0,0,6.0,1,89990.0
5446,2,7088,451,1.5,12,1,14.0,1920,1080,157,1,5,0,8,73,8,0,0,4,1024.0,0,6.0,1,59988.0
5447,15,5520,156,2.2,12,1,15.6,1920,1080,141,1,5,0,8,212,8,0,0,4,1024.0,0,6.0,1,69500.0
5448,2,4809,382,2.6,12,1,17.3,1920,1080,127,0,5,0,12,255,8,0,0,4,1024.0,0,6.0,1,78990.0
5449,9,1730,243,2.25,12,1,15.6,1920,1080,141,0,5,0,8,209,8,0,0,4,1024.0,0,6.0,1,62990.0
5450,15,4958,531,2.5,0,1,15.6,1366,768,100,1,4,0,2,385,8,0,0,2,1024.0,0,4.0,1,32500.0
5451,15,5518,156,2.2,12,1,15.6,1920,1080,141,1,5,0,11,297,8,0,0,4,1024.0,0,6.0,1,69990.0
5452,15,2755,156,2.2,12,1,15.6,1366,768,100,0,5,0,3,190,8,0,0,2,2048.0,0,6.0,1,53826.0
5453,16,5351,156,1.86,12,1,15.6,1920,1080,141,0,7,0,12,249,16,0,0,6,1024.0,0,6.0,1,92990.0
5454,2,7226,518,1.17,12,1,14.0,1920,1080,157,0,7,0,12,155,16,0,0,4,1024.0,0,6.0,1,89990.0
5455,9,8097,243,1.51,16,1,14.0,1920,1080,157,0,5,1,12,155,16,0,0,4,1024.0,0,11.0,1,67250.0
5456,9,1732,243,2.25,12,1,15.6,1920,1080,141,0,7,0,12,209,8,0,0,4,1024.0,0,6.0,1,96731.0
5457,2,7682,424,1.6,16,1,14.0,1920,1080,157,0,5,0,6,133,8,0,0,4,1024.0,0,6.0,1,42990.0
5458,9,2192,156,1.86,12,1,15.6,1366,768,100,0,5,0,6,166,4,0,0,4,1024.0,0,6.0,1,39999.0
5459,16,4022,216,1.3,12,1,14.0,1920,1080,157,0,3,0,12,160,8,0,0,4,1024.0,0,6.0,1,32990.0
5460,9,1672,156,1.77,0,1,15.6,1366,768,100,0,3,0,3,129,8,0,0,4,1024.0,0,6.0,1,33990.0
5461,6,2876,460,1.8,16,1,15.6,1920,1080,141,0,3,0,4,168,8,0,0,4,1024.0,0,10.0,1,41846.0
5462,15,6694,156,1.6,12,1,15.6,1920,1080,141,0,5,0,6,237,8,0,0,2,1024.0,0,6.0,1,58800.0
5463,15,2054,154,1.62,16,1,15.6,1920,1080,141,0,5,0,12,160,16,0,0,4,1024.0,0,12.0,1,52925.0
5464,9,5169,13,1.78,16,1,15.6,1920,1080,141,1,3,0,4,86,8,0,0,4,1024.0,0,6.0,1,24990.0
5465,15,156,158,2.25,12,1,15.6,1920,1080,141,0,5,0,8,255,8,0,0,4,1024.0,0,6.0,1,71950.0
5466,6,2910,168,1.8,15,1,15.6,1920,1080,141,0,5,0,12,133,8,0,0,4,1024.0,0,6.0,1,48490.0
5467,15,7924,189,2.3,12,1,15.6,1920,1080,141,0,5,0,8,201,8,0,0,4,1024.0,0,9.5,1,52990.0
5468,6,2835,460,1.59,16,1,14.0,1920,1080,157,1,3,0,4,4,8,0,0,4,1024.0,0,10.0,1,37390.0
5469,2,4796,380,2.2,16,1,15.6,1920,1080,141,0,7,0,24,256,16,0,0,4,1024.0,0,10.0,1,100990.0
5470,9,1251,156,1.46,12,1,14.0,1920,1080,157,1,5,0,6,86,8,0,0,4,1024.0,0,6.0,1,35350.0
5471,15,5541,156,2.32,16,1,15.6,1920,1080,141,1,5,0,16,255,8,0,0,4,1024.0,0,4.5,1,58990.0
5472,2,7516,427,1.7,16,1,15.6,1920,1080,141,0,7,0,24,160,16,0,0,4,1024.0,0,6.0,1,64990.0
5473,32,7976,272,1.76,16,1,15.6,1920,1080,141,0,5,0,12,155,8,0,0,4,1024.0,0,10.0,1,37990.0
5474,32,7976,272,1.76,16,1,15.6,1920,1080,141,0,5,0,12,155,16,0,0,4,1024.0,0,10.0,1,39990.0
5475,2,4162,228,1.26,16,1,11.6,1366,768,135,0,1,0,4,160,4,0,0,4,1024.0,0,6.0,1,22300.0
5476,15,6951,156,1.89,16,1,16.0,1920,1200,142,0,5,0,18,155,16,0,0,4,1024.0,0,8.0,1,67990.0
5477,2,6737,440,1.4,12,1,14.0,1920,1080,157,0,5,0,8,155,8,0,1,4,1024.0,0,6.0,1,60990.0
5478,2,7734,427,1.9,12,1,15.6,1920,1080,141,0,3,0,4,160,8,0,0,4,1024.0,0,6.0,1,35990.0
5479,15,1123,147,1.5,16,1,14.0,1920,1080,157,0,3,1,6,160,8,0,0,4,1024.0,0,10.0,1,49995.0
5480,6,1358,168,2.1,10,1,15.6,1366,768,100,0,5,0,3,47,4,0,0,2,1024.0,0,6.0,1,40697.0
5481,15,6644,156,1.85,12,1,15.6,1920,1080,141,0,3,0,4,166,4,0,0,4,1024.0,0,6.0,1,33990.0
5482,2,2376,447,1.88,16,1,16.0,1920,1200,142,1,5,0,16,4,16,0,1,4,1024.0,0,6.0,1,49990.0
5483,2,4661,374,2.3,12,1,15.6,1920,1080,141,0,5,0,8,201,8,0,0,4,1024.0,0,6.0,1,74990.0
5484,15,3108,189,2.4,12,1,15.6,1920,1080,141,1,7,0,16,259,16,0,0,6,1024.0,0,6.0,1,137990.0
5485,15,104,159,1.85,0,1,15.6,1366,768,100,0,3,0,4,160,4,0,0,4,1024.0,0,6.0,1,29990.0
5486,6,1361,168,2.2,12,1,15.6,1366,768,100,0,3,0,3,123,4,0,0,4,1024.0,0,6.0,1,34990.0
5487,9,1610,243,2.2,12,1,15.6,1920,1080,141,0,7,0,9,201,8,0,0,4,1024.0,0,6.0,1,77990.0
5488,9,1733,243,2.25,12,1,15.6,1920,1080,141,0,7,0,12,209,12,0,0,4,1024.0,0,6.0,1,105932.0
5489,15,3321,157,1.5,12,1,14.0,1920,1080,157,0,5,1,8,155,8,0,0,4,1024.0,0,6.0,1,67990.0
5490,2,5025,303,2.1,16,1,15.6,1920,1080,141,1,7,0,20,255,16,0,0,4,1024.0,0,12.0,1,99990.0
5491,0,3650,30,1.55,12,1,14.0,1366,768,112,0,3,0,6,160,4,0,0,4,1024.0,0,11.5,1,32990.0
5492,6,763,460,1.58,12,1,14.0,1920,1080,157,0,5,0,8,155,8,0,0,4,1024.0,0,10.0,1,46013.0
5493,18,7023,156,0.77,12,1,12.3,2736,1824,267,0,5,1,6,147,8,0,0,4,1024.0,0,10.5,1,78990.0
5494,2,7502,427,1.7,16,1,15.6,1920,1080,141,0,3,0,12,160,8,0,1,4,1024.0,0,8.0,1,41390.0
5495,0,6515,258,2.8,16,1,16.0,2560,1600,189,0,7,0,30,267,16,0,0,8,1024.0,0,6.0,1,159999.0
5496,0,4521,110,1.7,16,1,15.6,1920,1080,141,0,5,0,12,155,8,0,0,4,1024.0,0,6.0,1,48999.0
5497,15,3121,189,2.4,16,1,15.6,1920,1080,141,1,7,0,16,259,16,0,0,6,1024.0,0,9.2,1,99825.0
5498,25,5715,126,1.38,16,1,14.0,1920,1080,157,3,4,0,12,376,4,0,0,4,1024.0,0,6.0,1,29999.0
5499,9,649,243,1.5,11,1,13.3,1920,1080,166,0,3,1,3,129,4,0,0,4,1024.0,0,6.0,1,48000.0
5500,15,4419,402,1.9,12,1,15.6,1920,1080,141,0,5,0,6,160,8,0,0,4,1024.0,0,6.0,1,59990.0
5501,0,4934,255,2.7,12,1,15.6,1920,1080,141,0,5,0,6,206,16,0,0,6,1024.0,0,6.0,1,104990.0
5502,9,1219,156,1.46,16,1,14.0,1920,1080,157,0,3,0,6,160,8,0,1,4,1024.0,0,6.0,1,39990.0
5503,15,6892,156,1.85,16,1,15.6,1366,768,100,0,3,0,4,160,8,0,0,4,1024.0,0,9.3,1,32990.0
5504,2,6731,447,1.4,12,1,14.0,1920,1080,157,0,5,0,6,166,8,0,0,4,1024.0,0,6.0,1,62990.0
5505,9,6535,243,1.41,16,1,14.0,2880,1800,243,0,7,0,24,155,16,0,0,4,1024.0,0,6.0,1,87490.0
5506,2,4575,432,2.14,12,1,15.6,1920,1080,141,0,7,0,12,297,8,0,0,4,1024.0,0,6.0,1,78999.0
5507,2,7662,424,1.6,16,1,14.0,1920,1080,157,0,7,0,12,155,16,0,0,4,1024.0,0,6.0,1,56990.0
5508,15,3158,156,2.2,12,1,15.6,1366,768,100,0,5,0,3,200,8,0,0,4,2048.0,0,6.0,1,63362.0
5509,6,2853,460,1.48,16,1,14.0,1920,1080,157,1,3,0,8,4,8,0,0,4,1024.0,0,7.0,1,34800.0
5510,2,6728,447,1.4,12,1,14.0,1920,1080,157,0,5,0,6,166,8,0,0,4,1024.0,0,6.0,1,64990.0
5511,0,6828,362,1.8,12,1,15.6,1920,1080,141,0,5,0,6,235,8,0,0,2,1024.0,0,10.0,1,66990.0
5512,2,6729,447,1.4,12,1,14.0,1920,1080,157,0,5,0,6,166,8,0,0,4,1024.0,0,6.0,1,64990.0
5513,16,538,122,1.86,16,1,15.6,1920,1080,141,0,5,0,12,248,8,0,0,4,1024.0,0,6.0,1,53463.0
5514,2,6730,156,1.4,12,1,14.0,1920,1080,157,0,5,0,6,166,8,0,0,4,1024.0,0,6.0,1,64990.0
5515,15,7378,156,1.85,12,1,15.6,1920,1080,141,1,4,0,4,4,4,0,0,4,1024.0,0,6.0,1,24999.0
5516,15,2657,156,1.6,12,1,14.0,1920,1080,157,0,3,0,4,160,4,0,0,4,1024.0,0,6.0,1,31490.0
5517,6,808,166,1.66,12,1,14.0,1366,768,112,0,3,0,4,160,4,0,0,4,1024.0,0,6.0,1,36999.0
5518,6,453,168,2.44,15,1,15.6,1920,1080,141,0,5,0,12,255,16,0,0,4,1024.0,0,6.0,1,77990.0
5519,15,5568,156,2.25,16,1,15.6,1920,1080,141,0,5,0,8,255,8,0,0,4,1024.0,0,8.0,1,66490.0
5520,6,1440,168,2.3,12,1,15.6,1920,1080,141,0,7,1,3,129,4,0,0,4,1024.0,0,6.0,1,43058.0
5521,0,3694,30,1.65,12,1,15.6,1920,1080,141,0,3,0,6,160,4,0,0,4,1024.0,0,6.0,1,37990.0
5522,0,3552,28,2.1,12,1,15.6,1920,1080,141,1,5,0,3,86,4,0,0,4,1024.0,0,5.0,1,32990.0
5523,6,826,166,1.56,12,1,14.0,1920,1080,157,0,3,1,8,160,8,0,0,4,1024.0,0,6.0,1,67211.0
5524,12,5743,156,1.24,16,1,14.0,1920,1020,155,0,5,0,12,160,16,0,0,4,1024.0,0,11.0,1,69990.0
5525,6,2832,460,1.58,16,1,14.0,1920,1080,157,0,3,0,4,133,4,0,0,4,1024.0,0,10.0,1,42278.0
5526,2,4802,374,2.6,12,1,17.3,1920,1080,127,1,5,0,6,201,8,0,0,3,1024.0,0,6.0,1,39990.0
5527,6,4897,156,2.65,16,1,15.6,1920,1080,141,0,5,0,12,255,16,0,1,4,1024.0,0,10.0,1,57990.0
5528,15,2757,156,2.2,0,1,15.6,1366,768,100,1,4,0,3,44,4,0,0,4,1024.0,0,5.0,1,22000.0
5529,2,7142,431,1.5,16,1,14.0,1920,1080,157,0,3,1,6,160,8,0,0,4,1024.0,0,6.0,1,49990.0
5530,6,1301,168,1.83,12,1,15.6,1920,1080,141,0,5,0,8,238,8,0,0,2,1024.0,0,7.0,1,64590.0
5531,9,1628,156,1.86,0,1,15.6,1920,1080,141,0,3,0,3,123,4,0,0,4,2048.0,0,6.0,1,30990.0
5532,9,2219,156,1.65,12,1,15.6,1366,768,100,1,4,0,1,43,4,0,0,4,1024.0,0,6.0,1,27079.0
5533,15,6667,156,1.85,12,1,15.6,1920,1080,141,0,5,0,6,160,8,0,0,4,1024.0,0,6.0,1,52820.0
5534,15,5529,156,2.25,16,1,15.6,1920,1080,141,1,5,0,16,255,8,0,0,4,1024.0,0,5.0,1,69990.0
5535,2,6747,447,1.5,11,1,15.6,1920,1080,141,0,5,0,6,235,8,0,0,2,1024.0,0,6.0,1,59990.0
5536,15,7407,156,1.7,16,1,15.6,1920,1080,141,0,3,0,10,133,8,0,1,4,1024.0,0,6.0,1,29700.0
5537,6,4899,156,2.44,15,1,15.6,1920,1080,141,0,5,0,12,255,8,0,0,4,1024.0,0,6.0,1,70494.0
5538,9,1624,156,1.86,0,1,15.6,1920,1080,141,0,5,0,6,7,8,0,0,2,1024.0,0,11.5,1,44990.0
5539,15,5878,156,2.2,12,1,15.6,1920,1080,141,0,5,0,6,166,8,0,0,4,1024.0,0,6.0,1,41990.0
5540,10,436,210,1.75,16,1,16.0,1920,1200,142,0,5,0,12,160,16,0,0,4,1024.0,0,11.5,1,46490.0
5541,6,4911,156,2.57,16,1,15.6,1920,1080,141,0,5,0,18,255,16,0,0,4,1024.0,0,10.0,1,71499.0
5542,18,7000,156,0.77,14,1,12.3,2736,1824,267,0,5,1,3,129,4,0,0,4,1024.0,0,13.5,1,79999.0
5543,10,437,210,1.75,16,1,16.0,1920,1200,142,0,5,0,12,160,8,0,0,4,1024.0,0,11.5,1,50990.0
5544,15,5553,156,2.25,16,1,15.6,1920,1080,141,1,5,0,12,255,8,0,0,4,1024.0,0,6.0,1,57560.0
5545,2,7462,424,1.5,16,1,14.0,1920,1080,157,0,5,0,10,160,8,0,0,4,1024.0,0,6.0,1,48990.0
5546,9,2179,156,1.86,0,1,15.6,1366,768,100,0,3,0,3,123,4,0,0,4,1024.0,0,6.0,1,32990.0
5547,0,4502,26,2.23,7,1,15.6,1366,768,100,0,5,0,3,195,8,0,0,2,1024.0,0,8.0,1,41900.0
5548,6,4901,156,2.57,12,1,15.6,1920,1080,141,1,5,0,16,255,8,0,0,4,1024.0,0,6.0,1,77990.0
5549,2,4693,380,2.3,16,1,15.6,1920,1080,141,0,7,0,24,256,16,0,1,4,1024.0,0,6.0,1,88990.0
5550,9,1834,423,2.37,16,1,15.6,1920,1080,141,0,7,0,24,255,8,0,0,4,1024.0,0,6.0,1,79900.0
5551,2,4769,375,2.0,16,1,15.6,1920,1080,141,0,7,0,24,259,8,0,0,6,1024.0,0,6.0,1,94249.0
5552,2,7836,427,1.8,16,1,15.6,1920,1080,141,0,3,0,12,133,8,0,0,4,1024.0,0,3.0,1,28330.0
5553,15,749,385,1.5,14,1,14.0,1920,1080,157,0,5,0,6,160,8,0,0,4,1024.0,0,6.0,1,64200.0
5554,15,7381,156,1.85,0,1,15.6,1920,1080,141,1,4,0,5,4,4,0,0,4,1024.0,0,5.0,1,27990.0
5555,15,1119,160,1.39,12,1,14.0,1920,1080,157,0,5,0,8,155,8,0,0,4,1024.0,0,6.0,1,58990.0
5556,0,6804,362,1.5,12,1,14.0,1920,1080,157,1,4,0,5,83,4,0,0,4,1024.0,0,10.0,1,39999.0
5557,15,2783,156,2.2,12,1,15.6,1366,768,100,0,1,0,2,127,4,0,0,4,1024.0,0,6.0,1,19990.0
5558,15,7401,415,1.7,16,1,15.6,1920,1080,141,1,5,0,8,4,8,0,0,4,1024.0,0,6.0,1,31990.0
5559,9,1710,232,2.32,12,1,15.6,1920,1080,141,0,7,0,12,209,8,0,0,4,1024.0,0,6.0,1,81990.0
5560,2,6124,437,1.8,16,1,15.6,1920,1080,141,1,7,0,20,255,16,0,0,4,1024.0,0,6.0,1,59990.0
5561,6,2842,460,1.48,16,1,14.0,1920,1080,157,0,5,0,8,160,8,0,0,4,1024.0,0,7.0,1,53890.0
5562,9,8070,243,1.61,12,1,14.0,1920,1080,157,0,5,1,8,155,8,0,0,4,1024.0,0,6.0,1,64990.0
5563,9,1612,243,2.17,12,1,15.6,1920,1080,141,0,5,0,8,287,8,0,0,4,1024.0,0,6.0,1,63641.0
5564,15,6636,156,1.85,12,1,15.6,1920,1080,141,1,3,0,4,83,4,0,0,4,1024.0,0,4.0,1,27990.0
5565,0,6444,410,1.65,12,1,14.0,1366,768,112,0,5,0,6,160,8,0,0,4,1024.0,0,6.0,1,51540.0
5566,15,2745,156,2.2,12,1,15.6,1366,768,100,0,7,0,4,189,8,0,0,4,1024.0,0,5.0,1,65212.0
5567,2,7733,427,1.9,12,1,15.6,1920,1080,141,0,5,0,6,160,8,0,0,4,1024.0,0,6.0,1,44990.0
5568,9,1616,156,2.19,0,1,15.6,1366,768,100,0,5,0,3,47,4,0,0,2,1024.0,0,6.0,1,44900.0
5569,9,2634,9,1.74,12,1,15.6,1920,1080,141,0,3,0,4,160,4,0,0,4,1024.0,0,6.0,1,34100.0
5570,2,4768,375,2.0,16,1,15.6,1920,1080,141,0,7,0,24,255,16,0,0,4,1024.0,0,6.0,1,96990.0
5571,0,3691,30,1.65,12,1,15.6,1920,1080,141,0,5,0,8,155,8,0,0,4,1024.0,0,6.0,1,50990.0
5572,9,2362,156,1.69,16,1,15.6,1920,1080,141,0,3,0,10,160,8,0,0,4,1024.0,0,7.3,1,34590.0
5573,2,7831,427,1.8,12,1,15.6,1920,1080,141,0,3,0,4,160,8,0,0,4,1024.0,0,6.0,1,37990.0
5574,6,822,166,1.4,12,1,14.0,1920,1080,157,0,5,0,8,155,8,0,0,4,1024.0,0,6.0,1,60390.0
5575,9,8077,243,1.52,16,1,14.0,1920,1080,157,0,3,1,8,160,8,0,0,4,1024.0,0,12.0,1,48999.0
5576,16,509,122,1.86,16,1,15.6,1920,1080,141,0,5,0,12,209,8,0,0,4,1024.0,0,6.0,1,48999.0
5577,9,1620,156,2.19,0,1,15.6,1366,768,100,1,4,0,2,43,4,0,0,4,1024.0,0,6.0,1,23990.0
5578,9,1798,243,1.75,16,1,15.6,1920,1080,141,1,5,0,16,4,8,0,1,4,1024.0,0,6.0,1,41980.0
5579,2,4711,380,2.3,16,1,15.6,1920,1080,141,0,5,0,8,209,8,0,0,4,1024.0,0,6.0,1,46022.0
5580,9,650,97,1.32,11,1,13.3,1920,1080,166,0,3,0,3,129,4,0,0,4,1024.0,0,6.0,1,53490.0
5581,9,2175,156,1.86,0,1,15.6,1366,768,100,1,4,0,1,43,4,0,0,4,1024.0,0,6.0,1,25397.0
5582,6,2958,168,1.65,16,1,15.6,1920,1080,141,0,3,0,12,160,8,0,0,4,1024.0,0,7.0,1,31990.0
5583,2,7484,427,1.8,16,1,15.6,1920,1080,141,0,3,0,6,160,8,0,1,4,1024.0,0,6.0,1,33490.0
5584,15,4429,402,1.7,12,1,15.6,1920,1080,141,0,5,0,8,160,8,0,0,4,1024.0,0,10.8,1,68999.0
5585,0,3925,225,2.7,12,1,15.6,1920,1080,141,0,5,0,8,205,8,0,1,4,1024.0,0,6.0,1,55990.0
5586,1,6174,204,1.37,25,1,13.3,2560,1600,227,0,5,0,6,151,8,0,0,4,1024.0,0,10.0,1,112040.0
5587,10,442,206,1.54,16,1,15.6,1920,1080,141,1,5,0,12,4,8,0,0,4,1024.0,0,15.0,1,39990.0
5588,0,3996,227,2.1,16,1,15.6,1920,1080,141,0,5,0,12,248,16,0,0,4,1024.0,0,6.0,1,59990.0
5589,2,7141,431,1.5,16,1,14.0,1920,1080,157,0,3,1,6,160,8,0,0,4,1024.0,0,6.0,1,49990.0
5590,0,3982,227,2.1,16,1,15.6,1920,1080,141,0,5,0,12,248,8,0,0,4,1024.0,0,6.0,1,59840.0
5591,9,8132,249,1.59,12,1,14.0,1920,1080,157,0,3,1,4,160,4,0,0,4,1024.0,0,6.0,1,50990.0
5592,9,1241,156,1.53,12,1,14.0,1920,1080,157,0,3,0,4,160,8,0,0,4,1024.0,0,6.0,1,41990.0
5593,2,5761,447,1.8,16,1,15.6,1920,1080,141,0,3,0,6,160,8,0,0,4,1024.0,0,6.0,1,53990.0
5594,2,4599,377,1.9,16,1,16.6,1920,1080,133,1,4,0,12,259,16,0,0,6,1024.0,0,3.0,1,76990.0
5595,15,5561,156,2.32,16,1,15.6,1920,1080,141,1,5,0,12,255,8,0,0,4,1024.0,0,6.5,1,59990.0
5596,2,7804,427,1.8,16,1,15.6,1366,768,100,0,3,0,6,160,8,0,0,4,1024.0,0,6.0,1,28990.0
5597,6,1310,168,1.83,12,1,15.6,1920,1080,141,1,3,0,5,4,4,0,0,4,1024.0,0,7.0,1,40235.0
5598,9,1247,156,1.47,12,1,14.0,1920,1080,157,1,7,0,8,4,8,0,0,4,1024.0,0,6.0,1,57200.0
5599,2,4787,380,2.3,12,1,15.6,1920,1080,141,0,5,0,8,212,8,0,0,4,1024.0,0,6.0,0,67500.0
5600,2,7646,447,2.37,12,1,14.0,1920,1080,157,0,5,0,8,155,8,0,0,4,1024.0,0,6.0,0,39990.0
5601,6,1336,168,1.85,16,1,15.6,1920,1080,141,0,3,0,8,133,16,0,0,4,1024.0,0,5.0,0,35990.0
5602,2,6787,458,1.5,16,1,15.6,2880,1620,212,3,4,0,12,379,16,0,0,4,1024.0,0,6.0,0,119000.0
5603,2,6744,427,1.7,12,1,15.6,1920,1080,141,0,7,0,8,313,8,0,0,2,1024.0,0,6.0,0,77495.0
5604,6,1451,168,2.57,12,1,15.6,3840,2160,282,0,7,1,6,227,8,0,0,4,1024.0,0,6.0,0,90000.0
5605,2,7675,424,1.6,12,1,14.0,1920,1080,157,0,3,0,4,160,8,0,0,4,1024.0,0,6.0,0,41990.0
5606,2,6713,447,1.2,12,1,14.0,1920,1080,157,0,5,0,6,166,8,0,0,4,1024.0,0,6.0,0,45800.0
5607,9,2322,156,1.69,16,1,15.6,1920,1080,141,0,3,0,6,160,8,0,0,4,1024.0,0,6.0,0,34790.0
5608,2,6076,424,1.5,12,1,14.0,1920,1080,157,1,5,0,6,86,8,0,0,4,1024.0,0,6.0,0,43990.0
5609,2,5854,447,1.8,12,1,15.6,1920,1080,141,1,7,0,12,4,8,0,0,4,1024.0,0,6.0,0,63990.0
5610,2,4683,374,2.2,12,1,15.6,1920,1080,141,0,7,0,12,209,16,0,0,4,1024.0,0,6.0,0,83200.0
5611,9,1809,232,2.36,12,1,15.6,1920,1080,141,0,7,0,12,250,16,0,0,8,1024.0,0,6.0,0,170999.0
5612,2,1151,447,1.4,16,1,14.0,2880,1800,243,0,7,0,12,248,16,0,0,4,1024.0,0,6.0,0,74990.0
5613,6,2909,168,1.8,15,1,15.6,1920,1080,141,0,5,0,12,133,8,0,0,4,1024.0,0,6.0,0,49990.0
5614,9,2618,5,1.47,0,1,14.0,1366,768,112,1,3,0,4,4,4,0,0,4,1024.0,0,6.0,0,31063.0
5615,2,5146,302,2.85,12,1,17.3,1920,1080,127,0,7,0,12,209,16,0,1,4,1024.0,0,6.0,0,101990.0
5616,2,1152,447,1.45,16,1,14.0,2880,1800,243,0,7,1,24,248,16,0,0,4,1024.0,0,6.0,0,79990.0
5617,2,7221,515,1.04,12,1,13.3,3840,2160,331,0,7,1,8,166,16,0,0,4,1024.0,0,6.0,0,247727.0
5618,6,1335,168,1.8,16,1,15.6,1920,1080,141,0,3,0,6,160,8,0,0,4,1024.0,0,6.0,0,41990.0
5619,15,3390,189,2.25,12,1,15.6,1920,1080,141,0,9,0,16,326,16,0,0,8,1024.0,0,6.0,0,199999.0
5620,2,6139,437,1.8,16,1,15.6,1920,1080,141,1,7,0,16,255,16,0,0,4,1024.0,0,6.0,0,64990.0
5621,2,6374,516,1.0,16,1,13.3,2880,1800,255,0,7,0,12,155,16,0,0,4,1024.0,0,6.0,0,109990.0
5622,2,4986,303,2.3,12,1,15.6,1920,1080,141,0,7,0,12,249,16,0,0,6,1024.0,0,6.0,0,128990.0
5623,15,86,159,1.65,12,1,15.6,1920,1080,141,0,3,0,8,160,8,0,0,4,1024.0,0,7.5,0,40899.0
5624,6,1341,168,2.16,20,1,15.6,1366,768,100,0,5,0,3,185,4,0,0,2,500.0,0,4.0,0,44940.0
5625,9,1250,156,1.47,12,1,14.0,1920,1080,157,1,3,0,4,4,8,0,0,4,1024.0,0,6.0,0,41990.0
5626,15,4363,402,1.77,12,1,14.0,1920,1080,157,0,5,0,6,160,8,0,0,4,1024.0,0,6.0,0,78999.0
5627,2,3739,454,2.2,0,1,15.6,1920,1080,141,0,3,0,3,189,4,0,0,2,1024.0,0,6.0,0,34000.0
5628,2,6430,427,1.7,14,1,15.6,1920,1080,141,0,5,0,6,160,8,0,0,4,1024.0,0,6.0,0,43990.0
5629,2,7164,518,1.26,12,1,14.0,1920,1080,157,1,7,0,12,72,16,0,0,4,1024.0,0,6.0,0,94990.0
5630,2,5283,318,1.65,16,1,14.0,1920,1080,157,1,4,0,16,64,16,0,0,8,1024.0,0,8.0,0,130990.0
5631,2,2381,435,1.9,16,1,16.0,3200,2000,236,0,5,0,18,266,16,0,0,6,1024.0,0,8.0,0,114990.0
5632,0,4513,32,1.25,12,1,11.6,1366,768,135,0,1,0,2,130,2,0,0,4,500.0,0,5.5,0,16990.0
5633,7,3089,413,1.0,16,1,14.0,1920,1200,162,0,5,0,12,155,16,0,0,4,1024.0,0,12.0,0,76656.0
5634,2,869,77,1.3,16,1,14.1,1366,768,111,0,2,0,4,160,8,0,0,4,1024.0,0,6.0,0,28910.0
5635,2,6140,437,1.8,16,1,15.6,1920,1080,141,1,7,0,16,255,16,0,1,4,1024.0,0,6.0,0,64990.0
5636,2,6113,447,2.0,12,1,15.6,1920,1080,141,1,5,0,4,86,4,0,0,4,1024.0,0,6.0,0,39990.0
5637,9,1171,156,1.46,3,1,14.0,1366,768,112,0,1,0,12,161,4,0,0,4,1024.0,0,14.0,0,51148.0
5638,2,4614,377,2.3,12,1,15.6,1920,1080,141,1,7,0,12,304,8,0,0,6,1024.0,0,6.0,0,98990.0
5639,2,5237,318,1.7,12,1,14.0,1920,1080,157,1,7,0,8,212,16,0,0,4,1024.0,0,6.0,0,78990.0
5640,2,4870,518,1.5,16,1,14.0,2880,1800,243,0,5,1,12,155,16,0,0,4,1024.0,0,6.0,0,87044.0
5641,9,2329,156,1.65,16,1,15.6,1366,768,100,0,2,0,4,160,8,0,1,4,1024.0,0,6.0,0,23999.0
5642,2,6585,295,2.3,0,1,15.6,1920,1080,141,0,5,0,3,191,4,0,0,2,1024.0,0,6.0,0,49000.0
5643,16,4138,218,1.7,16,1,15.6,1920,1080,141,1,7,0,12,4,16,0,0,4,1024.0,0,6.0,0,51990.0
5644,15,3147,156,2.3,11,1,15.6,1920,1080,141,1,4,0,2,92,8,0,0,2,1024.0,0,4.0,0,48890.0
5645,15,7929,189,2.3,12,1,15.6,1920,1080,141,0,5,0,8,249,8,0,0,6,1024.0,0,6.0,0,110890.0
5646,2,7686,424,1.6,16,1,14.1,1366,768,111,0,2,0,4,161,8,0,0,4,1024.0,0,6.0,0,28330.0
5647,2,4983,303,2.3,12,1,15.6,1920,1080,141,0,7,0,12,318,16,0,0,6,1024.0,0,6.0,0,121244.0
5648,2,7086,431,1.5,12,1,14.0,1920,1080,157,1,7,0,12,72,8,0,0,4,1024.0,0,6.0,0,71500.0
5649,15,3327,157,1.5,16,1,14.0,1366,768,112,0,7,0,12,155,16,0,0,4,1024.0,0,6.0,0,81500.0
5650,2,6586,295,2.1,0,1,15.6,1920,1080,141,0,5,0,3,371,8,0,0,2,1024.0,0,6.0,0,52990.0
5651,15,157,156,2.2,16,1,15.6,1920,1080,141,0,5,0,12,255,8,0,1,4,1024.0,0,8.0,0,56990.0
5652,2,4832,382,2.6,12,1,17.3,1920,1080,127,0,7,0,16,212,16,0,0,4,1024.0,0,6.0,0,85990.0
5653,16,588,420,2.9,16,1,17.3,1920,1080,127,0,7,0,12,262,16,0,0,8,1024.0,0,6.0,0,199990.0
5654,0,6813,362,1.25,16,1,14.0,2560,1440,210,0,5,0,12,155,16,0,0,4,1024.0,0,6.0,0,58990.0
5655,9,1582,243,2.0,11,1,15.6,1920,1080,141,0,7,0,4,194,8,0,0,4,1024.0,0,6.0,0,64990.0
5656,16,5331,156,2.61,12,1,17.3,1920,1080,127,0,7,0,9,251,16,0,0,8,1024.0,0,6.0,0,249990.0
5657,2,7153,323,2.0,16,1,16.0,2560,1600,189,0,7,0,24,167,16,0,0,6,1024.0,0,6.0,0,159990.0
5658,15,2821,156,1.87,12,1,15.6,1920,1080,141,0,5,0,6,166,8,0,0,4,1024.0,0,6.0,0,43990.0
5659,9,1782,243,1.74,16,1,15.6,1920,1080,141,0,5,0,12,155,16,0,0,4,1024.0,0,6.0,0,64990.0
5660,2,4248,49,1.36,3,1,14.0,1920,1080,157,0,4,1,4,128,4,0,0,4,1024.0,0,10.0,0,65280.0
5661,2,7719,427,2.0,12,1,15.6,1920,1080,141,0,5,0,6,160,8,0,0,4,1024.0,0,6.0,0,50314.0
5662,15,711,156,2.1,12,1,15.6,1366,768,100,0,3,0,3,166,4,0,0,4,1024.0,0,6.0,0,32690.0
5663,6,2983,168,1.68,15,1,15.6,1920,1080,141,1,3,0,12,4,8,0,0,4,1024.0,0,6.0,0,36990.0
5664,2,2382,435,1.9,16,1,16.0,3200,2000,236,0,9,1,24,266,16,0,0,6,1024.0,0,8.0,0,149900.0
5665,9,3075,277,1.37,1,1,14.0,1920,1080,157,1,7,0,16,4,8,0,0,4,1024.0,0,6.0,0,46990.0
5666,15,4492,402,1.87,0,1,14.0,1366,768,112,0,5,0,3,129,4,0,0,4,1024.0,0,8.4,0,58990.0
5667,9,2400,245,2.35,12,1,16.1,1920,1080,137,0,7,0,12,297,16,0,0,6,1024.0,0,6.0,0,109990.0
5668,2,7156,506,1.14,12,1,13.3,1920,1080,166,1,5,0,8,4,8,0,0,4,1024.0,0,5.0,0,81000.0
5669,15,4390,402,1.6,12,1,14.0,1920,1080,157,1,7,0,16,4,8,0,0,4,1024.0,0,6.0,0,69990.0
5670,15,200,483,1.5,16,1,14.5,2560,1600,208,0,7,0,12,155,16,0,0,4,1024.0,0,6.0,0,104900.0
5671,2,7840,447,2.7,12,1,15.6,1920,1080,141,0,5,0,6,160,8,0,0,4,1024.0,0,6.0,0,50990.0
5672,9,8118,243,1.86,12,1,15.6,1366,768,100,0,5,1,3,7,4,0,0,2,1024.0,0,6.0,0,49500.0
5673,2,7774,427,1.75,12,1,15.6,1920,1080,141,0,5,0,4,166,8,0,0,4,1024.0,0,6.0,0,50839.0
5674,0,7093,156,1.6,15,1,14.0,1366,768,112,1,5,0,12,4,16,0,0,4,1024.0,0,10.0,0,47990.0
5675,23,6596,43,1.33,14,1,13.3,3200,1800,276,0,7,1,6,129,16,0,0,4,1024.0,0,6.0,0,265125.0
5676,6,2555,463,2.11,12,1,17.0,3840,2400,266,0,7,0,12,299,16,0,0,4,1024.0,0,6.0,0,219615.0
5677,15,716,156,2.1,12,1,15.6,1920,1080,141,0,3,0,3,123,4,0,0,4,1024.0,0,6.0,0,29990.0
5678,15,3164,156,2.2,12,1,15.6,1920,1080,141,0,5,0,6,166,4,0,0,4,1024.0,0,6.0,0,55139.0
5679,2,3747,16,2.3,11,1,15.6,1366,768,100,0,3,0,3,119,4,0,0,4,1024.0,0,6.0,0,32245.0
5680,9,894,156,1.9,11,1,14.0,1920,1080,157,0,3,0,3,125,4,0,0,4,1024.0,0,6.0,0,33990.0
5681,15,5880,156,2.2,12,1,15.6,1920,1080,141,0,5,0,6,311,8,0,0,2,1024.0,0,6.0,0,47990.0
5682,6,7985,19,2.42,15,1,15.6,1920,1080,141,1,7,0,20,259,16,0,0,6,1024.0,0,6.0,0,154366.0
5683,9,920,355,1.44,12,1,14.0,1366,768,112,0,1,1,4,161,4,0,0,4,1024.0,0,12.15,0,43563.0
5684,2,7772,427,1.7,12,1,15.6,1920,1080,141,0,3,0,4,160,4,0,0,4,1024.0,0,6.0,0,38990.0
5685,15,6928,156,2.0,15,1,15.6,1920,1080,141,0,3,0,12,160,8,0,0,4,1024.0,0,6.0,0,29240.0
5686,0,6490,255,2.3,16,1,15.6,1920,1080,141,3,9,0,16,261,32,0,0,8,1024.0,0,6.0,0,169990.0
5687,6,637,463,1.21,12,1,13.3,3840,2160,331,0,7,1,8,166,16,0,0,4,1024.0,0,6.0,0,129990.0
5688,2,5819,444,1.7,12,1,15.6,1920,1080,141,0,5,0,8,155,8,0,0,4,1024.0,0,6.0,0,45999.0
5689,2,5807,444,1.4,12,1,14.0,1920,1080,157,0,5,0,8,155,16,0,0,4,1024.0,0,6.0,0,62990.0
5690,2,7158,518,1.39,16,1,14.0,2880,1800,243,1,7,0,12,4,16,0,1,4,1024.0,0,6.0,0,79990.0
5691,2,6103,447,1.8,12,1,15.6,1920,1080,141,1,5,0,6,86,4,0,0,4,1024.0,0,6.0,0,41699.0
5692,18,6984,156,1.25,14,1,13.5,2256,1504,201,0,5,1,3,129,8,0,0,4,1024.0,0,14.0,0,114999.0
5693,6,3378,120,2.5,12,1,15.6,1920,1080,141,0,7,0,12,249,16,0,0,6,1024.0,0,8.0,0,139990.0
5694,6,1460,168,2.2,12,1,15.6,1920,1080,141,0,5,0,6,313,8,0,0,2,1024.0,0,6.0,0,72000.0
5695,2,5498,326,2.8,12,1,17.3,1920,1080,127,0,7,0,2,318,16,0,0,6,1024.0,0,6.0,0,179990.0
5696,15,4360,402,1.6,12,1,14.0,1920,1080,157,0,7,0,8,160,8,0,0,4,1024.0,0,6.0,0,74990.0
5697,2,7507,427,1.7,16,1,15.6,1920,1080,141,0,5,0,18,155,8,0,0,4,1024.0,0,6.0,0,46990.0
5698,6,4891,156,2.4,16,1,15.6,1920,1080,141,0,5,0,12,209,16,0,0,4,1024.0,0,6.0,0,68499.0
5699,9,1713,233,2.38,12,1,15.6,1920,1080,141,0,7,0,12,251,16,0,1,8,1024.0,0,6.0,0,200777.0
5700,6,1446,168,2.2,12,1,15.6,1920,1080,141,0,5,0,4,314,8,0,0,2,1024.0,0,6.0,0,61500.0
5701,2,4486,156,1.3,16,1,14.0,1366,768,112,0,1,0,4,115,4,0,0,4,1024.0,0,6.0,0,18265.0
5702,2,7878,454,1.9,0,1,15.6,1920,1080,141,0,3,0,3,129,4,0,0,4,1024.0,0,6.0,0,27490.0
5703,9,686,244,1.58,16,1,13.3,1920,1200,170,1,7,0,16,4,16,0,1,4,1024.0,0,6.0,0,72990.0
5704,2,6751,458,1.8,12,1,15.6,1920,1080,141,0,5,0,6,235,8,0,0,2,1024.0,0,6.0,0,69990.0
5705,2,2517,447,1.8,16,1,16.0,1920,1200,142,0,9,0,24,255,16,0,0,4,1024.0,0,6.0,0,96490.0
5706,2,5150,313,2.9,12,1,17.3,1920,1080,127,0,7,0,16,327,16,0,0,8,1024.0,0,6.0,0,180990.0
5707,2,6577,454,2.4,0,1,15.6,1920,1080,141,0,5,0,3,190,8,0,0,2,1024.0,0,6.0,0,40990.0
5708,2,5758,447,1.8,16,1,15.6,1920,1080,141,0,3,0,6,160,8,0,0,4,1024.0,0,3.0,0,35375.0
5709,2,7126,407,1.17,12,1,11.6,1366,768,135,0,1,1,2,116,4,0,0,4,1024.0,0,6.0,0,85257.0
5710,9,1167,48,1.46,3,1,14.0,1366,768,112,0,1,0,4,161,4,0,0,4,1024.0,0,14.0,0,35941.0
5711,2,4663,374,2.3,12,1,15.6,1920,1080,141,0,5,0,8,205,8,0,0,4,1024.0,0,6.0,0,62980.0
5712,15,3314,189,2.3,12,1,15.6,1920,1080,141,0,5,0,8,293,8,0,0,4,1024.0,0,6.0,0,69990.0
5713,2,4674,374,2.2,12,1,15.6,1920,1080,141,1,5,0,2,209,8,0,0,4,1024.0,0,6.0,0,71909.0
5714,15,5867,402,1.73,14,1,14.0,1366,768,112,0,5,0,6,160,8,0,1,4,1024.0,0,6.0,0,78000.0
5715,2,7766,427,1.6,12,1,15.6,1920,1080,141,1,5,0,2,86,4,0,0,4,1024.0,0,6.0,0,36990.0
5716,15,7930,189,2.3,12,1,15.6,1920,1080,141,0,5,0,8,304,8,0,0,6,1024.0,0,6.0,0,89990.0
5717,6,3031,168,2.2,12,1,15.6,1366,768,100,1,4,0,1,43,4,0,0,4,1024.0,0,6.0,0,24882.0
5718,2,4581,377,1.4,15,1,15.6,1920,1080,141,1,7,0,12,255,16,0,0,4,1024.0,0,4.0,0,88890.0
5719,15,6606,156,1.5,18,1,14.0,1920,1080,157,0,5,0,12,160,8,0,1,4,1024.0,0,6.0,0,44990.0
5720,15,5876,156,2.2,12,1,15.6,1366,768,100,0,5,0,6,233,8,0,0,2,1024.0,0,6.5,0,44990.0
5721,2,4874,441,1.5,16,1,14.0,1920,1200,162,1,5,1,19,4,16,0,1,4,1024.0,0,6.0,0,57999.0
5722,15,6616,156,1.85,12,1,15.6,1920,1080,141,0,5,0,6,166,4,0,0,4,1024.0,0,6.0,0,38990.0
5723,9,7589,338,1.32,14,1,13.3,1920,1080,166,0,7,1,4,129,16,0,0,4,1024.0,0,6.0,0,157290.0
5724,15,2782,156,2.2,12,1,15.6,1366,768,100,0,1,0,2,127,4,0,0,4,1024.0,0,6.0,0,19490.0
5725,9,7588,338,1.32,14,1,13.3,1920,1080,166,0,5,1,3,129,8,0,0,4,1024.0,0,6.0,0,115289.0
5726,2,5244,318,1.6,12,1,14.0,1920,1080,157,1,7,0,8,306,16,0,0,6,1024.0,0,6.0,0,97428.0
5727,2,7785,427,1.7,12,1,15.6,1920,1080,141,0,7,0,8,238,8,0,0,2,1024.0,0,6.0,0,75990.0
5728,2,5267,318,1.7,12,1,14.0,1920,1080,157,1,7,0,16,259,16,0,0,6,1024.0,0,6.0,0,148500.0
5729,15,2818,156,1.8,12,1,15.6,1920,1080,141,0,5,0,6,9,8,0,0,2,1024.0,0,6.0,0,46990.0
5730,9,1824,74,3.61,12,1,15.6,1920,1080,141,0,5,0,8,297,16,0,0,4,1024.0,0,6.0,0,63999.0
5731,0,6809,362,1.5,12,1,14.0,1366,768,112,0,7,0,4,129,8,0,0,4,1024.0,0,12.0,0,75499.0
5732,2,6354,518,1.39,16,1,14.0,2880,1800,243,0,7,0,18,155,16,0,0,4,1024.0,0,8.0,0,84990.0
5733,9,2423,423,2.46,16,1,16.1,1920,1080,137,1,5,0,16,259,16,0,1,6,1024.0,0,8.0,0,69790.0
5734,15,6459,402,2.5,12,1,15.6,1920,1080,141,0,7,0,12,332,64,0,0,6,1024.0,0,6.0,0,199490.0
5735,9,1831,101,2.91,16,1,15.6,1920,1080,141,0,7,0,12,155,16,0,1,4,1024.0,0,13.3,0,108900.0
5736,2,5835,444,1.8,12,1,15.6,1920,1080,141,0,7,0,12,238,8,0,0,2,1024.0,0,6.0,0,60611.0
5737,9,1807,232,2.36,12,1,15.6,1920,1080,141,0,7,0,12,318,16,0,0,6,1024.0,0,6.0,0,146990.0
5738,6,1522,119,2.5,12,1,15.0,1920,1080,147,1,7,0,12,56,16,0,0,6,1024.0,0,6.0,0,89990.0
5739,2,4975,303,2.0,12,1,15.6,1920,1080,141,0,7,0,12,297,16,0,0,4,1024.0,0,6.0,0,92284.0
5740,16,593,331,2.9,16,1,17.3,3840,2160,255,0,9,0,12,265,32,0,0,16,1024.0,0,6.0,0,429990.0
5741,15,5864,402,1.43,14,1,13.3,1920,1080,166,0,7,0,8,160,16,0,0,4,1024.0,0,6.0,0,125900.0
5742,9,8031,338,1.27,12,1,13.3,1920,1080,166,0,5,1,8,154,8,0,1,4,1024.0,0,6.0,0,120000.0
5743,15,6609,156,1.85,12,1,15.6,1920,1080,141,0,5,0,6,166,4,0,0,4,1024.0,0,5.5,0,51390.0
5744,15,3161,156,2.2,12,1,15.6,1920,1080,141,0,5,0,6,313,8,0,0,4,2048.0,0,6.0,0,59890.0
5745,15,3407,404,1.3,12,1,13.9,3840,2160,317,0,7,1,8,166,16,0,0,4,1024.0,0,6.0,0,126490.0
5746,2,7750,427,1.7,12,1,15.6,1920,1080,141,0,3,0,4,166,4,0,1,4,1024.0,0,8.0,0,39298.0
5747,15,3111,157,1.7,12,1,14.0,1920,1080,157,0,5,1,6,166,8,0,0,4,1024.0,0,6.0,0,105050.0
5748,2,4464,430,2.1,12,1,11.6,1366,768,135,0,1,0,2,130,2,0,0,4,500.0,0,10.0,0,18999.0
5749,15,6418,402,1.5,18,1,14.0,1920,1080,157,0,7,0,12,133,16,0,1,4,1024.0,0,6.0,0,119999.0
5750,15,1115,147,1.5,16,1,14.0,1920,1080,157,0,7,1,12,155,16,0,0,4,1024.0,0,10.0,0,83801.0
5751,2,5276,318,1.65,16,1,14.0,2560,1600,216,1,7,0,16,255,16,0,0,6,1024.0,0,6.0,0,89990.0
5752,15,6562,189,2.5,16,1,16.0,2560,1600,189,1,7,0,32,267,16,0,0,8,1024.0,0,6.0,0,142190.0
5753,15,3405,162,1.3,11,1,13.3,1920,1080,166,0,7,1,4,130,8,0,0,4,1024.0,0,6.0,0,128690.0
5754,9,2602,0,1.47,0,1,14.0,1366,768,112,0,3,0,4,160,4,0,0,4,1024.0,0,6.0,0,40300.0
5755,15,6421,402,1.5,18,1,14.0,1920,1080,157,0,7,0,12,343,16,0,1,4,1024.0,0,9.0,0,95500.0
5756,15,2815,156,1.87,12,1,15.6,1920,1080,141,0,3,0,4,11,4,0,0,2,1024.0,0,7.0,0,38950.0
5757,2,2534,447,1.8,16,1,16.0,1920,1200,142,0,5,0,12,266,16,0,1,6,1024.0,0,6.0,0,70990.0
5758,2,2532,447,1.8,16,1,16.0,1920,1080,138,0,5,0,12,248,16,0,0,4,1024.0,0,6.0,0,61990.0
5759,2,4572,432,2.14,12,1,15.6,1920,1080,141,0,5,0,8,209,8,0,0,4,1024.0,0,6.0,0,50880.0
5760,2,7795,447,1.8,12,1,15.6,1920,1080,141,0,5,0,8,160,8,0,0,2,1024.0,0,6.0,0,59990.0
5761,6,2903,168,1.8,15,1,15.6,1920,1080,141,0,3,0,6,133,8,0,0,4,1024.0,0,6.0,0,38400.0
5762,13,2514,532,1.48,16,1,16.0,2560,1600,189,0,7,1,18,155,16,0,0,4,1024.0,0,6.0,0,103839.0
5763,2,5851,447,1.8,12,1,15.6,1920,1080,141,1,5,1,8,4,8,0,0,4,1024.0,0,6.0,0,57500.0
5764,6,2829,460,1.59,15,1,14.0,1920,1080,157,0,5,0,12,133,8,0,0,4,1024.0,0,6.0,0,54590.0
5765,2,5149,302,2.85,12,1,17.3,1920,1080,127,0,5,0,8,209,8,0,0,4,1024.0,0,6.0,0,67588.0
5766,9,1813,232,2.45,12,1,15.6,1920,1080,141,0,7,0,16,261,16,0,0,8,1024.0,0,12.5,0,171680.0
5767,0,6497,255,2.6,16,1,15.6,2560,1440,188,0,7,0,12,262,16,0,0,8,1024.0,0,6.0,0,189990.0
5768,16,5410,156,2.11,12,1,15.6,1920,1080,141,0,7,0,12,305,16,0,0,6,1024.0,0,6.0,0,119990.0
5769,15,4344,402,1.77,14,1,14.0,1920,1080,157,0,5,0,6,160,8,0,0,4,1024.0,0,6.0,0,65999.0
5770,2,4251,48,1.43,3,1,15.6,1366,768,100,0,1,0,2,120,4,0,0,4,1024.0,0,6.0,0,17990.0
5771,9,922,243,1.6,12,1,14.0,1920,1080,157,0,5,0,6,166,8,0,0,4,1024.0,0,6.0,0,59366.0
5772,9,8034,97,1.32,16,1,13.3,1920,1080,166,1,5,1,12,4,8,0,0,4,1024.0,0,6.0,0,64990.0
5773,15,144,159,1.65,0,1,15.6,1920,1080,141,0,3,0,8,155,8,0,0,4,1024.0,0,7.5,0,41890.0
5774,15,6650,156,1.85,12,1,15.6,1920,1080,141,0,3,0,3,166,4,0,0,4,1024.0,0,6.0,0,31890.0
5775,6,555,463,1.52,21,1,12.5,1920,1080,176,0,7,1,4,119,8,0,0,4,1024.0,0,6.0,0,58490.0
5776,2,5090,304,2.5,16,1,16.0,1920,1200,142,0,7,0,24,266,16,0,0,6,1024.0,0,6.0,0,121990.0
5777,2,7509,427,1.7,16,1,15.6,1920,1080,141,0,5,0,12,155,8,0,1,4,1024.0,0,6.0,0,44900.0
5778,2,4456,77,1.2,0,1,11.6,1366,768,135,0,1,0,2,115,2,0,0,4,500.0,0,8.0,0,16547.0
5779,15,6569,189,2.8,16,1,16.0,2560,1600,189,0,9,0,36,270,32,0,0,16,1024.0,0,6.0,0,355990.0
5780,6,1448,120,2.56,12,1,15.6,1920,1080,141,0,9,0,16,250,16,0,0,8,1024.0,0,10.0,0,104990.0
5781,15,7406,156,1.7,0,1,15.6,1920,1080,141,1,3,0,12,1,8,0,0,4,1024.0,0,6.0,0,27990.0
5782,6,2933,460,1.69,16,1,15.6,1920,1080,141,1,3,0,4,5,8,0,0,4,1024.0,0,6.0,0,42199.0
5783,2,6584,407,2.6,20,1,15.6,1366,768,100,0,5,1,3,125,6,0,0,4,500.0,0,6.0,0,139155.0
5784,6,5925,19,2.5,12,1,15.6,3840,2160,282,0,7,0,12,321,16,0,0,8,1024.0,0,12.0,0,279490.0
5785,2,7820,427,1.8,12,1,15.6,1920,1080,141,0,5,0,8,238,8,0,0,2,1024.0,0,6.0,0,54990.0
5786,2,5833,444,2.24,12,1,15.6,1920,1080,141,0,5,0,8,238,8,0,0,2,1024.0,0,6.0,0,55990.0
5787,18,6969,156,1.26,16,1,13.5,2256,1504,201,1,5,0,8,4,8,0,0,4,1024.0,0,19.0,0,112122.0
5788,2,5359,297,2.2,14,1,15.6,1920,1080,141,0,7,0,6,206,16,0,0,6,1024.0,0,6.0,0,119980.0
5789,2,7864,461,1.8,0,1,15.6,1366,768,100,0,2,0,2,115,4,0,0,4,500.0,0,6.0,0,22500.0
5790,2,7850,427,1.8,12,1,15.6,1920,1080,141,0,5,0,6,234,8,0,0,2,1024.0,0,6.0,0,56900.0
5791,2,4829,382,2.6,12,1,17.3,1920,1080,127,0,7,0,12,212,16,0,0,4,1024.0,0,6.0,0,88000.0
5792,9,1703,232,2.25,12,1,15.6,1920,1080,141,0,7,0,9,291,16,0,0,8,1024.0,0,6.0,0,165490.0
5793,6,3026,168,2.03,12,1,15.6,1920,1080,141,0,3,0,3,129,4,0,1,4,1024.0,0,6.0,0,33990.0
5794,2,6147,438,1.95,12,1,16.0,3840,2400,283,1,4,0,20,278,16,0,0,4,1024.0,0,5.0,0,128500.0
5795,2,5030,303,2.1,16,1,15.6,1920,1080,141,1,7,0,20,255,16,0,0,4,1024.0,0,6.0,0,91990.0
5796,2,5030,303,2.1,16,1,15.6,1920,1080,141,1,7,0,20,255,16,0,0,4,1024.0,0,6.0,0,85499.0
5797,6,4888,156,2.4,12,1,15.6,1920,1080,141,0,5,0,8,209,8,0,0,4,1024.0,0,10.0,0,77597.0
5798,2,7136,451,1.5,12,1,14.0,1920,1080,157,0,5,1,6,166,8,0,0,4,1024.0,0,10.0,0,62990.0
5799,6,3005,168,1.62,16,1,15.6,1920,1080,141,0,5,0,12,133,8,0,0,4,1024.0,0,6.0,1,53890.0
5800,0,3795,31,1.99,16,1,15.6,1920,1080,141,0,5,0,12,255,16,0,0,6,1024.0,0,7.0,1,59990.0
5801,1,5939,203,1.24,28,1,13.6,2560,1664,225,2,4,0,20,160,16,0,0,4,1024.0,0,18.0,1,79990.0
5802,6,3006,168,1.62,16,1,15.6,1920,1080,141,0,5,0,12,133,16,0,0,4,1024.0,0,6.0,1,55490.0
5803,25,6239,129,1.55,16,1,15.6,1920,1080,141,0,3,0,12,155,8,0,0,4,1024.0,0,6.0,1,36990.0
5804,2,7545,427,1.7,16,1,15.6,1920,1080,141,0,3,0,10,160,16,0,0,4,1024.0,0,6.0,1,37990.0
5805,2,7546,427,1.7,16,1,15.6,1920,1080,141,0,3,0,10,160,16,0,0,4,1024.0,0,6.0,1,35950.0
5806,1,5968,203,1.24,28,1,13.6,2560,1664,225,3,4,0,20,160,16,0,0,4,1024.0,0,18.0,1,98990.0
5807,6,2937,168,1.65,15,1,15.6,1920,1080,141,0,5,0,12,133,8,0,0,4,1024.0,0,6.0,1,46780.0
5808,1,5966,203,1.24,28,1,13.6,2560,1664,225,3,4,0,20,160,16,0,0,4,1024.0,0,18.0,1,105990.0
5809,6,2941,168,1.65,15,1,15.6,1920,1080,141,0,5,0,12,133,8,0,0,4,1024.0,0,6.0,1,46990.0
5810,0,7971,241,1.6,16,1,14.0,1920,1080,157,0,3,0,12,160,16,0,0,4,1024.0,0,6.0,1,29990.0
5811,0,3617,28,1.45,16,1,14.0,1920,1080,157,0,3,0,12,160,8,0,0,4,1024.0,0,6.0,1,33990.0
5812,0,3604,28,1.3,16,1,14.0,1366,768,112,0,1,0,12,160,8,0,0,4,1024.0,0,6.0,1,29999.0
5813,15,1111,154,1.37,16,1,14.0,1920,1080,157,0,3,0,10,160,8,0,0,4,1024.0,0,6.0,1,36990.0
5814,1,6000,203,1.24,30,1,13.6,2560,1664,225,3,4,0,20,160,16,0,0,4,1024.0,0,18.0,1,126490.0
5815,1,5967,203,1.24,28,1,13.6,2560,1664,225,3,4,0,20,160,16,0,0,4,1024.0,0,18.0,1,104700.0
5816,0,3855,34,1.59,16,1,15.6,1920,1080,141,0,3,0,12,160,8,0,0,4,1024.0,0,6.0,1,29190.0
5817,15,2027,142,1.61,16,1,15.6,1920,1080,141,1,5,0,16,4,16,0,0,4,1024.0,0,6.0,1,38990.0
5818,0,3826,34,1.59,16,1,15.6,1920,1080,141,1,5,0,12,4,16,0,0,4,1024.0,0,6.0,1,36990.0
5819,1,5965,203,1.24,28,1,13.6,2560,1664,225,3,4,0,20,160,16,0,0,4,1024.0,0,18.0,1,105990.0
5820,15,1132,161,1.46,16,1,14.0,1920,1200,162,3,4,0,12,379,16,0,0,4,1024.0,0,6.0,1,64990.0
5821,15,1047,154,1.37,16,1,14.0,1920,1080,157,0,5,0,12,160,16,0,0,4,1024.0,0,7.0,1,49900.0
5822,6,2935,168,1.65,16,1,15.6,1920,1080,141,0,5,0,12,160,8,0,0,4,1024.0,0,7.0,1,47990.0
5823,15,2116,154,1.62,16,1,15.6,1920,1080,141,0,7,0,24,160,16,0,0,4,1024.0,0,7.0,1,66265.0
5824,0,3624,28,1.79,16,1,15.8,1920,1080,139,1,5,0,12,4,8,0,0,4,1024.0,0,6.0,1,36990.0
5825,0,3625,28,1.79,16,1,15.8,1920,1080,139,1,5,0,12,4,16,0,0,4,1024.0,0,6.0,1,38990.0
5826,6,3016,168,1.63,16,1,15.6,1920,1080,141,1,3,0,6,4,8,0,0,4,1024.0,0,6.0,1,32990.0
5827,15,1046,154,1.37,16,1,14.0,1920,1080,157,0,5,0,12,160,16,0,0,4,1024.0,0,7.0,1,49990.0
5828,0,3627,28,1.79,16,1,15.6,1920,1080,141,1,7,0,12,4,16,0,0,4,1024.0,0,6.0,1,49990.0
5829,15,2069,143,1.63,16,1,15.6,1920,1080,141,0,3,0,10,160,8,0,1,4,1024.0,0,6.0,1,34990.0
5830,0,3628,28,1.79,16,1,15.6,1920,1080,141,1,3,0,12,4,8,0,0,4,1024.0,0,6.0,1,24500.0
5831,0,6844,367,1.25,16,1,14.0,1920,1080,157,1,7,0,12,4,16,0,0,4,1024.0,0,6.0,1,52990.0
5832,0,3626,28,1.79,16,1,15.6,1920,1080,141,1,7,0,12,4,16,0,0,4,1024.0,0,6.0,1,46990.0
5833,6,2972,460,1.69,16,1,15.6,1920,1080,141,0,3,0,12,160,8,0,0,4,1024.0,0,4.0,1,33990.0
5834,2,4621,377,2.3,16,1,15.6,1920,1080,141,1,7,0,20,255,16,0,1,4,1024.0,0,6.0,1,66990.0
5835,9,1964,156,1.59,16,1,15.6,1920,1080,141,0,5,0,12,155,16,0,0,4,1024.0,0,8.0,1,58990.0
5836,15,2059,154,1.62,16,1,15.6,1920,1080,141,0,5,0,12,160,8,0,0,4,1024.0,0,6.0,1,51590.0
5837,15,5656,389,1.7,16,1,16.0,1920,1200,142,1,7,0,16,4,16,0,0,4,1024.0,0,6.0,1,52990.0
5838,2,7479,427,1.8,16,1,15.0,1920,1080,147,0,2,0,4,160,8,0,1,4,1024.0,0,6.0,1,26990.0
5839,9,1799,243,1.75,16,1,15.6,1920,1080,141,1,5,0,16,4,8,0,0,4,1024.0,0,9.0,1,41990.0
5840,0,3854,34,1.59,16,1,15.6,1920,1080,141,0,5,0,12,155,16,0,0,4,1024.0,0,6.0,1,48999.0
5841,2,4243,48,1.34,3,1,14.0,1920,1080,157,0,1,0,2,120,4,0,0,4,1024.0,0,6.0,1,20490.0
5842,15,2048,180,2.38,15,1,15.6,1920,1080,141,1,7,0,16,266,24,0,0,6,1024.0,0,6.0,1,81990.0
5843,6,3017,168,1.67,16,1,15.6,1920,1080,141,1,5,0,12,4,8,0,0,4,1024.0,0,6.0,1,41000.0
5844,9,2598,0,1.52,0,1,14.0,1366,768,112,0,3,0,4,160,4,0,0,4,1024.0,0,6.0,1,39643.0
5845,15,2052,180,2.38,16,1,15.6,1920,1080,141,1,7,0,16,267,24,0,0,8,1024.0,0,6.0,1,91690.0
5846,15,1107,473,1.49,16,1,14.0,1920,1200,162,0,5,1,12,155,16,0,1,4,1024.0,0,6.0,1,86190.0
5847,9,403,12,1.74,0,1,15.6,1366,768,100,0,3,0,10,160,8,0,0,4,1024.0,0,6.0,1,31990.0
5848,15,2751,156,2.2,0,1,15.6,1366,768,100,0,3,0,3,123,4,0,0,4,1024.0,0,6.0,1,29990.0
5849,2,4632,377,2.2,16,1,15.6,1920,1080,141,1,7,0,20,259,16,0,1,6,1024.0,0,6.0,1,96990.0
5850,2,7871,447,2.0,0,1,15.6,1366,768,100,1,4,0,2,44,4,0,0,4,1024.0,0,6.0,1,21990.0
5851,15,1107,473,1.49,16,1,14.0,1920,1200,162,0,5,1,12,155,16,0,1,4,1024.0,0,6.0,1,86190.0
5852,15,1095,154,1.37,16,1,14.0,1920,1080,157,0,5,0,12,160,16,0,0,4,1024.0,0,7.0,1,58470.0
5853,2,5843,458,1.7,16,1,15.6,1920,1080,141,0,9,0,12,155,16,0,0,4,1024.0,0,6.0,1,83990.0
5854,9,1961,156,1.6,16,1,15.6,1920,1080,141,0,5,0,12,155,16,0,0,4,1024.0,0,6.0,1,56990.0
5855,12,7916,138,1.0,16,1,14.0,2880,1800,243,0,5,0,12,141,16,0,0,4,1024.0,0,8.0,1,49990.0
5856,9,8066,243,1.61,12,1,14.0,1920,1080,157,0,7,1,8,147,16,0,0,4,1024.0,0,6.0,1,109127.0
5857,9,1626,156,2.1,0,1,15.6,1366,768,100,0,2,0,2,118,4,0,0,4,1024.0,0,6.0,1,23490.0
5858,15,1091,486,1.35,16,1,14.0,1920,1200,162,0,5,0,18,155,16,0,0,4,1024.0,0,7.0,0,76190.0
5859,6,1285,168,1.83,12,1,15.6,1920,1080,141,0,5,0,8,236,8,0,0,2,1024.0,0,8.0,1,63590.0
5860,2,7131,448,1.57,16,1,14.0,1920,1200,162,0,4,1,8,107,16,0,0,4,1024.0,0,6.0,1,96780.0
5861,1,6048,204,1.55,28,1,14.2,3024,1964,254,3,4,0,20,160,16,0,0,4,1024.0,0,24.0,1,162990.0
5862,1,5915,203,1.29,22,1,13.3,2560,1600,227,2,4,0,16,99,8,0,0,4,1024.0,0,15.0,1,90240.0
5863,2,7554,427,1.7,16,1,15.6,1920,1080,141,0,5,0,12,155,16,0,1,4,1024.0,0,6.0,1,46480.0
5864,2,5849,447,1.4,12,1,14.0,1920,1080,157,1,7,0,8,4,8,0,0,4,1024.0,0,6.0,1,57990.0
5865,15,4017,488,1.53,16,1,15.3,2880,1800,222,0,4,1,12,107,32,0,0,4,1024.0,0,7.0,1,147990.0
5866,8,4952,156,2.08,16,1,15.6,1920,1080,141,0,5,0,12,266,16,0,0,6,1024.0,0,6.0,1,74989.0
5867,12,7915,138,1.0,16,1,14.0,2880,1800,243,0,5,0,12,141,16,0,0,4,1024.0,0,8.0,1,69990.0
5868,1,5914,203,1.29,22,1,13.3,2560,1600,227,2,4,0,16,160,8,0,0,4,1024.0,0,15.0,1,105890.0
5869,9,1533,156,2.19,0,1,15.6,1366,768,100,0,3,0,3,125,4,0,0,4,1024.0,0,5.0,1,31041.0
5870,9,1534,156,2.19,12,1,15.6,1366,768,100,0,3,0,3,123,4,0,0,4,1024.0,0,6.0,1,36163.0
5871,34,4165,156,1.38,12,1,14.0,2160,1440,185,0,3,0,6,160,8,0,0,4,1024.0,0,4.0,1,28999.0
5872,1,5913,203,1.29,22,1,13.3,2560,1600,227,2,4,0,16,160,8,0,0,4,1024.0,0,15.0,1,94905.0
5873,1,5912,203,1.29,22,1,13.3,2560,1600,227,2,4,0,16,160,8,0,0,4,1024.0,0,15.0,1,82340.0
5874,2,6723,441,1.4,12,1,14.0,1920,1080,157,0,5,0,6,166,8,0,0,4,1024.0,0,6.0,1,47999.0
5875,9,1763,243,1.98,12,1,15.6,1920,1080,141,1,5,0,16,209,8,0,0,4,1024.0,0,4.0,1,51990.0
5876,0,3777,31,2.15,12,1,15.6,1920,1080,141,0,5,0,8,209,8,0,0,4,1024.0,0,9.0,1,47900.0
5877,6,1422,168,2.3,10,1,15.6,1920,1080,141,0,3,0,3,123,4,0,0,4,1024.0,0,6.0,1,26990.0
5878,15,2754,156,2.2,0,1,15.6,1366,768,100,0,5,0,3,195,8,0,0,2,1024.0,0,5.0,1,36999.0
5879,9,1232,156,1.41,16,1,14.0,1920,1080,157,0,3,0,6,160,8,0,1,4,1024.0,0,6.0,1,33990.0
5880,0,6476,255,2.7,12,1,15.6,1920,1080,141,0,5,0,8,289,8,0,0,4,1024.0,0,7.0,1,85800.0
5881,9,1754,245,2.04,12,1,15.6,1920,1080,141,1,5,0,6,293,8,0,0,4,1024.0,0,6.0,1,44990.0
5882,15,2744,156,2.19,12,1,15.6,1366,768,100,0,5,0,3,129,8,0,0,4,1024.0,0,6.0,1,45990.0
5883,2,7837,427,1.8,16,1,15.6,1920,1080,141,0,3,0,4,160,8,0,0,4,1024.0,0,6.0,1,35990.0
5884,9,2217,156,1.77,12,1,15.6,1366,768,100,1,4,0,1,44,4,0,0,4,1024.0,0,6.0,1,26890.0
5885,2,7823,427,1.8,16,1,15.6,1920,1080,141,0,3,0,4,160,8,0,0,4,1024.0,0,6.0,1,24990.0
5886,9,1233,156,1.41,16,1,14.0,1920,1080,157,0,3,0,6,160,8,0,1,4,1024.0,0,9.45,1,40840.0
5887,9,1190,156,1.47,12,1,14.0,1366,768,112,1,4,0,1,44,4,0,0,4,1024.0,0,6.0,1,21999.0
5888,9,2232,156,1.7,16,1,15.6,1920,1080,141,0,3,0,6,133,8,0,1,4,1024.0,0,9.15,1,36790.0
5889,9,1181,156,1.47,0,1,14.0,1366,768,112,0,3,0,3,129,4,0,0,4,1024.0,0,6.0,1,27290.0
5890,2,7439,447,1.8,16,1,15.6,1920,1080,141,0,3,0,6,160,8,0,0,4,1024.0,0,5.0,1,32990.0
5891,9,2368,156,1.82,12,1,15.6,1920,1080,141,1,3,0,4,84,8,0,1,4,1024.0,0,7.0,1,38650.0
5892,34,4165,156,1.38,12,1,14.0,2160,1440,185,0,5,0,8,155,8,0,0,4,1024.0,0,11.0,1,37999.0
5893,9,1178,156,1.47,12,1,14.0,1366,768,112,0,3,0,3,129,4,0,0,4,1024.0,0,6.0,1,34456.0
5894,2,7890,156,1.9,12,1,15.6,1366,768,100,0,1,0,4,161,4,0,0,4,1024.0,0,18.0,1,21490.0
5895,1,5942,203,1.24,26,1,13.6,2560,1664,225,2,4,0,20,102,8,0,0,4,1024.0,0,18.0,1,69990.0
5896,2,7455,424,1.6,16,1,14.0,1920,1080,157,0,5,0,8,155,16,0,0,4,1024.0,0,6.0,1,43990.0
5897,2,7620,427,1.5,12,1,14.0,1920,1080,157,1,5,0,6,86,8,0,0,4,1024.0,0,6.0,1,42990.0
5898,2,7618,424,1.5,12,1,14.0,1920,1080,157,1,5,0,6,86,8,0,0,4,1024.0,0,6.0,1,42990.0
5899,9,2177,156,2.1,0,1,15.6,1366,768,100,0,3,0,3,129,8,0,0,4,1024.0,0,6.0,1,33996.0
5900,9,2178,156,2.1,0,1,15.6,1366,768,100,0,3,0,3,123,4,0,0,4,1024.0,0,6.0,1,30000.0
5901,2,7814,427,1.8,16,1,15.6,1920,1080,141,0,5,0,8,155,8,0,1,4,1024.0,0,6.0,1,38999.0
5902,2,5051,302,2.4,12,1,15.6,1920,1080,141,0,5,0,8,209,8,0,0,4,1024.0,0,6.0,1,64990.0
5903,2,4715,380,2.3,16,1,15.6,1920,1080,141,0,5,0,8,209,8,0,0,4,1024.0,0,6.0,1,56040.0
5904,9,2299,156,1.69,16,1,15.6,1920,1080,141,1,5,0,8,4,8,0,0,4,1024.0,0,9.0,1,36923.0
5905,0,3763,31,2.15,16,1,15.6,1920,1080,141,1,5,0,12,209,16,0,0,4,1024.0,0,11.5,1,51990.0
5906,9,1249,156,1.46,16,1,14.0,1920,1080,157,1,5,0,8,4,8,0,0,4,1024.0,0,9.0,1,48449.0
5907,0,3759,31,2.15,12,1,15.6,1920,1080,141,1,5,0,11,209,8,0,0,4,1024.0,0,10.0,1,43890.0
5908,9,2298,156,1.69,16,1,15.6,1920,1080,141,1,3,0,4,4,8,0,0,4,1024.0,0,9.0,1,29780.0
5909,2,7844,427,1.8,12,1,15.6,1920,1080,141,0,5,0,6,160,8,0,0,4,1024.0,0,6.0,1,49400.0
5910,15,2688,156,1.7,16,1,15.6,1920,1080,141,0,3,0,6,160,8,0,0,4,1024.0,0,7.0,1,34990.0
5911,9,1618,156,2.19,11,1,15.6,1366,768,100,1,4,0,2,44,4,0,0,4,1024.0,0,6.0,1,27225.0
5912,9,1209,156,1.43,12,1,14.0,1366,768,112,0,3,0,4,160,8,0,0,4,1024.0,0,6.0,1,32999.0
5913,9,1536,156,2.19,11,1,15.6,1366,768,100,1,4,0,2,44,4,0,0,4,1024.0,0,6.0,1,24999.0
5914,2,7846,427,1.8,16,1,15.6,1920,1080,141,0,5,0,6,160,8,0,0,4,1024.0,0,6.0,1,39999.0
5915,0,3760,31,2.15,16,1,15.6,1920,1080,141,1,5,0,11,209,8,0,0,4,1024.0,0,6.0,1,49990.0
5916,2,7625,424,1.5,12,1,14.0,1920,1080,157,0,3,0,4,160,4,0,0,4,1024.0,0,6.0,1,35990.0
5917,2,7845,427,1.8,16,1,15.6,1920,1080,141,0,5,0,6,160,8,0,0,4,1024.0,0,6.0,1,48188.0
5918,15,2153,159,1.7,16,1,15.6,1920,1080,141,0,3,0,6,160,8,0,1,4,1024.0,0,7.0,1,32990.0
5919,2,4712,380,2.3,16,1,15.6,1920,1080,141,0,5,0,8,209,8,0,0,4,1024.0,0,14.7,1,46490.0
5920,15,2809,156,2.2,0,1,15.6,1366,768,100,0,5,0,6,313,8,0,0,2,1024.0,0,6.0,1,39999.0
5921,2,7623,424,1.5,12,1,14.0,1920,1080,157,0,3,0,4,160,4,0,0,4,1024.0,0,6.0,1,35990.0
5922,2,4709,380,2.3,12,1,15.6,1920,1080,141,0,5,0,8,209,8,0,1,4,1024.0,0,6.0,1,59990.0
5923,3,6295,292,1.34,12,1,14.0,1920,1080,157,1,5,0,6,86,8,0,0,4,1024.0,0,8.0,1,30792.0
5924,31,6600,156,1.8,12,1,15.6,1920,1080,141,0,5,0,8,155,8,0,1,4,1024.0,0,10.0,1,39990.0
5925,15,713,156,2.1,0,1,15.6,1920,1080,141,0,3,0,3,129,4,0,0,4,1024.0,0,5.0,1,24990.0
5926,0,3689,30,1.8,12,1,15.6,1920,1080,141,0,5,0,6,237,8,0,0,2,1024.0,0,9.0,1,47999.0
5927,9,1248,156,1.46,16,1,14.0,1920,1080,157,1,3,0,4,4,8,0,0,4,1024.0,0,9.45,1,33978.0
5928,15,2149,159,1.7,16,1,15.6,1920,1080,141,0,3,0,6,160,8,0,0,4,1024.0,0,8.0,1,35890.0
5929,15,705,156,2.1,12,1,15.6,1920,1080,141,0,3,0,3,129,4,0,0,4,1024.0,0,5.0,1,36370.0
5930,2,7629,424,1.5,12,1,14.0,1920,1080,157,0,3,0,3,129,4,0,0,4,1024.0,0,6.0,1,31490.0
5931,12,5740,156,1.48,16,1,14.0,1920,1080,157,0,3,0,4,160,8,0,0,4,1024.0,0,13.0,1,29990.0
5932,15,2752,156,2.2,0,1,15.6,1366,768,100,0,3,0,3,123,4,0,0,4,1024.0,0,5.0,1,26990.0
5933,9,2332,156,1.69,16,1,15.6,1920,1080,141,0,3,0,10,160,8,0,0,4,1024.0,0,10.45,1,35750.0
5934,9,2283,156,1.75,12,1,15.6,1920,1080,141,0,2,0,4,160,8,0,0,4,1024.0,0,6.0,1,35990.0
5935,12,5740,156,1.48,16,1,14.0,1920,1080,157,0,3,0,4,160,8,0,0,4,1024.0,0,13.0,1,37462.0
5936,0,6396,156,1.49,16,1,14.0,1920,1080,157,0,3,0,12,160,8,0,0,4,1024.0,0,6.0,1,43999.0
5937,0,6395,156,1.49,16,1,14.0,1920,1080,157,0,3,0,12,133,8,0,1,4,1024.0,0,6.0,1,26990.0
5938,15,6902,156,1.65,16,1,15.6,1920,1080,141,0,5,0,8,133,8,0,1,4,1024.0,0,6.0,1,54990.0
5939,15,2730,156,2.2,11,1,15.6,1366,768,100,0,3,0,3,190,8,0,0,2,1024.0,0,5.0,1,37990.0
5940,15,6924,156,1.65,16,1,15.6,1920,1080,141,0,5,0,8,155,16,0,0,4,1024.0,0,7.0,1,40990.0
5941,12,5739,156,1.24,16,1,14.0,1920,1080,157,0,3,0,12,160,8,0,0,128,1024.0,0,11.0,1,34174.0
5942,15,6923,156,1.65,16,1,15.6,1920,1080,141,0,5,0,8,155,8,0,0,4,1024.0,0,7.0,1,40990.0
5943,15,5573,156,2.25,16,1,15.6,1920,1080,141,0,5,0,8,209,8,0,1,4,1024.0,0,8.0,1,50990.0
5944,15,159,158,2.25,16,1,15.6,1920,1080,141,0,5,0,8,209,8,0,1,4,1024.0,0,8.0,1,51990.0
5945,0,6481,255,2.4,12,1,15.6,1920,1080,141,0,7,0,12,217,16,0,0,6,1024.0,0,6.0,1,119990.0
5946,9,1231,156,1.46,16,1,14.0,1920,1080,157,0,3,0,8,160,8,0,1,4,1024.0,0,6.0,1,45890.0
5947,15,6883,156,1.65,16,1,15.6,1920,1080,141,1,5,0,3,4,16,0,0,4,1024.0,0,9.0,1,39690.0
5948,15,5575,156,2.25,16,1,15.6,1920,1080,141,0,5,0,8,209,8,0,1,4,1024.0,0,8.0,1,48990.0
5949,0,3547,28,2.1,12,1,15.6,1366,768,100,0,2,0,4,162,4,0,0,4,1024.0,0,6.0,1,20990.0
5950,1,6154,203,1.3,29,1,13.3,1400,900,125,0,5,0,3,126,8,0,0,4,1024.0,0,10.0,1,80900.0
5951,2,4722,380,2.3,12,1,15.6,1920,1080,141,0,5,0,8,212,8,0,0,4,1024.0,0,6.0,1,62690.0
5952,31,6200,156,1.5,12,1,14.0,1920,1080,157,0,5,0,6,160,8,0,0,4,1024.0,0,10.0,1,41999.0
5953,2,4701,380,2.3,16,1,15.6,1920,1080,141,0,5,0,12,248,8,0,0,4,1024.0,0,6.0,1,47895.0
5954,9,2360,156,1.69,16,1,15.6,1920,1080,141,0,3,0,10,160,16,0,0,4,1024.0,0,6.0,1,36400.0
5955,9,2345,156,1.69,16,1,15.6,1920,1080,141,0,5,0,12,155,16,0,0,4,1024.0,0,6.0,1,47990.0
5956,16,5349,156,1.86,12,1,15.6,1920,1080,141,0,5,0,8,295,8,0,0,4,1024.0,0,6.0,1,57999.0
5957,6,791,166,1.9,7,1,14.0,1366,768,112,0,3,0,3,129,4,0,0,4,1024.0,0,6.0,1,25999.0
5958,31,6601,156,1.8,12,1,15.6,1920,1080,141,0,3,0,6,160,8,0,0,4,1024.0,0,10.0,1,29999.0
5959,0,3570,28,2.1,12,1,15.6,1366,768,100,0,2,0,2,127,4,0,0,4,500.0,0,7.0,1,25289.0
5960,9,2371,156,1.69,12,1,15.6,1920,1080,141,1,3,0,4,4,8,0,0,4,1024.0,0,6.0,1,35000.0
5961,0,6400,37,2.2,11,1,10.1,1280,800,149,0,4,1,2,116,2,0,0,4,1024.0,0,6.0,1,13869.0
5962,31,6601,156,1.8,12,1,15.6,1920,1080,141,0,3,0,6,160,8,0,0,4,1024.0,0,10.0,1,39999.0
5963,31,6199,156,1.5,12,1,14.0,1920,1080,157,0,5,0,6,237,8,0,0,2,1024.0,0,6.0,1,47490.0
5964,12,5745,156,1.76,16,1,15.6,1920,1080,141,0,3,0,4,160,8,0,0,4,1024.0,0,10.0,1,23990.0
5965,9,2311,156,1.69,16,1,15.6,1366,768,100,1,3,0,4,4,8,0,0,4,1024.0,0,6.0,1,29990.0
5966,2,7870,461,2.0,12,1,15.6,1366,768,100,0,3,0,3,129,4,0,0,4,1024.0,0,6.0,1,26990.0
5967,2,7638,424,1.4,12,1,14.0,1920,1080,157,0,3,0,4,160,4,0,0,4,1024.0,0,6.0,1,38990.0
5968,9,2158,156,2.1,0,1,15.6,1366,768,100,0,2,0,2,118,4,0,0,4,1024.0,0,6.0,1,19999.0
5969,15,87,159,1.7,16,1,15.6,1920,1080,141,0,3,0,4,160,8,0,1,4,1024.0,0,11.0,1,29999.0
5970,2,4225,49,1.2,3,1,11.6,1366,768,135,0,1,1,4,160,4,0,0,4,1024.0,0,6.0,1,17990.0
5971,15,2808,156,2.2,12,1,15.6,1366,768,100,0,5,0,6,235,8,0,0,2,1024.0,0,6.0,1,41999.0
5972,2,6697,442,1.5,16,1,14.0,2880,1800,243,0,5,0,18,155,16,0,0,4,1024.0,0,6.0,1,70975.0
5973,31,6200,156,1.5,12,1,14.0,1920,1080,157,0,5,0,6,160,8,0,0,4,1024.0,0,10.0,1,44999.0
5974,0,3886,225,2.3,12,1,15.6,1920,1080,141,1,5,0,4,57,8,0,0,4,1024.0,0,11.0,1,54990.0
5975,15,6649,156,1.85,12,1,15.6,1920,1080,141,0,3,0,3,129,4,0,0,4,1024.0,0,6.0,1,30990.0
5976,6,1362,168,2.25,12,1,15.6,1920,1080,141,0,3,0,3,123,4,0,0,4,1024.0,0,6.0,1,27999.0
5977,9,2293,156,1.7,16,1,15.6,1920,1080,141,1,3,0,4,4,8,0,0,4,1024.0,0,7.0,1,30990.0
5978,2,7813,427,1.8,16,1,15.6,1920,1080,141,0,5,0,8,155,8,0,0,4,1024.0,0,6.0,1,50990.0
5979,12,7445,156,1.24,16,1,14.0,1920,1080,157,0,1,0,4,160,4,0,0,4,1024.0,0,11.0,1,19999.0
5980,15,6661,156,1.85,12,1,15.6,1920,1080,141,0,3,0,4,160,8,0,0,4,1024.0,0,6.0,1,34459.0
5981,2,7812,427,1.8,12,1,15.6,1920,1080,141,0,5,0,8,155,8,0,0,4,1024.0,0,6.0,1,37619.0
5982,9,2295,156,1.7,16,1,15.6,1920,1080,141,1,3,0,4,4,8,0,1,4,1024.0,0,7.0,1,36990.0
5983,6,1365,460,2.2,7,1,15.6,1366,768,100,0,5,0,6,28,8,0,0,2,1024.0,0,6.0,1,42999.0
5984,9,2302,156,1.69,16,1,15.6,1920,1080,141,1,3,0,4,4,8,0,1,4,1024.0,0,6.0,1,29466.0
5985,15,2669,156,1.65,16,1,15.6,1920,1080,141,1,5,0,3,4,16,0,1,4,1024.0,0,9.0,1,45900.0
5986,9,8061,243,1.58,12,1,14.0,1920,1080,157,0,3,1,4,160,8,0,0,4,1024.0,0,6.0,1,49347.0
5987,9,503,48,1.07,3,1,11.6,1366,768,135,3,4,0,2,176,4,0,0,4,1024.0,0,12.0,1,25189.0
5988,10,6197,156,1.53,12,1,15.6,1920,1080,141,1,5,0,6,86,8,0,0,4,1024.0,0,6.0,1,38999.0
5989,9,2353,156,1.69,16,1,15.6,1920,1080,141,0,5,0,8,155,16,0,1,4,1024.0,0,6.0,1,45850.0
5990,9,2352,156,1.69,16,1,15.6,1920,1080,141,0,5,0,8,155,8,0,1,4,1024.0,0,9.15,1,46800.0
5991,9,1188,156,1.51,12,1,14.0,1366,768,112,1,4,0,1,43,4,0,0,4,1024.0,0,6.0,1,20990.0
5992,16,6214,156,1.6,12,1,15.6,1920,1080,141,1,5,0,12,4,8,0,0,4,1024.0,0,6.0,1,46065.0
5993,16,4133,216,1.3,16,1,14.0,1920,1080,157,1,5,0,12,4,8,0,0,4,1024.0,0,6.0,1,55999.0
5994,0,4935,255,2.7,12,1,15.6,1920,1080,141,0,5,0,6,289,8,0,0,8,1024.0,0,9.0,1,117635.0
5995,15,6907,156,1.65,16,1,15.6,1920,1080,141,1,5,0,11,4,8,0,0,4,1024.0,0,11.0,1,36289.0
5996,0,6479,255,2.7,12,0,15.6,1920,1080,141,0,7,0,9,205,8,0,0,4,1024.0,0,5.0,1,79990.0
5997,9,2216,156,1.77,12,1,15.6,1366,768,100,1,4,0,1,43,4,0,0,4,1024.0,0,6.0,1,21990.0
5998,25,2587,126,1.81,16,1,15.6,1920,1080,141,0,5,0,12,155,8,0,0,4,1024.0,0,6.0,1,46990.0
5999,9,350,279,1.39,18,1,14.0,1920,1200,162,0,4,0,18,107,16,0,0,4,1024.0,0,6.0,0,89000.0
6000,9,343,497,1.41,18,1,14.0,1920,1200,162,0,4,0,24,107,32,0,0,4,1024.0,0,6.0,0,155999.0
6001,9,362,82,1.31,18,1,13.3,1920,1200,170,0,4,1,12,106,32,0,0,4,1024.0,0,6.0,0,175000.0
6002,9,341,497,1.41,18,1,14.0,1920,1200,162,0,4,0,18,107,16,0,0,4,1024.0,0,6.0,0,133999.0
6003,9,352,87,1.41,18,1,14.0,1920,1200,162,0,4,0,24,106,16,0,0,4,1024.0,0,6.0,0,128000.0
6004,9,353,84,1.18,18,1,14.0,1920,1200,162,0,4,0,24,107,16,0,0,4,1024.0,0,6.0,0,165000.0
6005,9,345,497,1.79,18,1,16.0,1920,1200,142,0,4,0,24,107,16,0,0,4,1024.0,0,6.0,0,148999.0
6006,9,274,495,1.45,18,1,14.0,1920,1200,162,0,7,1,12,355,16,0,0,4,1024.0,0,6.0,0,168999.0
6007,9,281,500,2.01,18,1,15.6,1920,1080,141,0,9,0,24,346,64,0,0,8,1024.0,0,6.0,0,286999.0
6008,0,4280,48,1.4,3,1,14.0,1920,1080,157,0,5,0,12,155,16,0,0,4,1024.0,0,6.0,0,68990.0
6009,9,344,497,1.79,18,1,16.0,1920,1200,142,0,4,0,24,107,32,0,0,4,1024.0,0,6.0,0,156999.0
6010,9,279,500,2.01,18,1,15.6,1920,1080,141,0,7,0,24,346,16,0,0,8,1024.0,0,6.0,0,212999.0
6011,6,382,21,3.3,16,1,16.0,1920,1200,142,1,4,0,76,269,32,0,1,12,1024.0,0,6.0,0,199990.0
6012,9,280,500,2.01,18,1,15.6,1920,1080,141,0,7,0,24,354,32,0,0,6,1024.0,0,6.0,0,201999.0
6013,9,2471,232,2.39,16,1,16.1,1920,1080,137,0,7,0,30,266,16,0,0,6,1024.0,0,6.0,0,139999.0
6014,6,3301,460,1.98,16,1,16.0,1920,1200,142,0,5,0,12,155,16,0,0,4,1024.0,0,6.0,0,70589.0
6015,2,6136,455,1.8,16,1,15.6,1920,1080,141,1,7,0,16,248,16,0,0,4,1024.0,0,6.0,0,65990.0
6016,6,3386,171,1.9,16,1,16.0,1920,1200,142,0,5,0,12,160,16,0,0,4,1024.0,0,6.0,0,79489.0
6017,6,3297,170,1.87,16,1,16.0,1920,1200,142,0,4,0,12,106,16,0,1,4,1024.0,0,6.0,0,9689.0
6018,6,3298,460,1.98,16,1,16.0,1920,1200,142,0,4,0,12,106,16,0,1,4,1024.0,0,6.0,0,67590.0
6019,6,3300,460,1.98,16,1,16.0,1920,1200,142,0,4,0,12,106,16,0,1,4,1024.0,0,6.0,0,80889.0
6020,28,5733,223,1.65,16,1,15.6,1920,1080,141,0,5,0,12,155,8,0,0,4,1024.0,0,6.0,0,37999.0
6021,6,3387,171,1.9,16,1,16.0,2560,1600,189,0,7,0,24,160,16,0,0,4,1024.0,0,6.0,0,100890.0
6022,0,6847,370,1.25,16,1,14.0,2880,1800,243,0,7,0,12,155,16,0,0,4,1024.0,0,6.0,0,64990.0
6023,28,5730,223,1.65,16,1,15.6,1920,1080,141,0,3,0,12,160,8,0,0,4,1024.0,0,6.0,0,26990.0
6024,6,3374,167,1.4,16,1,14.0,1920,1080,141,3,4,1,12,379,16,0,0,4,1024.0,0,6.0,0,107178.0
6025,6,3375,167,1.4,16,1,14.0,1920,1080,141,3,4,1,12,379,16,0,0,4,1024.0,0,6.0,0,110978.0
6026,6,3299,460,1.98,16,1,16.0,1920,1200,142,0,4,0,12,106,16,0,1,4,1024.0,0,6.0,0,93990.0
6027,0,3479,27,1.77,16,1,15.6,1920,1080,141,0,4,0,12,133,16,0,0,4,1024.0,0,6.0,0,64999.0
6028,0,3836,34,1.59,16,1,15.6,1920,1080,141,0,3,0,12,133,8,0,0,4,1024.0,0,6.0,0,27999.0
6029,0,7967,241,1.5,16,1,14.0,1366,768,112,1,3,0,12,4,8,0,1,4,1024.0,0,6.0,0,23990.0
6030,0,3480,27,1.77,16,1,15.6,1920,1080,141,0,4,0,12,133,16,0,0,4,1024.0,0,6.0,0,66999.0
6031,0,3831,34,1.59,16,1,15.6,1920,1080,141,1,5,0,12,4,16,0,0,4,1024.0,0,6.0,0,37999.0
6032,9,1851,423,2.37,16,1,15.6,1920,1080,141,0,5,0,12,248,8,0,0,4,1024.0,0,4.0,0,59990.0
6033,0,3861,34,1.59,16,1,15.6,1920,1080,141,0,3,0,12,133,8,0,0,4,1024.0,0,6.0,0,35990.0
6034,15,5595,396,1.7,18,1,16.0,1920,1200,142,1,7,0,16,19,32,0,0,4,1024.0,0,6.0,0,107490.0
6035,0,3638,29,1.54,16,1,14.0,1920,1200,162,0,3,1,12,160,8,0,0,4,1024.0,0,8.5,0,38999.0
6036,2,5776,426,1.4,16,1,14.0,2880,1800,243,0,5,0,18,248,16,0,0,4,1024.0,0,6.0,0,75990.0
6037,15,5698,145,1.6,16,1,14.0,1920,1200,162,1,7,1,16,19,16,0,0,4,1024.0,0,6.0,0,77490.0
6038,6,476,167,1.6,16,1,14.0,2240,1400,189,0,4,0,24,107,16,0,0,4,1024.0,0,6.0,0,97590.0
6039,6,2858,460,1.6,16,1,14.0,1920,1080,157,0,5,0,12,160,8,0,0,4,1024.0,0,4.0,0,56990.0
6040,6,385,21,3.25,16,1,16.0,2560,1600,189,0,7,0,30,267,16,0,0,8,1024.0,0,6.0,0,175189.0
6041,2,4595,377,2.3,16,1,15.6,1920,1080,141,1,7,0,20,248,16,0,0,4,1024.0,0,6.0,0,58990.0
6042,9,2463,232,2.35,16,1,16.1,2560,1440,182,0,9,0,36,267,16,0,0,8,1024.0,0,6.0,0,171999.0
6043,9,1746,156,1.69,16,1,15.6,1920,1080,141,0,5,0,8,155,8,0,1,4,1024.0,0,9.15,0,64989.0
6044,0,7966,241,1.5,16,1,14.0,1366,768,112,1,3,0,12,4,8,0,0,4,1024.0,0,6.0,0,26999.0
6045,15,253,159,2.2,16,1,15.6,1920,1080,141,0,4,0,12,133,16,0,0,4,1024.0,0,6.0,0,65490.0
6046,15,5616,394,1.34,18,1,14.0,1920,1080,141,1,7,0,16,4,32,0,0,4,1024.0,0,6.0,0,101490.0
6047,16,4211,220,1.9,16,1,15.6,1920,1080,141,0,4,0,24,107,16,0,0,4,1024.0,0,6.0,0,65990.0
6048,8,5102,156,2.5,15,1,16.0,1920,1200,142,0,7,0,12,266,64,0,0,6,1024.0,0,6.0,0,64989.0
6049,2,7518,427,1.7,16,1,15.6,1920,1080,141,0,7,0,24,155,16,0,0,4,1024.0,0,6.0,0,56990.0
6050,2,7517,427,1.7,16,1,15.6,1920,1080,141,0,7,0,24,155,16,0,0,4,1024.0,0,6.0,0,64990.0
6051,15,2053,149,2.31,16,1,15.6,1920,1080,141,0,7,0,24,255,16,0,0,4,1024.0,0,6.5,0,77000.0
6052,16,4019,218,1.7,16,1,15.6,1920,1080,141,0,5,0,12,160,8,0,0,4,1024.0,0,6.0,0,42168.0
6053,23,6598,41,1.78,11,1,14.0,1920,1080,141,1,4,0,12,261,16,0,0,8,1024.0,0,12.0,0,139990.0
6054,0,7076,409,1.34,16,1,14.0,1920,1080,157,0,5,0,12,155,8,0,0,4,1024.0,0,6.0,0,52990.0
6055,15,2114,159,1.7,16,1,15.6,1920,1080,141,0,7,0,24,160,16,0,0,4,1024.0,0,5.0,0,66991.0
6056,0,7075,409,1.34,16,1,14.0,1920,1080,157,0,3,0,12,160,8,0,0,4,1024.0,0,6.0,0,39490.0
6057,0,7078,409,1.34,16,1,14.0,1920,1080,157,0,3,0,12,160,8,0,0,4,1024.0,0,6.0,0,36990.0
6058,0,7074,409,1.34,16,1,14.0,1920,1080,157,0,3,0,12,160,8,0,0,4,1024.0,0,6.0,0,37990.0
6059,6,3296,460,1.9,16,1,16.0,1920,1200,142,0,5,0,12,155,16,0,1,4,1024.0,0,6.0,0,70420.0
6060,6,2861,460,1.6,16,1,14.0,1920,1200,162,0,3,0,10,160,8,0,0,4,1024.0,0,6.0,0,39990.0
6061,6,3370,166,1.75,16,1,14.0,1920,1200,162,0,4,1,12,106,8,0,1,4,1024.0,0,6.0,0,80389.0
6062,15,1050,148,1.5,16,1,14.0,1920,1200,162,0,5,1,12,155,16,0,0,4,1024.0,0,6.0,0,69000.0
6063,9,942,355,1.3,12,1,14.0,1366,768,112,1,4,1,1,42,4,0,0,4,1024.0,0,8.15,0,56377.0
6064,13,2584,533,1.35,16,1,17.0,2560,1600,178,0,7,0,12,155,16,0,0,4,1024.0,0,6.0,0,64989.0
6065,25,6271,156,1.86,16,1,16.0,2880,1800,212,0,4,1,24,266,16,0,0,6,1024.0,0,6.0,0,233990.0
6066,25,6272,133,1.86,16,1,16.0,2880,1800,212,0,4,1,24,268,32,0,0,8,1024.0,0,6.0,0,281990.0
6067,6,3408,465,1.26,16,1,13.4,3840,2400,338,0,7,1,18,155,32,0,0,4,1024.0,0,6.0,0,212799.0
6068,9,1743,156,1.65,12,1,15.6,1366,768,100,0,2,0,4,162,8,0,1,4,1024.0,0,11.0,0,56228.0
6069,15,13,393,2.2,18,1,14.0,1920,1080,157,0,5,0,12,155,16,0,0,4,1024.0,0,6.0,0,89990.0
6070,25,6227,130,1.46,16,1,15.6,1920,1080,141,0,4,1,12,155,16,0,0,4,1024.0,0,8.7,0,122990.0
6071,16,3462,68,1.98,16,1,15.6,1920,1080,141,0,7,0,12,267,16,0,0,8,1024.0,0,6.0,0,102990.0
6072,16,3488,69,1.98,16,1,15.6,1920,1080,141,0,4,0,24,266,16,0,0,6,1024.0,0,6.0,1,99990.0
6073,0,3834,34,1.59,16,1,15.6,1920,1080,141,0,5,0,12,133,8,0,0,4,1024.0,0,6.0,0,43999.0
6074,9,553,48,1.07,3,1,11.6,1366,768,135,3,4,1,2,173,4,0,0,4,1024.0,0,15.45,0,41422.0
6075,9,1013,156,1.46,16,1,14.0,1366,768,112,1,3,1,4,4,8,0,0,4,1024.0,0,10.3,0,77831.0
6076,9,936,48,1.54,3,1,14.0,1366,768,112,1,4,1,1,43,4,0,0,4,1024.0,0,9.15,0,45845.0
6077,9,938,156,1.46,16,1,14.0,1366,768,112,0,1,0,4,161,4,0,0,4,1024.0,0,6.0,0,66733.0
6078,6,3384,117,2.99,16,1,16.0,2560,1600,189,0,7,0,24,267,32,0,0,8,1024.0,0,6.0,0,167489.0
6079,9,935,48,1.54,3,1,14.0,1366,768,112,1,4,0,1,43,4,0,0,4,1024.0,0,10.0,0,33675.0
6080,9,972,246,1.4,16,1,14.0,2240,1400,189,0,5,0,12,133,8,0,0,4,1024.0,0,9.45,0,111176.0
6081,16,4151,176,2.25,16,1,15.6,1920,1080,141,1,7,0,12,267,16,0,0,8,1024.0,0,6.0,0,95000.0
6082,15,2148,149,2.25,16,1,15.6,1920,1080,141,0,5,0,8,255,8,0,1,4,1024.0,0,6.0,0,58500.0
6083,0,3845,34,1.59,16,1,15.6,1920,1080,141,0,7,0,12,133,16,0,0,4,1024.0,0,6.0,0,60999.0
6084,25,6250,129,1.55,16,1,15.6,1920,1080,141,0,4,0,18,133,16,0,0,4,1024.0,0,6.0,0,65000.0
6085,25,6251,129,1.55,16,1,15.6,1920,1080,141,0,4,0,12,155,16,0,0,4,1024.0,0,6.0,0,78000.0
6086,6,386,21,3.25,16,1,16.0,2560,1600,189,0,9,0,36,268,32,0,0,8,1024.0,0,6.0,0,223989.0
6087,9,939,156,1.46,15,1,14.0,1366,768,112,0,1,0,4,161,4,0,0,4,1024.0,0,6.0,0,40641.0
6088,9,919,355,1.45,12,1,14.0,1366,768,112,0,1,0,4,161,4,0,0,4,1024.0,0,6.0,0,36909.0
6089,0,3724,30,1.78,16,1,15.6,1920,1080,141,0,5,0,12,248,16,0,0,4,1024.0,0,5.0,0,58999.0
6090,25,6246,129,1.55,16,1,15.6,1920,1080,141,0,4,0,12,155,8,0,0,4,1024.0,0,6.0,0,67990.0
6091,6,383,21,3.25,16,1,16.0,2560,1600,189,0,9,0,36,269,32,0,0,12,1024.0,0,6.0,0,329989.0
6092,6,3258,116,2.81,16,1,15.6,1920,1080,141,0,7,0,24,266,16,0,0,6,1024.0,0,6.0,0,119990.0
6093,6,444,23,4.23,16,1,18.0,2560,1600,168,0,9,0,36,269,32,0,0,12,1024.0,0,6.0,0,375990.0
6094,16,4038,218,1.7,16,1,15.6,1920,1080,141,0,5,0,12,155,16,0,0,4,1024.0,0,6.0,0,41990.0
6095,0,3838,34,1.59,16,1,15.6,1920,1080,141,0,5,0,12,133,16,0,0,4,1024.0,0,6.0,0,49999.0
6096,9,349,95,1.34,18,1,14.0,2240,1400,189,3,4,0,12,376,16,0,0,4,1024.0,0,6.0,0,169934.0
6097,2,4810,382,2.6,16,1,17.3,1920,1080,127,0,5,0,12,255,8,0,1,4,1024.0,0,6.0,0,157787.0
6098,2,5068,311,2.3,12,1,15.6,1920,1080,141,1,4,0,16,264,16,0,0,8,1024.0,0,2.0,0,268044.0
6099,2,6707,458,1.8,16,1,15.6,1920,1080,141,1,5,0,19,4,8,0,0,4,1024.0,0,6.0,0,82202.0
6100,2,7087,451,1.5,12,1,14.0,1920,1080,157,1,7,1,8,4,8,0,0,4,1024.0,0,6.0,0,114250.0
6101,2,4306,48,1.15,3,1,14.0,1920,1080,157,0,7,1,12,155,16,0,1,4,1024.0,0,6.0,0,245482.0
6102,2,5003,303,2.1,12,1,15.6,1920,1080,141,1,7,0,16,256,16,0,0,4,1024.0,0,6.0,0,207182.0
6103,2,4293,48,1.45,3,1,14.0,1920,1080,157,0,1,0,12,133,4,0,0,4,1024.0,0,12.0,0,35747.0
6104,0,3865,17,1.99,16,1,15.6,1920,1080,141,0,5,0,12,255,16,0,0,6,1024.0,0,6.0,0,65999.0
6105,6,3211,166,1.53,16,1,14.0,1920,1200,162,0,5,0,12,155,8,0,0,4,1024.0,0,6.0,0,61790.0
6106,2,5840,427,1.8,12,1,15.6,1920,1080,141,0,7,0,12,231,16,0,0,2,1024.0,0,6.0,0,185240.0
6107,6,2962,168,1.65,16,1,15.6,1920,1080,141,0,3,0,10,160,8,0,0,4,1024.0,0,6.0,0,38889.0
6108,2,4987,303,2.9,12,1,15.6,1920,1080,141,1,7,0,8,255,8,0,0,4,1024.0,0,6.0,0,167955.0
6109,6,2966,460,1.66,16,1,15.6,1920,1080,141,0,5,0,12,160,8,0,0,4,1024.0,0,6.0,0,45989.0
6110,6,3223,166,1.59,16,1,14.0,1920,1200,162,1,5,0,12,4,8,0,1,4,1024.0,0,6.0,0,47989.0
6111,6,3259,116,2.81,16,1,15.6,1920,1080,141,0,7,0,24,266,16,0,0,6,1024.0,0,5.0,0,123490.0
6112,6,2973,460,1.66,16,1,15.6,1920,1080,141,0,3,0,6,160,8,0,1,4,1024.0,0,6.0,0,33289.0
6113,2,5229,318,1.6,12,1,14.0,1920,1080,157,1,7,0,12,209,8,0,1,4,1024.0,0,10.0,0,187209.0
6114,6,3385,171,2.06,16,1,16.0,2560,1600,189,0,7,0,24,267,16,0,1,8,1024.0,0,6.0,0,133990.0
6115,6,3213,166,1.53,16,1,14.0,1920,1200,162,0,7,0,18,155,16,0,1,4,1024.0,0,6.0,0,82090.0
6116,2,4301,48,1.8,3,1,15.6,1920,1080,141,0,1,0,2,133,8,0,0,4,1024.0,0,11.0,0,54342.0
6117,2,4302,49,1.5,3,1,14.0,1920,1080,157,0,7,1,12,133,16,0,0,4,1024.0,0,10.0,0,89664.0
6118,0,3989,227,2.1,16,1,15.6,1920,1080,141,0,5,0,12,266,16,0,0,6,1024.0,0,6.0,0,84990.0
6119,6,445,23,4.23,16,1,18.0,2560,1600,168,0,9,0,36,270,64,0,0,16,1024.0,0,6.0,0,459489.0
6120,2,4246,49,1.5,3,1,14.0,1920,1080,157,0,4,1,12,116,8,0,0,4,1024.0,0,10.0,0,70722.0
6121,2,4244,48,1.34,3,1,14.0,1920,1080,157,0,1,0,2,133,4,0,0,4,1024.0,0,10.0,0,40835.0
6122,6,3257,116,2.81,16,1,15.6,1920,1080,141,0,7,0,24,266,16,0,0,6,1024.0,0,6.0,0,126489.0
6123,0,3847,34,1.59,16,1,15.6,1920,1080,141,0,5,0,12,133,8,0,0,4,1024.0,0,6.0,0,45999.0
6124,0,7077,409,1.34,16,1,14.0,1920,1080,157,0,5,0,12,155,16,0,0,4,1024.0,0,6.0,0,55490.0
6125,0,3846,34,1.59,16,1,15.6,1920,1080,141,0,5,0,12,133,8,0,0,4,1024.0,0,6.0,0,43999.0
6126,0,3839,34,1.59,16,1,15.6,1920,1080,141,0,5,0,12,133,16,0,0,4,1024.0,0,6.0,0,49999.0
6127,0,3818,34,1.59,16,1,15.6,1920,1080,141,1,5,0,12,4,16,0,0,4,1024.0,0,6.0,0,40999.0
6128,6,474,168,1.65,16,1,15.6,1920,1080,141,0,5,0,12,155,16,0,0,4,1024.0,0,6.0,0,56289.0
6129,25,6270,131,1.56,16,1,15.6,2880,1800,218,0,4,1,24,107,32,0,0,4,1024.0,0,6.0,0,181990.0
6130,15,246,180,2.2,16,1,15.6,1920,1080,141,0,5,0,12,266,24,0,0,6,1024.0,0,6.0,0,85491.0
6131,0,3612,28,1.45,16,1,14.0,1920,1080,157,0,3,0,12,160,8,0,0,4,1024.0,0,6.0,0,34990.0
6132,0,3613,28,1.45,16,1,14.0,1920,1080,157,0,3,0,12,160,8,0,0,4,1024.0,0,6.0,0,31990.0
6133,0,3607,28,1.45,16,1,14.0,1920,1080,157,0,3,0,12,160,8,0,0,4,1024.0,0,6.0,0,32990.0
6134,2,5440,320,1.95,16,1,16.0,2560,1600,189,0,4,0,24,269,32,0,0,12,1024.0,0,6.0,0,279990.0
6135,15,41,389,2.2,16,1,16.0,1920,1200,142,0,7,0,12,155,16,0,0,4,1024.0,0,6.0,0,71490.0
6136,15,14,393,2.2,18,1,14.0,1920,1080,157,0,7,0,12,155,16,0,0,4,1024.0,0,6.0,0,107990.0
6137,15,43,389,2.2,16,1,16.0,1920,1200,142,1,7,0,12,4,16,0,0,4,1024.0,0,6.0,0,57991.0
6138,0,6471,156,2.65,16,1,16.0,2560,1600,189,0,7,0,12,268,16,0,0,8,1024.0,0,6.0,0,189999.0
6139,15,250,180,2.2,16,1,15.6,1920,1080,141,0,7,0,12,267,24,0,0,8,1024.0,0,6.0,0,110490.0
6140,15,247,180,2.2,16,1,15.6,1920,1080,141,0,7,0,12,255,24,0,0,6,1024.0,0,6.0,0,95490.0
6141,6,477,464,1.17,16,1,13.4,2880,1800,253,0,4,1,24,107,32,0,0,4,1024.0,0,6.0,0,196689.0
6142,15,249,180,2.2,16,1,15.6,1920,1080,141,0,7,0,12,266,24,0,0,6,1024.0,0,6.0,0,103491.0
6143,6,473,166,1.75,16,1,14.0,1920,1200,162,0,4,1,12,106,16,0,1,4,1024.0,0,6.0,0,88390.0
6144,15,1036,473,1.49,16,1,14.0,2880,1800,243,1,7,1,16,16,16,0,0,4,1024.0,0,7.0,0,86990.0
6145,15,2506,155,1.89,16,1,16.0,1920,1080,138,0,5,0,18,155,16,0,0,4,1024.0,0,6.0,0,103490.0
6146,9,1172,48,1.46,3,1,14.0,1366,768,112,0,1,0,4,161,4,0,0,4,1024.0,0,14.0,0,35655.0
6147,15,163,415,1.0,18,1,15.6,1920,1080,141,0,3,0,6,160,8,0,1,4,1024.0,0,5.5,0,31700.0
6148,9,552,48,1.07,3,1,11.6,1366,768,135,3,4,0,2,173,4,0,0,4,1024.0,0,15.45,0,35926.0
6149,9,72,280,1.38,18,1,14.0,1366,768,112,0,5,0,8,155,8,0,0,4,1024.0,0,10.0,0,63799.0
6150,15,2495,155,1.89,16,1,16.0,1920,1200,142,0,5,0,12,160,16,0,0,4,1024.0,0,6.0,0,58990.0
6151,15,5607,390,1.59,0,1,14.0,1920,1080,157,0,5,0,12,155,16,0,0,4,1024.0,0,9.4,0,67750.0
6152,15,2045,149,2.32,16,1,15.6,1920,1080,141,1,7,0,16,255,16,0,0,4,1024.0,0,6.0,0,73999.0
6153,15,5594,401,2.0,14,1,14.0,1920,1080,157,0,7,0,12,160,16,0,0,4,1024.0,0,6.0,0,145999.0
6154,15,128,415,1.85,12,1,15.0,1920,1080,147,0,5,0,12,160,8,0,0,4,1024.0,0,6.0,0,49990.0
6155,15,22,399,1.12,18,1,14.0,1920,1200,162,0,7,0,12,155,16,0,0,4,1024.0,0,6.0,0,207500.0
6156,15,2157,143,1.65,16,1,15.6,1920,1080,141,0,3,0,6,160,8,0,1,4,1024.0,0,6.0,0,35990.0
6157,15,5601,388,1.7,16,1,15.6,1920,1080,141,0,5,0,12,160,8,0,0,4,1024.0,0,6.0,0,61500.0
6158,2,6792,459,1.5,16,1,16.0,3200,2000,236,0,4,0,24,107,16,0,0,4,1024.0,0,16.0,0,136890.0
6159,15,5602,388,1.7,16,1,15.6,1920,1080,141,0,7,0,12,155,16,0,0,4,1024.0,0,6.0,0,84990.0
6160,2,4819,382,2.6,16,1,17.0,1920,1080,130,0,5,0,12,248,16,0,1,4,1024.0,0,6.0,0,69990.0
6161,2,6791,459,1.5,16,1,16.0,3200,2000,236,0,4,0,24,107,16,0,0,4,1024.0,0,8.0,0,116990.0
6162,15,153,154,1.7,16,1,15.6,1920,1080,141,0,3,0,6,160,8,0,0,4,1024.0,0,8.0,0,35500.0
6163,15,5600,387,1.4,18,1,14.0,1920,1080,157,0,5,0,12,155,16,0,0,4,1024.0,0,6.0,0,69990.0
6164,15,5610,391,1.7,0,1,15.6,1920,1080,141,0,3,0,10,160,8,0,0,4,1024.0,0,10.0,0,45750.0
6165,15,5706,396,2.0,18,1,16.0,1920,1200,142,0,7,0,12,133,32,0,0,4,1024.0,0,6.0,0,165750.0
6166,15,5705,396,1.8,18,1,16.0,1920,1080,141,0,7,0,18,357,32,0,0,4,1024.0,0,6.0,0,166000.0
6167,16,4266,45,2.7,16,1,17.0,1920,1080,130,1,7,0,12,267,16,0,0,8,1024.0,0,6.0,0,96990.0
6168,15,5609,390,1.59,0,1,14.0,1920,1080,157,0,7,0,12,155,16,0,1,4,1024.0,0,6.0,0,104990.0
6169,15,5606,390,1.59,0,1,14.0,1920,1080,157,0,5,0,12,160,8,0,0,4,1024.0,0,9.4,0,65999.0
6170,15,5604,390,1.59,0,1,14.0,1920,1080,157,0,5,0,12,160,8,0,0,4,1024.0,0,9.4,0,67999.0
6171,15,5628,388,1.7,16,1,15.6,1920,1080,141,1,3,0,8,4,8,0,0,4,1024.0,0,6.0,0,38990.0
6172,15,1,390,1.77,12,1,14.0,1920,1080,157,0,3,0,4,160,4,0,0,4,1024.0,0,12.8,0,49999.0
6173,15,5605,390,2.2,0,1,14.0,1920,1080,157,0,5,0,12,155,16,0,1,4,1024.0,0,9.0,0,65800.0
6174,15,3,390,1.59,16,1,14.0,1920,1080,157,0,3,0,6,160,8,0,1,4,1024.0,0,11.9,0,55990.0
6175,9,296,504,1.73,18,1,16.0,1920,1200,142,0,9,0,24,269,32,0,0,12,1024.0,0,6.0,0,422440.0
6176,9,77,283,1.38,18,1,14.0,1920,1080,157,1,5,0,16,4,8,0,0,4,1024.0,0,6.0,0,69967.0
6177,0,3866,17,1.99,16,1,15.6,1920,1080,141,0,5,0,12,248,8,0,0,4,1024.0,0,6.0,0,55990.0
6178,15,235,146,2.2,16,1,14.0,1920,1200,162,0,4,1,12,106,16,0,1,4,1024.0,0,6.0,0,80490.0
6179,9,273,495,1.45,18,1,14.0,1920,1200,162,0,5,0,12,155,16,0,0,4,1024.0,0,6.0,0,112999.0
6180,9,295,504,1.73,18,1,16.0,1920,1200,142,0,9,0,24,269,32,0,0,12,1024.0,0,6.0,0,408870.0
6181,9,287,500,2.01,18,1,15.6,1920,1080,141,0,7,0,24,355,32,0,0,4,1024.0,0,6.0,0,183999.0
6182,15,236,146,2.2,16,1,14.0,1920,1200,162,0,4,0,12,133,16,0,1,4,1024.0,0,6.0,0,91990.0
6183,9,289,499,2.4,18,1,16.0,1920,1200,142,0,7,0,30,350,32,0,0,12,1024.0,0,6.0,0,327999.0
6184,9,290,499,2.4,18,1,16.0,1920,1200,142,0,7,0,30,351,32,0,0,12,1024.0,0,6.0,0,374935.0
6185,9,285,495,1.72,18,1,16.0,1920,1200,142,0,5,0,12,155,16,0,0,4,1024.0,0,6.0,0,113999.0
6186,15,5675,147,2.2,16,1,14.0,1920,1200,162,1,5,1,12,4,16,0,0,4,1024.0,0,6.0,0,62991.0
6187,15,5707,391,1.7,0,1,15.6,1920,1080,141,0,5,0,12,160,8,0,0,4,1024.0,0,10.0,0,57990.0
6188,9,286,495,1.72,18,1,16.0,1920,1200,142,0,7,0,12,355,32,0,0,4,1024.0,0,6.0,0,172752.0
6189,15,44,389,2.2,16,1,16.0,1920,1200,142,1,5,0,12,4,16,0,0,4,1024.0,0,6.0,0,42491.0
6190,9,288,500,2.01,18,1,15.6,1920,1080,141,0,9,0,24,347,32,0,0,8,1024.0,0,6.0,0,284990.0
6191,9,294,504,1.73,18,1,16.0,1920,1200,142,0,7,0,24,269,32,0,0,12,1024.0,0,6.0,0,368160.0
6192,15,21,396,2.2,18,1,16.0,1920,1200,142,0,7,0,12,160,16,0,0,4,1024.0,0,6.0,0,112990.0
6193,0,7073,409,1.34,18,1,14.0,1920,1080,157,0,5,0,12,155,8,0,0,4,1024.0,0,6.0,0,71990.0
6194,2,7565,429,1.88,16,1,16.0,1920,1200,142,0,9,0,24,155,16,0,0,4,1024.0,0,6.0,0,89990.0
6195,15,5661,154,2.2,16,1,15.6,1920,1080,141,1,7,0,12,4,16,0,0,4,1024.0,0,6.0,0,46991.0
6196,0,7072,409,1.34,18,1,14.0,1920,1080,157,0,5,0,12,155,16,0,0,4,1024.0,0,6.0,0,74990.0
6197,15,5699,145,2.2,16,1,14.0,1920,1200,162,1,5,1,12,18,16,0,0,4,1024.0,0,6.0,0,72690.0
6198,0,4275,50,1.45,3,1,14.0,1920,1200,162,1,5,0,12,13,16,0,0,4,1024.0,0,12.0,0,54990.0
6199,15,3119,189,2.4,16,1,15.6,1920,1080,141,1,5,0,16,209,16,0,0,4,1024.0,0,7.5,1,70790.0
6200,6,618,165,2.2,12,1,13.3,1920,1080,166,0,7,1,4,166,16,0,0,4,1024.0,0,6.0,1,96990.0
6201,2,5020,303,2.3,16,1,15.6,1920,1080,141,1,7,0,20,261,16,0,0,8,1024.0,0,6.0,1,146990.0
6202,6,1399,168,2.2,12,1,15.6,1920,1080,141,0,5,0,6,236,8,0,0,2,1024.0,0,6.0,1,68428.0
6203,16,5407,156,1.88,12,1,15.6,1920,1080,141,0,7,0,9,249,16,0,0,6,1024.0,0,6.0,1,184790.0
6204,15,4369,402,1.69,12,1,14.0,1920,1080,157,0,7,0,8,76,16,0,0,2,1024.0,0,6.0,1,79990.0
6205,15,4400,402,1.59,0,1,14.0,1920,1080,157,0,3,0,12,160,8,0,0,4,1024.0,0,6.0,1,47899.0
6206,16,4101,174,2.8,16,1,17.3,1920,1080,127,0,7,0,12,267,16,0,0,8,1024.0,0,6.0,1,109990.0
6207,15,4384,402,1.59,16,1,14.0,1920,1080,157,0,3,0,6,160,4,0,0,4,1024.0,0,11.9,1,42490.0
6208,9,955,243,1.41,16,1,14.0,1920,1080,157,0,5,0,12,155,8,0,0,4,1024.0,0,6.0,1,62999.0
6209,15,5544,156,2.25,12,1,15.6,1920,1080,141,1,5,0,12,255,8,0,0,4,1024.0,0,5.0,1,69990.0
6210,9,1818,232,2.37,12,1,15.6,1920,1080,141,1,5,0,3,302,16,0,0,6,1024.0,0,6.0,1,104990.0
6211,2,6109,427,1.8,12,1,15.6,1920,1080,141,1,3,0,4,86,4,0,0,4,1024.0,0,6.0,1,35990.0
6212,7,3094,413,1.0,18,1,14.0,1920,1200,162,0,5,0,12,155,16,0,0,4,1024.0,0,12.0,1,79990.0
6213,6,461,173,1.69,16,1,15.6,1920,1080,141,1,5,0,12,4,8,0,0,4,1024.0,0,6.0,1,39990.0
6214,2,6753,458,1.8,12,1,15.6,1920,1080,141,0,5,0,8,239,8,0,0,2,1024.0,0,6.0,1,66990.0
6215,15,1106,473,1.49,16,1,14.0,1920,1080,157,0,7,1,12,133,16,0,0,4,1024.0,0,10.0,1,110190.0
6216,15,2780,156,2.4,12,1,15.6,1920,1080,141,0,5,0,6,235,8,0,0,4,1024.0,0,6.0,1,56744.0
6217,15,7063,385,1.26,12,1,13.0,2560,1600,232,0,7,0,12,155,16,0,0,4,1024.0,0,6.0,1,85990.0
6218,9,1892,423,2.29,16,1,15.6,1920,1080,141,1,7,0,16,255,16,0,0,4,1024.0,0,14.3,1,76990.0
6219,0,3879,225,2.7,12,1,15.6,1920,1080,141,0,7,0,8,235,4,0,0,2,1024.0,0,6.0,1,74518.0
6220,15,2508,160,1.9,16,1,16.0,2560,1600,189,0,5,0,18,155,16,0,0,4,1024.0,0,9.0,1,80499.0
6221,6,3200,460,1.5,16,1,14.0,1920,1080,157,1,5,0,8,4,8,0,0,4,1024.0,0,8.0,1,56290.0
6222,16,5409,156,2.4,12,1,15.6,1920,1080,141,0,7,0,12,250,16,0,0,8,1024.0,0,6.0,1,169990.0
6223,2,6323,437,1.65,16,1,15.6,1920,1080,141,1,4,0,12,255,16,0,0,4,1024.0,0,6.0,1,115000.0
6224,2,6372,516,1.0,16,1,13.3,2880,1800,255,0,5,0,12,133,16,0,0,4,1024.0,0,6.0,1,104990.0
6225,9,8130,338,1.27,14,1,13.3,1920,1080,166,0,7,1,8,147,16,0,0,4,1024.0,0,6.0,1,162990.0
6226,0,3965,225,2.7,12,1,17.3,1920,1080,127,0,7,0,12,304,8,0,0,6,2048.0,0,6.0,1,96990.0
6227,1,6171,202,0.92,25,1,12.0,2304,1440,226,0,5,0,4,128,8,0,0,4,1024.0,0,10.0,1,109990.0
6228,2,5129,305,2.7,12,1,17.3,1920,1080,127,1,7,0,20,261,16,0,0,8,1024.0,0,6.0,1,150990.0
6229,6,2865,460,1.69,16,1,15.6,1920,1080,141,0,5,0,12,160,8,0,0,4,1024.0,0,10.0,1,46499.0
6230,18,7031,156,1.0,16,1,13.0,1600,1200,154,0,5,1,12,133,8,0,0,4,1024.0,0,15.5,1,113990.0
6231,15,3168,479,1.7,12,1,14.0,1920,1080,157,0,3,1,4,166,4,0,0,4,1024.0,0,10.0,1,44990.0
6232,2,5371,309,2.4,12,1,15.6,1920,1080,141,0,7,0,9,250,16,0,0,8,1024.0,0,6.0,1,209990.0
6233,25,2711,126,1.17,16,1,14.0,2880,1800,243,0,7,0,18,155,16,0,0,4,1024.0,0,6.0,1,139990.0
6234,9,666,101,1.32,12,1,13.3,1920,1080,166,1,7,1,8,4,16,0,0,4,1024.0,0,6.0,1,88400.0
6235,15,2721,156,2.2,14,1,15.6,1366,768,100,0,5,0,3,244,4,0,0,2,1024.0,0,5.0,1,53190.0
6236,25,2714,126,1.56,15,1,16.0,2880,1800,212,0,7,0,18,155,16,0,0,4,1024.0,0,6.0,1,131999.0
6237,25,2713,126,2.2,16,1,16.0,2880,1800,212,0,7,0,12,155,16,0,0,4,1024.0,0,6.0,1,112990.0
6238,25,2710,126,1.17,16,1,14.0,2880,1800,243,0,5,0,12,155,16,0,0,4,1024.0,0,6.0,1,97150.0
6239,2,7195,506,1.27,12,1,13.3,1920,1080,166,0,5,0,6,160,8,0,0,4,1024.0,0,14.0,1,79990.0
6240,1,6170,202,0.92,25,1,12.0,2304,1440,226,0,4,0,4,128,8,0,0,4,1024.0,0,10.0,1,89990.0
6241,9,1841,423,2.29,16,1,15.6,1920,1080,141,0,7,0,24,255,8,0,0,4,1024.0,0,10.3,1,86990.0
6242,9,2389,232,2.32,16,1,16.1,2560,1440,182,0,7,0,24,261,16,0,0,8,1024.0,0,6.0,1,123900.0
6243,2,5378,297,2.5,12,1,15.6,1920,1080,141,0,7,0,6,205,8,0,0,4,1024.0,0,6.0,1,97591.0
6244,16,4023,216,1.3,12,1,14.0,1920,1080,157,0,7,0,12,240,8,0,0,2,1024.0,0,6.0,1,81141.0
6245,25,2712,126,1.17,16,1,14.0,2880,1800,243,0,7,0,12,155,16,0,0,4,1024.0,0,16.0,1,155990.0
6246,0,6868,340,2.15,12,1,15.6,1366,768,100,0,3,1,3,123,4,0,0,4,1024.0,0,9.0,1,42877.0
6247,6,3293,460,1.91,15,1,16.0,1920,1080,138,1,5,0,12,4,8,0,0,4,1024.0,0,6.0,1,79287.0
6248,9,8026,338,1.32,14,1,13.3,1920,1080,166,0,5,1,6,166,8,0,0,4,1024.0,0,6.0,1,136590.0
6249,2,5034,303,1.5,16,1,15.6,1920,1080,141,1,7,0,12,259,16,0,0,6,1024.0,0,6.0,1,151690.0
6250,6,2857,460,1.48,15,1,14.0,1920,1080,141,1,5,0,16,1,16,0,0,4,1024.0,0,6.0,1,44528.0
6251,9,8033,338,1.27,12,1,13.3,1920,1080,166,0,5,1,8,155,8,0,0,4,1024.0,0,6.0,1,97990.0
6252,2,4873,441,2.2,15,1,14.0,1920,1080,157,1,5,1,12,4,8,0,0,4,1024.0,0,6.0,1,69000.0
6253,6,4903,156,2.6,11,1,15.6,1920,1080,141,1,7,0,16,181,16,0,0,4,1024.0,0,6.0,1,82499.0
6254,7,3091,413,1.0,16,1,13.3,1920,1080,166,0,7,1,18,155,16,0,0,4,1024.0,0,1.0,1,109990.0
6255,2,5485,324,2.1,12,1,15.6,1920,1080,141,0,7,0,12,321,24,0,0,8,1024.0,0,6.0,1,184990.0
6256,2,5464,299,2.0,15,1,16.0,2560,1600,189,1,7,1,20,256,16,0,0,4,1024.0,0,8.0,1,149432.0
6257,2,4659,114,2.5,12,1,15.6,1920,1080,141,0,7,0,6,287,8,0,0,2,1024.0,0,6.0,1,69990.0
6258,6,1414,168,1.64,12,1,15.6,1920,1080,141,0,7,0,12,240,16,0,0,2,1024.0,0,6.0,1,91090.0
6259,6,4920,156,2.52,16,1,15.6,1920,1080,141,1,7,0,20,259,16,0,0,6,1024.0,0,6.0,1,81990.0
6260,2,7600,424,1.6,12,1,14.0,1920,1080,157,0,3,0,4,160,4,0,0,4,1024.0,0,6.0,1,34990.0
6261,0,3584,28,1.7,16,1,15.6,1920,1080,141,0,5,0,12,156,8,0,0,4,1024.0,0,6.0,1,49650.0
6262,9,2391,232,2.32,16,1,16.1,1920,1080,137,1,5,0,16,209,8,0,0,4,1024.0,0,9.0,1,71990.0
6263,6,614,165,1.45,12,1,13.3,1920,1080,166,0,5,1,6,166,8,0,0,4,1024.0,0,6.0,1,86220.0
6264,15,1492,388,1.7,16,1,15.6,1920,1080,141,0,5,0,16,155,16,0,0,4,1024.0,0,6.0,1,63990.0
6265,2,5512,300,1.18,16,1,13.4,1920,1200,169,0,9,1,24,256,16,0,0,4,1024.0,0,8.0,1,179990.0
6266,9,1180,156,1.6,12,1,14.0,1366,768,112,0,5,0,6,166,4,0,0,4,1024.0,0,6.0,1,39990.0
6267,2,7211,524,1.3,11,1,13.3,1920,1080,166,0,4,1,4,115,4,0,0,4,1024.0,0,5.0,1,61990.0
6268,9,909,243,1.53,12,1,14.0,1920,1080,157,0,3,0,3,129,4,0,0,4,1024.0,0,6.0,1,52188.0
6269,12,5741,156,1.58,16,1,15.6,1920,1080,141,0,7,0,12,155,16,0,0,4,1024.0,0,10.0,1,55090.0
6270,6,829,166,1.56,12,1,14.0,1920,1080,157,0,5,0,8,155,16,0,0,4,1024.0,0,6.0,1,74320.0
6271,18,6998,156,1.13,16,1,12.4,1536,1024,149,0,5,1,12,155,8,0,0,4,1024.0,0,15.0,1,75990.0
6272,15,203,475,1.5,16,1,14.0,1920,1200,162,0,5,1,12,155,16,0,0,4,1024.0,0,6.0,1,89990.0
6273,0,3705,30,1.7,16,1,15.6,1920,1080,141,0,5,0,12,240,8,0,0,2,1024.0,0,6.0,1,41990.0
6274,2,7495,427,1.7,16,1,15.6,1920,1080,141,0,5,0,12,155,8,0,0,4,1024.0,0,6.0,1,48460.0
6275,15,7400,156,1.7,0,1,15.6,1920,1080,141,1,5,0,12,1,8,0,0,4,1024.0,0,6.0,1,40990.0
6276,9,998,231,1.63,16,1,14.0,2880,1800,243,0,4,0,24,267,16,0,0,8,1024.0,0,6.0,1,125990.0
6277,6,2993,168,1.62,16,1,15.6,1920,1080,141,0,3,0,10,160,8,0,0,4,1024.0,0,6.0,1,37200.0
6278,0,6306,366,1.25,16,1,14.0,2880,1800,243,0,5,0,12,155,16,0,0,4,1024.0,0,6.0,1,92999.0
6279,16,875,262,1.49,16,1,14.0,1920,1200,162,0,7,0,12,155,16,0,0,4,1024.0,0,6.0,1,109990.0
6280,16,4170,216,1.4,16,1,14.0,1920,1080,157,0,5,0,12,155,8,0,0,4,1024.0,0,6.0,1,42711.0
6281,2,7798,427,1.6,12,1,15.6,1920,1080,141,0,3,0,6,160,8,0,0,4,1024.0,0,6.0,1,37500.0
6282,2,7231,517,1.25,14,1,14.0,1920,1080,157,0,5,0,8,166,8,0,0,4,1024.0,0,9.0,1,79990.0
6283,1,5957,204,2.15,31,1,16.2,3456,2234,254,2,4,0,36,160,16,0,0,4,1024.0,0,18.0,1,233990.0
6284,2,5365,297,2.6,12,1,15.6,1920,1080,141,0,7,0,6,290,16,0,0,6,1024.0,0,6.0,1,139990.0
6285,2,2558,517,1.7,18,1,17.3,2560,1920,185,0,7,1,12,155,16,0,0,4,1024.0,0,9.5,1,329990.0
6286,2,5280,318,1.72,16,1,14.0,2560,1600,216,1,7,0,20,64,16,0,0,8,1024.0,0,8.0,1,167990.0
6287,15,7371,156,1.85,12,1,15.6,1920,1080,141,0,3,0,4,160,4,0,0,4,1024.0,0,6.0,1,32990.0
6288,0,6402,156,1.2,16,1,11.6,1366,768,135,0,1,0,12,160,8,0,0,4,1024.0,0,6.0,1,37999.0
6289,15,3326,157,1.5,16,1,14.0,1920,1200,162,0,3,0,10,168,8,0,0,4,1024.0,0,9.0,1,63800.0
6290,6,1464,463,2.0,12,1,15.6,3840,2160,282,0,9,0,16,293,32,0,0,4,1024.0,0,10.0,1,248990.0
6291,6,3354,166,1.85,16,1,14.0,1920,1080,157,0,5,1,12,160,8,0,0,4,1024.0,0,6.0,1,77499.0
6292,6,2944,168,1.65,15,1,15.6,1920,1080,141,0,5,0,12,241,8,0,0,2,1024.0,0,6.0,1,70426.0
6293,15,4232,156,1.65,12,1,14.0,1920,1080,157,0,3,1,4,236,8,0,0,2,1024.0,0,8.0,1,82190.0
6294,6,4896,156,2.65,16,1,15.6,1920,1080,141,0,7,0,24,256,16,0,0,4,1024.0,0,10.0,1,102990.0
6295,2,5461,298,1.3,16,1,13.4,1920,1080,164,1,7,1,20,256,32,0,0,4,1024.0,0,6.0,1,110862.0
6296,2,4773,375,2.0,16,1,15.6,2560,1440,188,0,7,0,24,259,16,0,0,6,1024.0,0,3.0,1,119990.0
6297,15,3139,156,1.38,16,1,14.0,2240,1400,189,1,7,0,12,4,16,0,0,4,1024.0,0,6.0,1,84990.0
6298,16,5393,156,2.9,12,1,17.3,1920,1080,127,0,7,0,9,249,16,0,0,6,1024.0,0,6.0,1,145990.0
6299,6,449,168,1.85,15,1,15.6,1920,1080,141,0,5,0,6,133,8,0,0,4,1024.0,0,6.0,1,56990.0
6300,9,1918,423,2.29,16,1,15.6,1920,1080,141,1,5,0,16,248,8,0,0,4,1024.0,0,6.0,1,51490.0
6301,15,4401,402,1.59,16,1,14.0,1920,1080,157,0,7,0,12,133,16,0,0,4,1024.0,0,6.0,1,97990.0
6302,16,5408,156,2.4,12,1,15.6,1920,1080,141,0,7,0,12,249,16,0,0,6,1024.0,0,6.0,1,184990.0
6303,2,6453,108,1.6,0,1,14.0,1920,1080,157,0,5,0,6,311,8,0,0,2,1024.0,0,6.0,1,66490.0
6304,2,7244,518,1.19,12,1,14.0,1920,1080,157,0,7,0,8,313,8,0,0,2,1024.0,0,6.0,1,100990.0
6305,15,149,159,1.65,16,1,15.6,1920,1080,141,0,7,0,12,155,16,0,0,4,1024.0,0,7.0,1,62990.0
6306,2,5100,312,2.5,16,1,16.0,2560,1600,189,0,9,0,36,269,32,0,0,12,1024.0,0,6.0,1,229990.0
6307,15,201,483,1.5,16,1,14.5,3072,1920,250,0,7,0,12,266,16,0,0,6,1024.0,0,9.0,1,124990.0
6308,2,6583,447,2.2,14,1,15.6,1920,1080,141,0,7,0,8,284,8,0,0,2,1024.0,0,6.0,1,55190.0
6309,16,4109,289,2.7,16,1,17.3,1920,1080,127,0,7,0,12,268,16,0,0,8,1024.0,0,6.0,1,139000.0
6310,2,5369,309,2.4,12,1,15.6,1920,1080,141,0,7,0,9,249,16,0,0,6,1024.0,0,6.0,1,164990.0
6311,6,2942,168,1.63,15,1,15.6,1920,1080,141,0,5,0,12,241,8,0,0,2,1024.0,0,6.0,1,79990.0
6312,1,5960,204,2.15,31,1,16.2,3456,2234,254,2,4,0,36,160,16,0,0,4,1024.0,0,18.0,1,248490.0
6313,26,7990,156,1.37,11,1,12.2,2560,1600,247,0,4,1,3,128,4,0,0,4,1024.0,0,10.0,1,42490.0
6314,6,3275,168,2.07,12,1,15.6,1920,1080,141,0,5,0,4,236,8,0,0,4,1024.0,0,6.0,1,71724.0
6315,18,7025,156,1.66,16,1,12.3,2736,1824,267,0,5,1,12,155,8,0,0,4,1024.0,0,15.0,1,86799.0
6316,3,6284,201,1.46,12,1,14.0,1920,1080,157,0,3,0,12,166,8,0,0,4,1024.0,0,10.0,1,38990.0
6317,2,7260,522,1.62,16,1,14.0,1920,1080,157,0,5,1,8,156,8,0,0,4,1024.0,0,6.0,1,84990.0
6318,25,3045,126,1.56,16,1,16.0,2880,1800,212,0,4,1,24,107,32,0,0,4,1024.0,0,7.5,1,176990.0
6319,9,2408,232,2.32,12,1,14.0,1920,1080,157,0,7,0,24,255,16,0,1,4,1024.0,0,8.0,1,79900.0
6320,9,971,156,1.46,16,1,14.0,1920,1080,157,3,4,0,1,378,8,0,0,4,1024.0,0,6.0,1,31999.0
6321,15,6947,189,2.39,16,1,16.0,2560,1600,189,1,7,0,12,267,16,0,0,8,1024.0,0,6.5,1,119900.0
6322,9,493,78,1.2,14,1,12.0,1920,1280,192,0,4,1,4,122,8,0,0,4,1024.0,0,7.0,1,77690.0
6323,2,2528,447,1.8,16,1,16.0,1920,1200,142,0,5,0,12,248,16,0,0,4,1024.0,0,6.0,1,62990.0
6324,15,7398,156,1.7,16,1,15.6,1920,1080,141,0,3,0,6,160,8,0,0,4,1024.0,0,6.0,1,41066.0
6325,2,5085,304,2.5,16,1,16.0,2560,1600,189,0,9,0,36,268,16,0,0,8,1024.0,0,6.0,1,189990.0
6326,16,3752,70,1.9,16,1,15.6,1920,1080,141,1,7,0,12,79,16,0,0,4,1024.0,0,6.0,1,149990.0
6327,9,3079,277,1.74,12,1,15.6,1366,768,100,0,3,0,6,160,8,0,0,4,1024.0,0,6.0,1,47490.0
6328,16,639,262,0.99,16,1,13.3,1920,1200,170,0,7,0,12,155,16,0,0,4,1024.0,0,6.0,1,109990.0
6329,13,2582,532,2.5,15,1,17.0,2560,1600,178,0,5,0,12,155,8,0,0,4,1024.0,0,6.0,1,119273.0
6330,9,1840,423,2.29,16,1,15.6,1920,1080,141,0,5,0,12,255,8,0,0,4,1024.0,0,10.3,1,65790.0
6331,6,3366,166,1.58,16,1,14.0,1920,1200,162,0,5,1,12,155,8,0,0,4,1024.0,0,6.0,1,72990.0
6332,2,4981,303,2.3,12,1,15.6,1920,1080,141,0,7,0,12,304,16,0,0,6,1024.0,0,6.0,1,105990.0
6333,2,5282,318,1.65,16,1,14.0,1920,1200,162,1,7,0,20,64,16,0,0,8,1024.0,0,8.0,1,131990.0
6334,2,6148,438,1.95,16,1,16.0,1920,1080,138,1,4,0,20,256,16,0,0,4,1024.0,0,6.0,1,129990.0
6335,15,7942,189,2.3,12,1,15.6,1920,1080,141,0,5,0,8,287,8,0,0,3,1024.0,0,6.0,1,92990.0
6336,9,1705,232,2.32,12,1,15.6,1920,1080,141,0,7,0,9,249,16,0,0,6,1024.0,0,6.0,1,146865.0
6337,9,1808,232,3.65,12,1,15.6,1920,1080,141,0,7,0,12,321,16,0,0,8,1024.0,0,6.0,1,152990.0
6338,2,5370,307,2.4,12,1,15.6,1920,1080,141,0,7,0,9,249,16,0,0,6,1024.0,0,6.0,1,164990.0
6339,9,974,243,1.69,16,1,14.0,1920,1080,157,0,5,1,12,160,16,0,1,4,1024.0,0,6.0,1,68399.0
6340,9,8027,338,1.32,14,1,13.3,1920,1080,166,0,7,1,8,166,16,0,0,4,1024.0,0,6.0,1,281502.0
6341,16,5411,156,2.1,12,1,15.6,2560,1440,188,0,7,0,24,261,16,0,0,16,1024.0,0,6.0,1,124191.0
6342,0,3929,225,2.7,12,1,15.6,1920,1080,141,0,7,0,9,202,8,0,1,4,1024.0,0,6.0,1,59990.0
6343,9,2387,232,2.32,16,1,16.1,1920,1080,137,0,7,0,24,256,16,0,0,4,1024.0,0,8.0,1,101999.0
6344,15,7412,156,1.8,0,1,15.6,1920,1080,141,0,1,0,4,133,8,0,1,4,1024.0,0,6.0,1,21490.0
6345,2,7163,518,1.26,12,1,14.0,1920,1080,157,1,5,0,8,71,8,0,0,4,1024.0,0,6.0,1,86990.0
6346,9,6539,243,1.38,16,1,14.0,1920,1200,162,0,5,0,12,155,16,0,0,4,1024.0,0,6.0,1,72490.0
6347,15,3157,156,2.2,12,1,15.6,1366,768,100,0,5,0,3,225,8,0,0,2,1024.0,0,5.0,1,69890.0
6348,9,1739,243,1.98,16,1,15.6,1920,1080,141,0,5,0,8,209,8,0,0,4,1024.0,0,9.0,1,69096.0
6349,6,2980,168,1.68,16,1,15.6,1920,1080,141,1,5,0,16,4,8,0,0,4,1024.0,0,6.0,1,64694.0
6350,9,8002,156,0.56,4,1,11.0,2160,1440,236,3,4,1,12,378,8,0,0,4,1024.0,0,6.0,1,39999.0
6351,9,662,243,1.3,12,1,13.3,1920,1080,166,0,5,0,6,166,8,0,0,4,1024.0,0,6.0,1,73990.0
6352,2,5077,311,2.3,16,1,15.6,2560,1440,188,0,9,0,24,265,32,0,0,16,1024.0,0,10.0,1,188000.0
6353,6,3353,166,1.57,15,1,14.0,1920,1080,157,0,5,1,12,241,8,0,0,2,1024.0,0,6.0,1,83990.0
6354,6,3216,166,1.6,16,1,14.1,1920,1080,156,0,7,0,12,155,16,0,0,4,1024.0,0,9.0,1,79990.0
6355,6,1434,168,1.8,12,1,15.6,1920,1080,141,0,7,0,4,6,8,0,0,4,2048.0,0,6.0,1,68990.0
6356,6,631,463,1.17,16,1,13.4,1920,1200,169,0,5,0,12,155,16,0,0,4,1024.0,0,8.0,1,121299.0
6357,2,4689,380,2.2,16,1,15.6,1920,1080,141,0,5,0,12,255,8,0,0,4,1024.0,0,6.0,1,66990.0
6358,16,541,179,2.6,16,1,17.3,1920,1080,127,0,7,0,12,256,16,0,0,4,1024.0,0,6.0,1,93446.0
6359,9,1645,247,2.18,12,1,15.6,1920,1080,141,0,5,0,6,201,8,0,0,4,1024.0,0,6.0,1,80990.0
6360,9,1979,101,1.77,16,1,15.6,1920,1080,141,0,5,1,12,155,16,0,0,4,1024.0,0,6.0,1,74999.0
6361,0,6853,367,1.3,16,1,14.0,2880,1800,243,0,4,0,24,107,16,0,0,4,1024.0,0,6.0,1,95990.0
6362,2,7213,510,1.3,12,1,13.3,1920,1080,166,0,7,1,8,166,8,0,0,4,1024.0,0,6.0,1,85031.0
6363,2,6319,437,1.92,16,1,15.6,1920,1080,141,1,5,0,19,4,16,0,0,4,1024.0,0,6.0,1,68475.0
6364,16,3454,345,2.1,16,1,15.6,1920,1080,141,0,7,0,12,266,16,0,0,6,1024.0,0,6.0,1,119736.0
6365,1,5963,204,1.6,31,1,14.2,3024,1964,254,2,4,0,36,104,16,0,0,4,1024.0,0,6.0,1,233990.0
6366,6,1471,463,2.05,12,1,15.6,3840,2400,290,0,7,0,12,299,16,0,0,4,1024.0,0,6.0,1,199770.0
6367,9,5166,9,1.74,16,1,15.6,1920,1080,141,0,5,0,6,133,8,0,0,4,1024.0,0,6.0,1,41490.0
6368,0,3514,28,1.45,16,1,14.0,1366,768,112,0,2,0,12,168,8,0,0,4,1024.0,0,6.0,1,34780.0
6369,6,4895,156,2.44,16,1,15.6,1920,1080,141,0,7,0,24,256,16,0,0,4,1024.0,0,6.0,1,103990.0
6370,6,1331,168,1.85,12,1,15.6,1920,1080,141,0,3,0,4,160,8,0,0,4,1024.0,0,6.0,1,45294.0
6371,18,7026,156,1.94,15,1,13.0,2880,1920,266,0,5,1,12,155,8,0,0,4,1024.0,0,6.0,1,97990.0
6372,15,561,156,1.7,12,1,14.0,1366,768,112,0,2,0,3,121,4,0,0,4,1024.0,0,6.0,1,28990.0
6373,15,2738,156,2.2,0,1,15.6,1366,768,100,1,4,0,2,2,8,0,0,2,1024.0,0,6.0,1,30227.0
6374,2,4414,433,1.38,16,1,14.0,1920,1080,157,1,5,0,4,4,8,0,1,4,1024.0,0,6.0,1,36990.0
6375,6,2939,168,1.63,16,1,15.6,1920,1080,141,0,5,0,12,241,16,0,0,2,1024.0,0,7.0,1,74530.0
6376,15,6879,156,1.58,16,1,15.6,1920,1080,141,1,3,0,4,13,8,0,0,4,1024.0,0,7.0,1,32990.0
6377,15,3340,156,1.14,12,1,13.3,1920,1080,166,0,7,0,8,166,8,0,0,4,1024.0,0,6.0,1,81700.0
6378,2,7534,427,1.7,16,1,15.6,1920,1080,141,0,5,0,12,155,8,0,0,4,1024.0,0,6.0,1,46990.0
6379,2,6335,458,1.8,16,1,15.6,1920,1080,141,0,7,0,24,155,16,0,0,4,1024.0,0,6.0,1,77990.0
6380,2,6710,443,1.8,16,1,15.6,1920,1080,141,0,7,0,24,155,16,0,0,4,1024.0,0,6.0,1,96000.0
6381,15,2086,180,2.38,16,1,15.6,1920,1080,141,0,5,0,12,112,8,0,0,4,1024.0,0,6.0,1,53490.0
6382,2,7533,427,1.7,16,1,15.6,1920,1080,141,0,5,0,12,155,8,0,0,4,1024.0,0,6.0,1,46990.0
6383,2,5140,305,1.9,16,1,17.3,1920,1080,127,1,7,0,16,259,16,0,0,6,1024.0,0,6.0,1,99990.0
6384,2,4762,375,2.0,12,1,15.6,1920,1080,141,0,7,0,12,261,16,0,0,8,1024.0,0,6.0,1,146990.0
6385,1,5961,204,1.6,31,1,14.2,3024,1964,254,2,4,0,36,160,16,0,0,4,1024.0,0,18.0,1,229990.0
6386,9,8020,338,1.26,14,1,13.3,1920,1080,166,0,7,1,8,166,16,0,0,4,1024.0,0,6.0,1,149490.0
6387,15,7057,402,1.55,14,1,14.0,1920,1080,157,0,5,0,6,160,16,0,0,4,1024.0,0,6.0,1,118195.0
6388,1,5954,204,2.16,31,1,16.2,3456,2234,254,2,4,0,36,103,32,0,0,4,1024.0,0,22.0,1,327990.0
6389,2,6547,48,1.44,3,1,14.0,1920,1080,157,0,3,0,10,160,8,0,0,4,1024.0,0,6.0,1,26990.0
6390,2,4158,106,0.95,12,1,14.0,1920,1080,157,0,5,0,6,160,8,0,0,4,1024.0,0,6.0,1,104990.0
6391,9,3062,277,1.38,12,1,14.0,1366,768,112,0,7,0,12,133,8,0,0,4,1024.0,0,4.0,1,115499.0
6392,2,6454,108,1.6,14,1,14.0,1920,1080,157,0,5,0,6,311,8,0,0,2,1024.0,0,6.0,1,86990.0
6393,16,733,421,2.8,16,1,17.3,2560,1440,170,0,7,0,12,268,32,0,0,8,1024.0,0,6.0,1,195990.0
6394,2,7235,517,1.25,14,1,14.0,1920,1080,157,0,7,0,8,235,8,0,0,2,1024.0,0,9.0,1,93990.0
6395,2,4761,375,2.0,12,1,15.6,1920,1080,141,0,7,0,12,261,16,0,0,8,1024.0,0,6.0,1,146990.0
6396,2,7674,424,1.6,12,1,14.0,1920,1080,157,0,5,0,6,160,8,0,0,4,1024.0,0,6.0,1,47990.0
6397,9,1848,423,2.29,16,1,15.6,1920,1080,141,0,5,0,18,266,16,0,0,6,1024.0,0,6.0,1,103060.0
6398,3,6286,201,1.46,12,1,14.0,1920,1080,157,0,5,0,6,166,8,0,0,4,1024.0,0,10.0,1,55990.0
6399,6,452,168,1.85,16,1,15.6,1920,1080,141,0,3,0,6,160,8,0,0,4,1024.0,0,6.0,1,41490.0
6400,1,5958,204,4.7,31,1,16.2,3456,2234,254,2,4,0,36,101,16,0,0,4,1024.0,0,22.0,1,248490.0
6401,16,4100,287,2.3,16,1,15.6,1920,1080,141,0,7,0,12,267,16,0,0,8,1024.0,0,6.0,1,171000.0
6402,2,6754,458,1.8,12,1,15.6,1920,1080,141,0,5,0,8,239,8,0,0,2,1024.0,0,6.0,1,66990.0
6403,16,5380,156,2.2,0,1,15.6,1920,1080,141,0,7,0,6,313,8,0,0,2,1024.0,0,6.0,1,69227.0
6404,2,6144,436,1.45,16,1,14.0,2880,1800,243,1,4,0,20,256,16,0,0,4,1024.0,0,8.0,1,104990.0
6405,0,6808,362,1.5,12,1,14.0,1366,768,112,0,5,0,3,123,4,0,0,4,1024.0,0,12.0,1,52268.0
6406,9,1696,156,1.9,12,1,15.6,1366,768,100,1,4,0,1,42,4,0,0,4,1024.0,0,6.0,1,24844.0
6407,6,2892,168,1.8,16,1,15.6,1920,1080,141,0,5,0,8,239,16,0,0,2,1024.0,0,7.0,1,72490.0
6408,15,3325,157,1.5,16,1,14.0,1920,1200,162,0,5,1,12,155,8,0,1,4,1024.0,0,9.0,1,73990.0
6409,2,7183,506,1.14,12,1,13.3,1920,1080,166,0,7,0,12,155,16,0,0,4,1024.0,0,6.0,1,84990.0
6410,16,4026,218,1.7,15,1,15.6,1920,1080,141,0,5,0,12,155,16,0,0,4,1024.0,0,6.0,1,47590.0
6411,9,1634,156,1.86,12,1,15.6,1366,768,100,1,4,0,2,10,8,0,0,2,1024.0,0,11.0,1,41990.0
6412,6,2825,460,1.59,16,1,14.0,1920,1080,157,0,5,0,8,238,16,0,0,2,1024.0,0,10.0,1,61948.0
6413,2,5028,303,2.1,16,1,15.6,1920,1080,141,1,7,0,20,255,16,0,0,4,1024.0,0,12.0,1,79999.0
6414,2,7504,427,1.7,16,1,15.6,1920,1080,141,0,5,0,10,155,8,0,0,4,1024.0,0,8.0,1,57900.0
6415,15,1070,488,1.5,12,1,14.0,1920,1080,157,0,7,0,8,317,8,0,0,2,1024.0,0,6.0,1,77990.0
6416,9,1843,423,2.29,16,1,15.6,1920,1080,141,0,7,0,24,256,16,0,0,4,1024.0,0,10.3,1,74990.0
6417,0,3643,30,1.6,12,1,14.0,1920,1080,157,0,5,0,6,317,8,0,0,2,1024.0,0,6.0,1,63262.0
6418,2,5509,300,1.18,16,1,13.4,1920,1200,169,0,7,1,24,255,16,0,0,4,1024.0,0,8.0,1,109990.0
6419,2,6142,436,1.45,16,1,14.0,2880,1800,243,1,4,0,20,255,16,0,0,4,1024.0,0,6.0,1,99990.0
6420,9,8043,249,1.63,12,1,14.0,1920,1080,157,0,7,1,4,195,8,0,0,4,1024.0,0,10.5,1,82990.0
6421,2,7779,427,1.75,12,1,15.6,1920,1080,141,0,7,0,8,237,8,0,0,2,1024.0,0,6.0,1,65990.0
6422,2,5430,323,2.0,16,1,16.0,2560,1600,189,0,7,0,24,259,16,0,0,6,1024.0,0,10.0,1,93990.0
6423,15,3152,471,1.7,12,1,14.0,1920,1080,157,0,5,1,3,129,4,0,0,4,1024.0,0,6.0,1,58990.0
6424,2,5467,299,2.0,15,1,16.0,2560,1600,189,1,7,1,20,259,16,0,0,6,1024.0,0,8.0,1,152946.0
6425,9,1980,101,1.77,16,1,15.6,1920,1080,141,0,5,1,12,155,16,0,0,4,1024.0,0,6.0,1,89900.0
6426,6,2847,460,1.48,16,1,14.0,1920,1080,157,0,5,0,8,160,8,0,1,4,1024.0,0,4.0,1,51299.0
6427,6,2882,168,1.8,12,1,15.6,1920,1080,141,0,3,0,6,160,8,0,0,4,1024.0,0,7.0,1,40699.0
6428,15,7417,156,1.7,0,1,15.6,1920,1080,141,0,3,0,12,160,8,0,0,4,1024.0,0,5.3,1,30840.0
6429,9,2445,423,2.31,16,1,16.1,1920,1080,137,0,5,0,24,266,16,0,0,6,1024.0,0,6.0,1,86261.0
6430,6,4915,156,2.57,16,1,15.6,2560,1440,188,0,7,0,24,259,16,0,0,6,1024.0,0,10.0,1,94990.0
6431,9,1550,245,2.23,12,1,15.6,1920,1080,141,0,7,0,12,255,16,0,0,4,1024.0,0,6.0,1,91990.0
6432,9,1662,243,2.17,12,1,15.6,1920,1080,141,0,5,0,8,201,8,0,0,4,1024.0,0,6.0,1,69990.0
6433,2,4866,518,1.4,16,1,14.0,2880,1800,243,1,5,1,19,4,16,0,0,4,1024.0,0,10.0,1,91990.0
6434,15,7374,156,1.85,0,1,15.6,1920,1080,141,1,3,0,4,4,4,0,0,4,1024.0,0,4.0,1,29990.0
6435,1,5955,204,1.63,31,1,14.2,3024,1964,254,2,4,0,36,103,32,0,0,4,1024.0,0,6.0,1,280494.0
6436,16,580,178,2.25,16,1,15.6,1920,1080,141,0,7,0,12,259,16,0,0,6,1024.0,0,6.0,1,119527.0
6437,2,5148,302,2.85,12,1,17.3,1920,1080,127,0,7,0,12,293,8,0,0,4,1024.0,0,6.0,1,88990.0
6438,9,1660,243,1.85,12,1,15.6,1920,1080,141,0,7,0,8,237,8,0,0,4,1024.0,0,6.0,1,84503.0
6439,2,6343,516,1.1,16,1,13.3,2880,1800,255,1,5,1,16,4,16,0,0,4,1024.0,0,6.0,1,69990.0
6440,16,5395,156,2.2,11,1,15.6,1920,1080,141,0,7,0,6,201,16,0,0,4,1024.0,0,6.0,1,109990.0
6441,6,1436,168,2.2,12,1,15.6,1920,1080,141,0,5,0,6,8,4,0,1,2,2048.0,0,6.0,1,54990.0
6442,2,7658,424,1.6,16,1,14.0,1920,1080,157,0,5,0,8,160,8,0,0,4,1024.0,0,6.0,1,48990.0
6443,9,2469,232,2.39,16,1,16.1,1920,1080,137,0,7,0,33,267,16,0,0,8,1024.0,0,6.0,1,136990.0
6444,6,2894,168,1.85,15,1,15.6,1920,1080,141,0,5,0,8,133,8,0,0,4,1024.0,0,7.0,1,52499.0
6445,0,3532,28,1.78,16,1,15.6,1920,1080,141,1,5,0,4,4,8,0,0,4,1024.0,0,6.0,1,32500.0
6446,9,1559,243,2.29,16,1,15.6,1920,1080,141,0,5,0,12,241,16,0,0,2,1024.0,0,6.0,1,84500.0
6447,15,7391,415,1.7,16,1,15.6,1920,1080,141,0,3,0,6,160,8,0,1,4,1024.0,0,5.5,1,33970.0
6448,8,4943,156,2.18,16,1,15.6,1920,1080,141,0,5,0,12,259,16,0,0,6,1024.0,0,6.0,1,89990.0
6449,15,7421,156,1.7,16,1,15.6,1920,1080,141,0,3,0,12,160,8,0,0,4,1024.0,0,5.0,1,32990.0
6450,9,1718,232,2.24,12,1,15.6,1920,1080,141,0,9,0,16,251,16,0,0,8,1024.0,0,6.0,1,228376.0
6451,16,4025,218,1.7,15,1,15.6,1920,1080,141,0,7,0,12,155,16,0,0,4,1024.0,0,6.0,1,60109.0
6452,6,774,182,1.67,12,1,14.0,1366,768,112,0,5,0,12,160,8,0,0,4,1024.0,0,10.0,1,59990.0
6453,2,5425,323,1.9,12,1,16.0,1920,1200,142,0,7,0,24,256,16,0,1,4,1024.0,0,6.0,1,98999.0
6454,2,5454,298,1.3,16,1,13.4,1920,1200,169,1,7,1,20,4,16,0,0,4,1024.0,0,6.0,1,121990.0
6455,16,6560,156,1.29,12,1,14.0,1920,1080,157,0,5,0,12,155,16,0,0,4,1024.0,0,6.0,1,74990.0
6456,9,2610,5,1.52,14,1,14.0,1366,768,112,1,5,0,3,86,8,0,0,4,1024.0,0,6.0,1,41990.0
6457,6,609,165,1.62,12,1,13.3,1920,1080,166,0,5,1,6,166,8,0,0,4,1024.0,0,6.0,1,69608.0
6458,15,7332,156,1.6,0,1,14.0,1920,1080,157,0,5,0,12,156,8,0,0,4,1024.0,0,6.0,1,35800.0
6459,2,5089,304,2.5,16,1,16.0,1920,1200,142,0,7,0,12,266,16,0,0,6,1024.0,0,6.0,1,115990.0
6460,9,951,243,1.41,16,1,14.0,1920,1080,157,0,7,0,12,155,16,0,0,4,1024.0,0,6.0,1,77999.0
6461,9,1595,232,2.2,12,1,15.6,1920,1080,141,0,7,0,6,202,8,0,0,4,1024.0,0,6.0,1,103245.0
6462,0,3964,225,2.7,12,1,17.3,1920,1080,127,0,7,0,12,293,8,0,0,4,1024.0,0,6.0,1,74990.0
6463,15,3155,471,2.4,12,1,14.0,1920,1080,157,0,3,1,3,200,8,0,0,2,1024.0,0,6.0,1,51990.0
6464,15,7368,156,1.85,12,1,15.6,1920,1080,141,0,3,0,4,160,8,0,0,4,1024.0,0,5.5,1,32850.0
6465,15,4435,402,1.7,12,1,15.6,1920,1080,141,0,7,0,12,240,16,0,0,2,1024.0,0,6.0,1,99990.0
6466,15,4407,402,1.59,16,1,14.0,1920,1080,157,0,7,0,12,155,16,0,1,4,1024.0,0,9.4,1,86000.0
6467,7,3081,413,1.0,16,1,13.3,1920,1080,166,0,5,0,8,155,16,0,0,4,1024.0,0,11.0,1,74590.0
6468,2,7288,514,2.5,12,1,14.0,3840,2160,315,0,9,1,16,318,32,0,0,6,1024.0,0,6.0,1,269990.0
6469,6,2982,168,1.68,16,1,15.6,1920,1080,141,1,3,0,4,4,8,0,0,4,1024.0,0,7.0,1,36690.0
6470,2,4777,114,2.5,0,1,15.6,1920,1080,141,0,5,0,6,201,8,0,0,2,1024.0,0,6.0,1,73990.0
6471,0,3577,28,1.9,12,1,15.6,1920,1080,141,0,5,0,6,309,4,0,0,2,1024.0,0,6.0,1,44789.0
6472,15,4350,402,1.77,12,1,14.0,1920,1080,157,0,3,0,4,168,8,0,0,4,1024.0,0,12.8,1,50999.0
6473,2,856,433,1.38,16,1,14.0,1920,1080,157,1,3,0,4,4,8,0,0,4,1024.0,0,6.0,1,29990.0
6474,15,3163,156,2.2,12,1,15.6,1920,1080,141,0,7,0,8,235,8,0,0,4,2048.0,0,6.0,1,71990.0
6475,2,7496,427,3.0,16,1,15.6,1920,1080,141,0,3,0,12,155,8,0,0,4,1024.0,0,6.0,1,48390.0
6476,15,7327,156,1.6,12,1,14.0,1920,1080,157,0,5,0,8,155,8,0,0,4,1024.0,0,5.5,1,35499.0
6477,15,719,472,1.3,16,1,13.3,1920,1200,170,1,5,1,16,4,16,0,1,4,1024.0,0,12.0,1,75390.0
6478,16,5389,156,2.4,12,1,15.6,1920,1080,141,0,7,0,12,249,16,0,0,6,1024.0,0,6.0,1,144990.0
6479,2,7673,424,1.6,16,1,14.0,1920,1080,157,0,5,0,6,160,16,0,0,4,1024.0,0,6.0,1,49490.0
6480,0,3981,227,2.1,16,1,15.6,1920,1080,141,0,5,0,12,255,16,0,0,6,1024.0,0,6.0,1,79990.0
6481,9,8116,74,2.04,12,1,15.6,1920,1080,141,1,5,1,12,86,8,0,0,4,1024.0,0,6.0,1,135008.0
6482,0,5909,26,1.59,16,1,15.6,1920,1080,141,0,5,0,12,155,16,0,0,4,1024.0,0,6.0,1,42900.0
6483,2,4569,432,2.14,12,1,15.6,1920,1080,141,0,5,0,8,209,8,0,0,4,1024.0,0,6.0,1,57990.0
6484,15,7388,156,1.7,12,1,15.6,1920,1080,141,0,3,0,6,160,4,0,0,4,1024.0,0,6.0,1,33990.0
6485,6,3295,156,1.85,16,1,16.0,1920,1080,138,0,5,0,12,155,16,0,0,4,1024.0,0,8.0,1,61390.0
6486,15,4349,402,1.69,12,1,14.0,1920,1080,157,0,3,0,4,160,4,0,0,4,1024.0,0,6.0,1,38490.0
6487,0,6493,255,2.3,16,1,15.6,1920,1080,141,0,9,0,16,259,16,0,0,6,1024.0,0,6.0,1,134999.0
6488,15,2801,156,2.2,12,1,15.6,1920,1080,141,0,7,0,9,201,8,0,1,4,1024.0,0,8.0,1,72533.0
6489,6,844,166,2.2,12,1,14.0,1920,1080,157,0,3,1,4,234,8,0,0,2,1024.0,0,6.0,1,45990.0
6490,6,4905,156,2.55,16,1,15.6,1920,1080,141,1,7,0,12,259,16,0,0,6,1024.0,0,6.0,1,104990.0
6491,15,7376,156,1.85,0,1,15.6,1366,768,100,1,4,0,4,4,4,0,0,4,1024.0,0,6.0,1,30000.0
6492,16,3430,59,2.26,16,1,16.0,2560,1660,191,0,7,0,12,256,16,0,0,4,1024.0,0,6.0,1,83500.0
6493,6,836,166,1.5,12,1,14.0,1920,1080,157,0,5,1,8,239,16,0,0,2,1024.0,0,6.0,1,81890.0
6494,15,879,385,1.5,0,1,14.0,1920,1080,157,0,3,0,4,160,4,0,0,4,1024.0,0,9.0,1,38999.0
6495,0,4555,26,2.3,12,1,15.6,1920,1080,141,0,5,0,3,195,8,0,0,4,2048.0,0,6.5,1,63999.0
6496,9,1227,156,1.46,12,1,14.0,1920,1080,157,0,7,0,12,154,8,0,0,4,1024.0,0,6.0,1,72999.0
6497,6,2895,168,1.8,16,1,15.6,1920,1080,141,0,5,0,12,239,8,0,0,2,1024.0,0,5.0,1,58990.0
6498,15,7370,156,1.85,12,1,15.6,1920,1080,141,0,3,0,4,160,4,0,0,4,1024.0,0,6.0,1,32870.0
6499,15,124,475,1.4,12,1,14.0,1920,1080,157,0,5,0,8,155,8,0,0,4,1024.0,0,6.0,1,79990.0
6500,0,3735,30,1.78,16,1,15.6,1920,1080,141,0,3,0,12,160,8,0,0,4,1024.0,0,6.0,1,35490.0
6501,2,7166,518,1.22,12,1,14.0,1920,1080,157,1,7,0,8,4,16,0,0,4,1024.0,0,6.0,1,69990.0
6502,4,4209,96,2.2,10,1,11.6,1920,1080,190,0,1,0,4,169,4,0,0,4,1024.0,0,6.0,1,18463.0
6503,9,2440,232,2.35,16,1,16.1,1920,1080,137,1,7,0,16,255,16,0,0,4,1024.0,0,11.45,1,86390.0
6504,2,7197,506,1.19,12,1,13.3,1920,1080,166,0,5,0,6,313,8,0,0,2,1024.0,0,14.0,1,79990.0
6505,18,7029,156,1.0,16,1,13.0,1600,1200,154,0,5,1,12,133,8,0,0,4,1024.0,0,15.5,1,113990.0
6506,2,4682,374,2.2,12,1,15.6,1920,1080,141,0,7,0,9,206,16,0,0,6,1024.0,0,6.0,1,119990.0
6507,9,8037,338,1.36,16,1,13.5,3000,2000,267,0,7,1,12,155,16,0,0,4,1024.0,0,13.3,1,132990.0
6508,2,2530,447,1.8,16,1,16.0,1920,1200,142,0,5,0,12,248,8,0,1,4,1024.0,0,6.0,1,61990.0
6509,0,3562,28,1.7,17,1,15.6,1920,1080,141,0,3,0,12,160,8,0,0,4,1024.0,0,6.0,1,32999.0
6510,6,2908,168,1.85,16,1,15.6,1920,1080,141,0,5,0,8,160,8,0,0,4,1024.0,0,6.0,1,47990.0
6511,1,6017,204,2.65,30,1,14.2,3072,1920,255,3,4,0,20,94,18,0,0,4,1024.0,0,18.0,1,289900.0
6512,2,7190,506,1.19,12,1,13.3,1920,1080,166,0,5,0,6,166,8,0,0,4,1024.0,0,14.0,1,69990.0
6513,1,5996,204,1.55,30,1,14.0,3024,1964,258,3,4,0,20,160,8,0,0,4,1024.0,0,22.0,1,289900.0
6514,9,2633,9,1.74,12,1,15.6,1366,768,100,0,3,0,4,160,4,0,0,4,1024.0,0,5.0,1,43499.0
6515,6,824,166,1.4,12,1,14.0,1920,1080,157,0,7,0,12,239,8,0,0,2,1024.0,0,6.0,1,77850.0
6516,16,5339,156,1.86,12,1,15.6,1920,1080,141,0,5,0,8,298,8,0,0,4,1024.0,0,6.0,1,82990.0
6517,6,850,166,1.35,12,1,14.0,2560,1600,216,0,5,0,8,239,16,0,0,2,1024.0,0,8.0,1,89790.0
6518,0,4499,32,2.23,12,1,15.6,1920,1080,141,1,4,0,2,44,4,0,0,4,1024.0,0,6.0,1,30990.0
6519,15,5681,472,1.37,16,1,13.3,1920,1200,170,1,7,1,8,24,16,0,0,4,1024.0,0,13.0,1,77990.0
6520,15,3169,479,1.7,12,1,14.0,1920,1080,157,0,3,0,4,166,4,0,0,4,1024.0,0,10.0,1,45282.0
6521,6,2951,168,1.65,16,1,15.6,1920,1080,141,0,3,0,10,160,8,0,0,4,1024.0,0,7.0,1,42999.0
6522,6,3181,165,1.25,16,1,13.3,1920,1080,166,0,7,0,18,160,16,0,0,4,1024.0,0,7.0,1,89990.0
6523,0,4009,40,1.5,16,1,14.0,1920,1080,157,0,5,0,12,155,16,0,0,4,1024.0,0,6.0,1,50990.0
6524,9,1644,247,2.18,12,1,15.6,1920,1080,141,0,7,0,6,201,8,0,0,4,1024.0,0,6.0,1,95257.0
6525,2,5432,323,2.0,16,1,16.0,2560,1600,189,0,9,0,24,262,32,0,0,8,1024.0,0,10.0,1,241990.0
6526,2,5249,318,1.6,12,1,14.0,1920,1080,157,1,7,0,16,255,8,0,0,4,1024.0,0,12.0,1,108990.0
6527,9,2320,156,1.7,16,1,15.6,1920,1080,141,0,3,0,6,160,8,0,0,4,1024.0,0,9.15,1,35699.0
6528,2,5197,306,3.0,16,1,18.0,1920,1200,126,0,7,0,24,267,16,0,0,8,1024.0,0,6.0,1,179990.0
6529,6,1412,168,1.6,12,1,15.6,1920,1080,141,0,7,0,12,238,8,0,0,2,1024.0,0,7.0,1,80250.0
6530,2,7215,524,1.3,12,1,13.3,1920,1080,166,0,5,0,8,155,8,0,0,4,1024.0,0,6.0,1,79988.0
6531,15,5668,475,1.42,16,1,14.0,2880,1800,243,0,7,1,18,155,16,0,0,4,1024.0,0,10.0,1,109990.0
6532,15,3389,189,2.25,12,1,15.6,1920,1080,141,0,7,0,16,253,16,0,0,8,1024.0,0,6.0,1,121590.0
6533,6,600,181,1.24,14,1,13.3,1366,768,118,0,5,0,12,160,8,0,0,4,1024.0,0,6.0,1,74750.0
6534,6,842,460,1.67,12,1,14.0,1920,1080,157,0,5,0,6,8,8,0,0,4,1024.0,0,6.0,1,74529.0
6535,9,8019,338,1.26,14,1,13.3,1920,1080,166,0,5,1,6,166,8,0,0,4,1024.0,0,6.0,1,119490.0
6536,6,4918,156,2.51,15,1,15.6,1920,1080,141,1,7,0,16,255,16,0,0,4,1024.0,0,7.0,1,81990.0
6537,1,5918,204,2.2,26,1,16.2,3456,2234,254,2,4,0,28,99,32,0,0,4,1024.0,0,21.0,1,308990.0
6538,16,4054,174,2.25,16,1,15.6,1920,1080,141,0,7,0,12,255,16,0,0,6,1024.0,0,6.0,1,91990.0
6539,6,4926,156,3.31,16,1,15.6,1920,1080,141,0,5,0,20,255,8,0,0,6,1024.0,0,5.0,1,66990.0
6540,2,4867,518,1.4,16,1,14.0,2880,1800,243,1,7,1,20,4,16,0,0,4,1024.0,0,10.0,1,112990.0
6541,16,4075,175,2.6,16,1,17.3,2560,1440,170,0,7,0,12,268,16,0,0,8,1024.0,0,6.0,1,124990.0
6542,6,3357,166,1.57,16,1,14.0,1920,1200,162,0,7,1,12,241,16,0,0,2,1024.0,0,8.0,1,103990.0
6543,2,4583,377,2.3,16,1,15.6,1920,1080,141,1,7,0,8,255,8,0,0,4,1024.0,0,6.0,1,69999.0
6544,6,1304,168,1.83,12,1,15.6,1920,1080,141,0,3,0,6,160,4,0,0,4,1024.0,0,7.0,1,44894.0
6545,9,961,98,1.49,12,1,14.0,1920,1080,157,0,7,0,12,214,16,0,0,4,1024.0,0,6.0,1,78990.0
6546,16,6570,156,2.25,12,1,15.6,1920,1080,141,0,7,0,24,256,16,0,0,4,1024.0,0,6.0,1,108990.0
6547,2,7458,424,1.5,15,1,14.0,1920,1080,157,0,5,0,12,155,16,0,0,4,1024.0,0,6.0,1,59990.0
6548,15,4393,402,1.59,16,1,14.0,1920,1080,157,0,7,0,12,155,16,0,1,4,1024.0,0,9.4,1,91000.0
6549,15,6882,156,1.6,16,1,15.6,1920,1080,141,1,3,0,4,24,8,0,0,4,1024.0,0,9.5,1,32990.0
6550,15,5519,156,2.2,12,1,15.6,1920,1080,141,1,7,0,12,297,8,0,0,4,1024.0,0,6.7,1,70990.0
6551,0,3305,26,1.9,12,1,15.6,1920,1080,141,0,5,0,6,160,8,0,0,4,1024.0,0,6.0,1,68990.0
6552,15,4370,402,1.69,12,1,14.0,1920,1080,157,0,7,0,8,76,16,0,0,2,1024.0,0,6.0,1,89990.0
6553,6,623,463,1.2,12,1,13.3,1920,1080,166,0,5,1,8,155,8,0,0,4,1024.0,0,6.0,1,109606.0
6554,2,7198,506,1.19,12,1,13.3,1920,1080,166,0,7,0,8,313,8,0,0,2,1024.0,0,14.0,1,89990.0
6555,15,4229,156,1.65,12,1,14.0,1920,1080,157,0,3,1,4,166,4,0,0,4,1024.0,0,10.5,1,44990.0
6556,9,1653,232,2.57,11,1,15.6,1920,1080,141,0,5,0,6,206,8,0,0,6,1024.0,0,6.0,1,99990.0
6557,6,4925,168,2.65,16,1,15.6,1920,1080,141,0,5,0,12,255,8,0,0,6,1024.0,0,6.0,1,71499.0
6558,15,6946,189,2.4,16,1,16.0,2560,1600,189,1,7,0,16,267,16,0,0,8,1024.0,0,9.7,1,112190.0
6559,9,1890,423,2.29,16,1,15.6,1920,1080,141,1,5,0,16,256,8,0,0,4,1024.0,0,6.0,1,63900.0
6560,2,5039,303,2.3,16,1,15.6,2560,1440,188,1,4,0,20,264,16,0,0,8,1024.0,0,6.0,1,187990.0
6561,2,6379,427,1.7,16,1,15.6,1920,1080,141,0,5,0,18,155,16,0,0,4,1024.0,0,8.0,1,74990.0
6562,9,1647,247,2.12,12,1,15.6,1920,1080,141,0,5,0,6,201,8,0,0,4,1024.0,0,6.0,1,73990.0
6563,6,4904,156,2.57,16,1,15.6,1920,1080,141,1,7,0,16,255,16,0,0,4,1024.0,0,10.0,1,82990.0
6564,15,2494,191,2.49,16,1,16.0,2560,1600,189,0,7,0,24,262,32,0,1,8,1024.0,0,4.0,1,279890.0
6565,0,3878,225,2.7,7,1,15.6,1920,1080,141,0,7,0,8,235,8,0,0,2,1024.0,0,6.0,1,66185.0
6566,0,3769,31,2.1,16,1,15.6,1920,1080,141,0,5,0,12,255,16,0,0,4,1024.0,0,6.0,1,89999.0
6567,0,6869,340,2.15,12,1,15.6,1366,768,100,0,3,1,3,123,4,0,0,4,1024.0,0,9.0,1,34990.0
6568,9,663,98,1.2,12,1,13.3,1920,1080,166,0,5,1,6,237,8,0,1,2,1024.0,0,6.0,1,79990.0
6569,9,5161,5,1.74,16,1,14.0,1366,768,112,1,3,0,12,1,4,0,0,4,1024.0,0,5.0,1,24999.0
6570,15,4483,156,1.59,0,1,14.0,1366,768,112,1,4,0,12,4,4,0,0,4,1024.0,0,11.0,1,17990.0
6571,9,1652,232,2.57,11,1,15.6,1920,1080,141,0,7,0,6,201,16,0,0,4,1024.0,0,6.0,1,119990.0
6572,6,3195,166,1.5,16,1,14.0,1920,1080,157,0,5,0,8,239,16,0,0,2,1024.0,0,6.0,1,83990.0
6573,15,1118,488,1.36,12,1,14.0,1920,1080,157,0,5,0,8,155,16,0,0,4,1024.0,0,14.0,1,84990.0
6574,0,4548,110,1.7,16,1,15.6,1920,1080,141,0,3,0,12,160,8,0,0,4,1024.0,0,6.0,1,28999.0
6575,9,5201,13,1.6,16,1,15.6,1366,768,100,1,4,0,12,23,4,0,0,4,1024.0,0,8.0,1,23900.0
6576,6,2985,168,1.68,16,1,15.6,1920,1080,141,1,5,0,16,4,8,0,0,4,1024.0,0,7.0,1,62929.0
6577,15,1038,473,1.49,16,1,14.0,1920,1200,162,1,7,1,12,133,16,0,0,4,1024.0,0,12.5,1,99490.0
6578,15,5678,191,2.4,16,1,16.0,2560,1600,189,1,7,0,16,261,32,0,0,8,1024.0,0,9.0,1,172791.0
6579,16,590,420,2.9,16,1,17.3,1920,1080,127,0,7,0,12,262,16,0,0,8,1024.0,0,6.0,1,143900.0
6580,2,4868,518,1.4,16,1,14.0,2880,1800,243,1,4,1,20,24,16,0,0,4,1024.0,0,10.0,1,134990.0
6581,16,566,178,2.25,16,1,15.6,1920,1080,141,0,5,0,12,255,16,0,0,4,1024.0,0,6.0,1,75990.0
6582,16,4134,44,2.35,16,1,15.6,1920,1080,141,1,7,0,12,78,16,0,0,4,1024.0,0,6.0,1,75990.0
6583,15,1488,385,1.7,12,1,15.0,1920,1080,147,0,7,0,12,155,16,0,0,4,1024.0,0,6.0,1,140131.0
6584,15,5677,191,2.4,16,1,16.0,2560,1600,189,1,7,0,16,259,16,0,0,6,1024.0,0,9.0,1,109809.0
6585,0,3737,30,1.78,16,1,15.6,1920,1080,141,0,3,0,12,160,8,0,0,4,1024.0,0,6.0,1,37990.0
6586,9,2393,232,2.32,16,1,16.1,1920,1080,137,1,7,0,16,61,16,0,0,8,1024.0,0,9.0,1,86990.0
6587,2,5160,313,2.9,16,1,17.3,2560,1440,170,0,9,0,24,262,32,0,0,8,1024.0,0,6.0,1,234990.0
6588,6,2926,168,1.8,16,1,15.6,1920,1080,141,1,3,0,4,4,8,0,0,4,1024.0,0,7.0,1,37372.0
6589,6,3251,168,1.64,16,1,15.6,1920,1080,141,1,5,0,8,4,8,0,0,4,1024.0,0,10.0,1,56590.0
6590,6,1416,168,1.65,12,1,15.6,1920,1080,141,0,5,0,8,240,16,0,0,2,1024.0,0,8.0,1,62499.0
6591,0,6833,363,1.0,12,1,14.0,1920,1080,157,0,5,0,6,166,8,0,0,4,1024.0,0,8.0,1,77898.0
6592,2,7194,506,1.27,12,1,13.3,1920,1080,166,0,5,0,6,166,8,0,0,4,1024.0,0,14.0,1,98990.0
6593,16,572,178,2.6,16,1,15.6,1920,1080,141,0,5,0,12,255,16,0,0,4,1024.0,0,6.0,1,54990.0
6594,0,4549,110,1.7,16,1,15.6,1920,1080,141,0,3,0,12,160,8,0,0,4,1024.0,0,6.0,1,35424.0
6595,9,2626,156,1.78,14,1,15.6,1366,768,100,0,5,0,6,160,8,0,0,4,1024.0,0,6.0,1,56396.0
6596,9,2193,156,1.86,12,1,15.6,1366,768,100,0,5,0,6,166,8,0,0,4,1024.0,0,4.0,1,54291.0
6597,6,7450,19,1.84,16,1,14.0,1920,1080,157,0,7,0,24,259,32,0,0,6,1024.0,0,6.0,1,263986.0
6598,9,2431,423,2.46,16,1,16.1,1920,1080,137,1,7,0,16,54,8,0,0,4,1024.0,0,6.0,1,84420.0
6599,15,7345,156,3.0,12,1,14.0,1920,1080,157,0,5,0,6,168,4,0,0,4,1024.0,0,6.0,1,48499.0
6600,2,4303,49,1.65,3,1,14.0,1920,1080,157,0,3,1,6,168,8,0,0,4,1024.0,0,6.0,1,49990.0
6601,16,4015,25,1.9,16,1,15.6,1920,1080,141,1,5,0,12,61,16,0,0,8,1024.0,0,6.0,1,96800.0
6602,15,7336,156,1.92,11,1,14.0,1920,1080,157,0,3,0,12,133,8,0,0,4,1024.0,0,6.0,1,43000.0
6603,15,7051,402,2.87,11,1,15.6,1920,1080,141,0,7,0,24,261,16,0,0,8,1024.0,0,6.0,1,125000.0
6604,2,5458,298,1.3,16,1,13.4,3840,2400,338,1,7,1,20,256,32,0,0,4,1024.0,0,6.0,1,179990.0
6605,15,5862,402,1.4,11,1,13.3,1920,1080,166,0,5,0,12,155,16,0,0,4,1024.0,0,6.0,1,96999.0
6606,15,7050,402,2.2,15,1,15.6,1920,1080,141,0,7,0,12,209,16,0,0,4,1024.0,0,6.0,1,219000.0
6607,15,5874,402,2.2,15,1,14.0,1920,1080,157,0,5,0,12,168,16,0,0,4,1024.0,0,8.0,1,79990.0
6608,15,741,385,1.3,0,1,13.3,2560,1600,227,0,7,0,12,156,16,0,0,4,1024.0,0,6.0,1,95990.0
6609,9,8009,94,2.2,11,1,13.3,1920,1080,166,0,7,1,12,168,16,0,0,4,1024.0,0,4.0,1,135990.0
6610,15,2668,156,2.2,12,1,15.6,1920,1080,141,1,5,0,12,24,8,0,0,4,1024.0,0,4.0,1,49500.0
6611,15,1489,385,1.92,11,1,15.6,1920,1080,141,0,5,0,12,133,8,0,0,4,1024.0,0,6.0,1,69450.0
6612,0,4010,40,1.8,16,1,15.6,1920,1080,141,0,5,0,8,155,16,0,0,4,1024.0,0,10.0,1,61920.0
6613,0,466,340,2.2,16,1,14.0,1920,1080,157,0,5,1,12,156,16,0,0,4,1024.0,0,6.0,1,84990.0
6614,16,592,332,2.9,16,1,17.3,3840,2160,255,0,9,0,12,265,32,0,0,16,1024.0,0,6.0,1,305871.0
6615,0,465,341,2.2,16,1,14.0,2560,1600,216,0,7,1,12,156,16,0,0,4,1024.0,0,6.0,1,129990.0
6616,15,7048,402,1.53,15,1,14.0,1920,1080,157,0,7,0,12,155,16,0,0,4,1024.0,0,10.7,1,156999.0
6617,15,878,385,1.45,11,1,14.0,1920,1080,157,0,5,0,12,133,16,0,0,4,1024.0,0,6.0,1,86999.0
6618,16,3422,59,2.26,12,1,16.0,2560,1600,189,0,7,0,12,256,16,0,0,4,1024.0,0,6.0,1,129990.0
6619,9,4836,494,1.98,12,1,15.6,1920,1080,141,0,7,1,12,280,16,0,0,4,1024.0,0,4.0,1,174676.0
6620,15,137,472,1.32,12,1,13.3,1920,1080,166,1,5,1,8,4,8,0,0,4,1024.0,0,12.0,1,85999.0
6621,2,4766,375,2.2,16,1,15.6,1920,1080,141,0,5,0,12,255,16,0,0,4,1024.0,0,3.0,1,90949.0
6622,6,629,463,1.17,16,1,13.4,1920,1080,164,0,5,0,12,155,16,0,0,4,1024.0,0,6.0,1,103600.0
6623,6,4919,156,2.51,16,1,15.6,1920,1080,141,1,7,0,16,256,16,0,0,4,1024.0,0,7.0,1,105990.0
6624,6,3182,165,1.59,15,1,13.3,2560,1600,227,0,7,0,18,133,16,0,0,4,1024.0,0,7.0,1,93990.0
6625,2,5719,276,2.4,16,1,16.0,3840,2400,283,0,9,0,24,259,16,0,0,6,1024.0,0,10.0,1,219990.0
6626,6,3280,460,1.91,16,1,16.0,1920,1200,142,0,5,0,12,155,16,0,0,4,1024.0,0,8.0,1,75990.0
6627,2,7667,424,2.2,16,1,14.0,1366,768,112,0,3,0,4,160,8,0,0,4,1024.0,0,6.0,1,31990.0
6628,9,2354,156,2.21,16,1,15.6,1920,1080,141,0,5,0,12,155,8,0,0,4,1024.0,0,9.15,1,45890.0
6629,2,7663,424,1.6,16,1,14.1,1920,1080,156,0,5,0,20,238,8,0,0,2,1024.0,0,6.0,1,56150.0
6630,2,4714,380,2.2,16,1,15.6,1920,1080,141,0,5,0,12,209,8,0,0,4,1024.0,0,6.0,1,51999.0
6631,15,5593,385,2.2,16,1,14.0,1920,1080,157,0,5,0,8,155,8,0,0,4,1024.0,0,6.0,1,79249.0
6632,0,3649,30,1.55,16,1,14.0,1920,1080,157,0,5,0,8,155,8,0,0,4,1024.0,0,11.5,1,47990.0
6633,6,640,463,1.24,18,1,13.4,3840,2400,338,0,7,1,18,155,16,0,0,4,1024.0,0,6.0,1,180403.0
6634,13,2583,532,2.5,16,1,17.0,2560,1600,178,0,5,0,12,155,8,0,0,4,1024.0,0,6.0,1,106002.0
6635,13,1158,532,1.9,16,1,14.0,1920,1200,162,0,5,0,12,155,8,0,0,4,1024.0,0,6.0,1,92642.0
6636,16,3421,360,2.0,11,1,16.0,2560,1600,189,0,7,1,12,255,16,0,0,4,1024.0,0,6.0,1,125150.0
6637,2,7264,522,1.62,16,1,14.0,1920,1080,157,0,7,1,12,240,16,0,0,2,1024.0,0,6.0,1,104990.0
6638,2,5455,298,1.3,16,1,13.4,1920,1200,169,1,7,0,20,255,16,0,0,8,1024.0,0,6.0,1,138313.0
6639,2,5459,298,1.3,16,1,13.4,3840,2400,338,1,7,1,20,256,32,0,0,4,1024.0,0,6.0,1,163112.0
6640,16,544,124,2.45,11,1,17.3,2560,1440,170,0,7,0,12,259,16,0,0,6,1024.0,0,6.0,1,165990.0
6641,2,5446,298,1.3,12,1,13.4,3840,2400,338,1,4,1,20,209,32,0,0,4,1024.0,0,6.0,1,128900.0
6642,16,564,178,2.25,15,1,15.6,1920,1080,141,0,7,0,12,255,8,0,0,4,1024.0,0,6.0,1,104990.0
6643,2,5481,325,3.5,12,1,15.6,1920,1080,141,0,7,0,16,251,32,0,0,8,1024.0,0,6.0,1,195000.0
6644,2,5502,326,3.5,12,1,17.3,1920,1080,127,0,7,0,16,251,32,0,0,8,1024.0,0,6.0,1,199990.0
6645,9,6552,494,1.89,14,1,15.6,1920,1080,141,0,9,1,12,356,32,0,0,4,1024.0,0,12.0,1,221499.0
6646,2,5036,303,2.3,16,1,15.6,2560,1440,188,1,4,0,20,259,8,0,0,6,1024.0,0,6.0,1,194990.0
6647,6,4894,156,2.65,16,1,15.6,1920,1080,141,0,7,0,24,259,16,0,0,6,1024.0,0,10.0,1,119990.0
6648,2,5040,303,2.3,16,1,15.6,2560,1440,188,1,4,0,20,262,16,0,0,8,1024.0,0,6.0,1,134990.0
6649,2,5032,303,2.3,16,1,15.6,1920,1080,141,1,4,0,20,259,8,0,0,6,1024.0,0,6.0,1,185990.0
6650,0,3888,225,2.3,12,1,15.6,1920,1080,141,1,5,0,11,209,8,0,0,4,256.0,0,6.0,1,54999.0
6651,15,4382,402,1.69,0,1,14.0,1920,1080,157,0,3,0,12,133,8,0,0,4,1024.0,0,6.0,1,50000.0
6652,2,5452,298,1.3,12,1,13.4,1920,1200,169,1,4,1,20,209,32,0,0,4,1024.0,0,10.0,1,129990.0
6653,0,3670,30,1.76,12,1,15.6,1920,1080,141,1,7,0,12,4,8,0,0,4,1024.0,0,13.5,1,53999.0
6654,15,4383,402,1.59,0,1,14.0,1920,1080,157,0,3,0,12,160,4,0,0,4,1024.0,0,6.0,1,44499.0
6655,0,3947,225,2.2,16,1,15.6,1920,1080,141,0,5,0,12,255,8,0,0,4,1024.0,0,6.0,1,79999.0
6656,15,6434,402,1.78,14,1,15.6,1920,1080,141,0,7,0,12,155,16,0,0,4,1024.0,0,9.3,1,109990.0
6657,0,6861,371,1.39,16,1,14.0,1920,1080,157,1,5,0,12,255,16,0,0,4,1024.0,0,14.0,1,86490.0
6658,0,6862,371,1.9,16,1,16.1,1920,1080,137,0,5,0,12,255,16,0,0,4,1024.0,0,11.0,1,98999.0
6659,9,6550,494,1.89,14,1,15.6,1920,1080,141,0,7,0,24,341,32,0,0,4,1024.0,0,12.0,1,247900.0
6660,0,3671,30,1.81,16,1,15.6,1920,1080,141,1,3,0,12,84,4,0,0,4,1024.0,0,6.0,1,32990.0
6661,6,1475,463,2.1,16,1,15.6,3840,2160,282,0,7,0,24,256,32,0,0,4,1024.0,0,6.0,1,249990.0
6662,16,4061,65,2.47,16,1,15.6,2560,1440,188,0,7,0,12,261,16,0,0,8,1024.0,0,6.0,1,173990.0
6663,3,6289,18,1.5,12,1,14.0,1920,1080,157,0,7,0,6,171,16,0,0,4,1024.0,0,10.0,1,132590.0
6664,6,3209,166,1.54,16,1,14.0,1920,1080,157,1,5,0,16,4,8,0,0,4,1024.0,0,6.0,1,57490.0
6665,2,4797,380,2.2,16,1,15.6,1920,1080,141,0,7,0,12,256,16,0,0,4,1024.0,0,6.0,1,94999.0
6666,2,4241,156,1.34,4,1,14.0,1920,1080,157,0,1,0,12,133,4,0,0,4,1024.0,0,6.0,1,41152.0
6667,6,4902,156,2.5,12,1,15.6,1920,1080,141,1,5,0,16,255,8,0,0,4,1024.0,0,10.0,1,70990.0
6668,9,1556,156,1.74,16,1,15.6,1920,1080,141,0,5,0,12,155,16,0,0,4,1024.0,0,6.0,1,69900.0
6669,2,5038,303,1.92,16,1,15.6,1920,1080,141,1,7,0,20,259,16,0,0,6,1024.0,0,6.0,1,152001.0
6670,16,578,179,2.6,16,1,17.3,1920,1080,127,0,7,0,12,259,16,0,0,6,1024.0,0,6.0,1,139699.0
6671,2,7859,375,2.0,12,1,15.6,1920,1080,141,0,5,0,12,333,8,0,0,4,1024.0,0,6.0,1,55990.0
6672,15,5559,156,2.2,12,1,15.6,1920,1080,141,1,5,0,8,209,8,0,0,4,1024.0,0,6.0,1,67399.0
6673,9,2388,232,2.32,16,1,16.1,1920,1080,137,0,7,0,24,256,16,0,0,4,1024.0,0,6.0,1,109990.0
6674,2,557,156,1.05,12,1,11.6,1366,768,135,0,1,0,12,161,4,0,0,4,1024.0,0,4.0,1,20990.0
6675,9,6553,156,1.89,12,1,15.6,1920,1080,141,0,9,0,12,179,32,0,0,4,1024.0,0,12.0,1,254490.0
6676,6,622,463,1.16,16,1,13.4,1920,1080,164,0,5,0,8,155,16,0,0,4,1024.0,0,13.0,1,115790.0
6677,9,8010,94,1.21,11,1,13.3,3840,2160,331,0,5,1,8,155,16,0,0,4,1024.0,0,6.0,1,184148.0
6678,6,7993,19,2.27,15,1,15.6,1920,1080,141,0,7,0,24,259,16,0,0,6,1024.0,0,6.0,1,246990.0
6679,2,6145,438,1.95,12,1,16.0,3840,2400,283,1,4,0,20,255,16,0,0,4,1024.0,0,6.0,1,124990.0
6680,9,5165,0,1.47,11,1,14.0,1920,1080,157,0,3,0,12,160,8,0,0,4,1024.0,0,6.0,1,52999.0
6681,13,2550,532,1.19,16,1,16.0,2560,1600,189,0,5,0,12,155,8,0,0,4,1024.0,0,6.0,1,86990.0
6682,2,7250,518,1.29,12,1,14.0,1920,1080,157,0,7,0,12,240,16,0,0,2,1024.0,0,6.0,1,104990.0
6683,15,7431,156,1.85,0,1,15.6,1920,1080,141,0,1,0,4,160,4,0,0,4,1024.0,0,6.0,1,31490.0
6684,13,1156,532,0.99,16,1,14.0,1920,1080,157,0,5,0,8,155,8,0,0,4,1024.0,0,6.0,1,76990.0
6685,9,3064,277,2.2,14,1,14.0,1366,768,112,0,5,0,8,155,8,0,0,4,1024.0,0,6.0,1,59391.0
6686,15,7425,156,1.7,0,1,15.0,1920,1080,147,0,3,0,6,160,4,0,0,4,1024.0,0,6.0,1,33500.0
6687,6,766,460,1.58,12,1,14.0,1920,1080,157,0,3,0,6,160,4,0,0,4,1024.0,0,6.0,1,40990.0
6688,15,7389,156,1.7,12,1,15.6,1920,1080,141,0,3,0,6,160,4,0,0,4,1024.0,0,6.0,1,29000.0
6689,2,5072,311,2.3,12,1,15.6,2560,1440,188,1,4,0,16,264,16,0,0,8,1024.0,0,6.0,1,259990.0
6690,15,7331,156,1.7,14,1,15.0,1920,1080,147,0,3,0,6,160,4,0,0,4,1024.0,0,6.0,1,32990.0
6691,6,805,460,1.66,12,1,14.0,1366,768,112,0,3,0,4,160,4,0,0,4,1024.0,0,6.0,1,32490.0
6692,15,5565,156,2.25,12,1,15.6,1920,1080,141,0,5,0,8,259,8,0,0,4,1024.0,0,6.0,1,59990.0
6693,0,3652,30,1.45,16,1,14.0,1920,1080,157,0,5,0,8,155,8,0,0,4,1024.0,0,6.0,1,42500.0
6694,9,1758,245,1.98,12,1,15.6,1920,1080,141,1,5,0,8,212,8,0,0,4,1024.0,0,6.0,1,82899.0
6695,2,7801,427,1.6,12,1,15.6,1920,1080,141,0,5,0,8,155,8,0,0,4,1024.0,0,6.0,1,57890.0
6696,2,5442,298,1.3,12,1,13.4,1920,1200,169,1,4,0,16,255,16,0,0,4,1024.0,0,6.0,1,132990.0
6697,15,7369,156,1.85,12,1,15.6,1920,1080,141,0,3,0,4,160,4,0,0,4,1024.0,0,6.0,1,34999.0
6698,2,5233,318,1.6,12,1,14.0,2560,1440,210,1,7,0,8,209,8,0,0,4,1024.0,0,6.0,1,74990.0
6699,0,6860,371,1.39,12,1,14.0,1920,1080,157,1,5,0,12,255,16,0,0,4,1024.0,0,6.0,1,54999.0
6700,15,4433,402,1.7,12,1,15.6,1920,1080,141,0,7,0,12,240,32,0,0,2,1024.0,0,6.0,1,107819.0
6701,6,624,463,1.27,12,1,13.4,3456,2160,304,0,7,1,12,155,16,0,0,4,1024.0,0,19.0,1,46156.0
6702,15,6891,156,1.5,12,1,14.0,1920,1080,157,0,3,0,4,160,8,0,0,4,1024.0,0,10.0,1,34990.0
6703,6,625,463,1.27,12,1,13.4,3840,2400,338,0,5,1,8,155,16,0,0,4,1024.0,0,19.0,1,154890.0
6704,2,5445,298,1.3,12,1,13.4,3840,2400,338,1,4,1,16,209,32,0,0,4,1024.0,0,6.0,1,129990.0
6705,15,5523,156,2.2,12,1,15.6,1920,1080,141,1,5,0,11,209,16,0,0,4,1024.0,0,6.7,1,67699.0
6706,2,4791,380,2.3,12,1,15.6,1920,1080,141,0,5,0,8,212,8,0,0,4,1024.0,0,6.0,1,63990.0
6707,2,5007,303,2.1,12,1,15.6,1920,1080,141,1,7,0,16,255,16,0,0,4,1024.0,0,6.0,1,101990.0
6708,2,5157,313,2.7,12,1,17.3,1920,1080,127,1,4,0,20,264,32,0,0,16,1024.0,0,6.0,1,254990.0
6709,6,1281,168,1.83,12,1,15.6,1920,1080,141,0,3,0,4,160,4,0,0,4,1024.0,0,7.0,1,43322.0
6710,2,6088,441,1.4,12,1,14.1,1920,1080,156,1,5,0,8,4,8,0,0,4,1024.0,0,8.0,1,63990.0
6711,6,1298,168,1.83,12,1,15.6,1920,1080,141,0,3,0,4,160,4,0,0,4,1024.0,0,7.0,1,47693.0
6712,0,3899,225,2.4,12,1,15.6,1920,1080,141,1,5,0,19,255,8,0,0,4,1024.0,0,13.0,1,63490.0
6713,2,4687,380,2.3,12,1,15.6,1920,1080,141,0,7,0,24,255,8,0,0,4,1024.0,0,6.0,1,94990.0
6714,6,1299,168,1.83,12,1,15.6,1920,1080,141,0,3,0,4,160,4,0,0,4,1024.0,0,7.0,1,40499.0
6715,2,5013,303,2.3,12,1,15.6,1920,1080,141,1,4,0,16,259,16,0,0,6,1024.0,0,6.0,1,154990.0
6716,15,7448,402,1.29,14,1,13.3,1920,1080,166,0,7,0,8,160,16,0,0,4,1024.0,0,6.0,1,161165.0
6717,2,7165,518,1.22,12,1,14.0,1920,1080,157,1,5,0,8,44,8,0,0,4,1024.0,0,6.0,1,78990.0
6718,6,7917,463,1.29,12,1,13.3,1920,1080,166,0,5,0,6,160,8,0,0,4,1024.0,0,14.0,1,101490.0
6719,9,3063,277,2.2,14,1,14.0,1920,1080,157,0,7,0,12,155,8,0,0,4,1024.0,0,6.0,1,119900.0
6720,15,7043,402,1.5,12,1,14.0,1920,1080,157,0,5,0,6,160,16,0,0,4,1024.0,0,16.0,1,155411.0
6721,2,5019,303,2.3,12,1,15.6,1920,1080,141,1,4,0,16,259,16,0,0,8,1024.0,0,6.0,1,159990.0
6722,2,5011,303,2.3,12,1,15.6,1920,1080,141,1,7,0,16,259,16,0,0,6,1024.0,0,6.0,1,139990.0
6723,6,1293,168,1.83,12,1,15.6,1920,1080,141,0,5,0,8,155,4,0,0,4,1024.0,0,7.0,1,56050.0
6724,15,7042,402,1.55,14,1,14.0,1920,1080,157,0,5,0,6,160,8,0,0,4,1024.0,0,6.0,1,125490.0
6725,15,7447,402,1.29,12,1,13.3,1920,1080,166,0,5,0,6,160,16,0,0,4,1024.0,0,6.0,1,146990.0
6726,2,5066,311,2.3,12,1,15.6,1920,1080,141,1,7,0,20,261,16,0,0,8,1024.0,0,6.0,1,154990.0
6727,2,5126,305,2.7,12,1,17.3,1920,1080,127,1,4,0,16,259,16,0,0,6,1024.0,0,6.0,1,129999.0
6728,6,818,166,1.72,12,1,14.0,1920,1080,157,0,7,1,12,155,8,0,0,4,1024.0,0,6.0,1,80179.0
6729,2,7284,514,2.5,12,1,15.6,3840,2160,282,0,7,0,12,249,32,0,0,6,1024.0,0,6.0,1,219990.0
6730,2,5488,316,2.48,12,1,15.6,1920,1080,141,0,7,0,16,325,32,0,0,8,1024.0,0,6.0,1,360990.0
6731,16,4013,156,2.33,12,1,15.6,1920,1080,141,1,7,0,6,54,16,0,0,4,1024.0,0,6.0,1,69890.0
6732,1,7962,203,1.29,23,1,13.3,2560,1600,227,0,5,0,6,147,8,0,0,4,1024.0,0,11.0,1,92890.0
6733,6,815,166,1.52,12,1,14.0,1920,1080,157,0,5,1,8,238,8,0,0,2,1024.0,0,6.0,1,73223.0
6734,15,7936,189,2.3,12,1,15.6,1920,1080,141,0,7,0,12,209,8,0,0,4,1024.0,0,6.0,1,77740.0
6735,2,5818,447,1.8,12,1,15.6,1920,1080,141,0,3,0,6,160,4,0,0,4,1024.0,0,6.0,1,44890.0
6736,2,7676,424,1.6,12,1,14.0,1920,1080,157,0,5,0,6,160,8,0,0,4,1024.0,0,6.0,1,48999.0
6737,2,6711,441,1.35,12,1,14.0,1920,1080,157,0,5,0,6,147,8,0,1,4,1024.0,0,6.0,1,59400.0
6738,2,5246,318,1.7,12,1,14.0,2560,1440,210,1,4,0,12,320,16,0,0,6,1024.0,0,6.0,1,165000.0
6739,6,816,166,1.52,12,1,14.0,1920,1080,157,0,7,1,12,238,8,0,0,2,1024.0,0,6.0,1,92754.0
6740,0,3703,30,1.7,12,1,15.6,1920,1080,141,0,5,0,8,239,4,0,0,2,1024.0,0,8.5,1,52490.0
6741,6,611,165,1.27,12,1,13.3,3840,2160,331,0,7,0,12,155,16,0,0,4,1024.0,0,13.0,1,115545.0
6742,9,660,337,1.46,14,1,13.3,1920,1080,166,0,7,1,8,160,16,0,0,4,1024.0,0,6.0,1,234759.0
6743,9,2597,156,1.52,14,1,14.0,1366,768,112,0,3,0,4,160,8,0,0,4,1024.0,0,6.0,1,45280.0
6744,2,7287,514,2.5,12,1,15.6,3840,2160,282,0,7,0,12,249,32,0,0,6,1024.0,0,6.0,1,224990.0
6745,16,5326,156,2.38,12,1,15.6,1920,1080,141,0,7,0,12,249,16,0,0,6,1024.0,0,6.0,1,164990.0
6746,2,7223,515,1.5,12,1,13.3,1920,1080,166,0,7,0,8,166,16,0,0,4,1024.0,0,6.0,1,99990.0
6747,2,4826,382,2.6,12,1,17.3,1920,1080,127,0,5,0,8,212,8,0,0,4,1024.0,0,6.0,1,71990.0
6748,6,1386,168,2.2,12,1,15.6,1366,768,100,0,2,0,2,160,4,0,0,4,1024.0,0,6.0,1,35640.0
6749,15,482,72,0.92,3,1,10.1,1920,1080,218,3,4,1,12,91,4,0,0,4,1024.0,0,6.0,1,26999.0
6750,2,6416,107,1.68,0,1,14.0,1366,768,112,0,5,0,6,160,8,0,0,4,1024.0,0,6.0,1,56990.0
6751,6,1520,19,2.4,12,1,15.6,1920,1080,141,0,9,0,12,291,32,0,0,8,1024.0,0,6.0,1,320990.0
6752,16,5332,156,2.66,12,1,17.3,1920,1080,127,0,7,0,12,252,32,0,0,8,1024.0,0,6.0,1,179990.0
6753,9,1723,156,1.77,12,1,15.6,1920,1080,141,0,3,0,3,233,4,0,0,2,1024.0,0,6.0,1,24576.0
6754,9,3403,94,1.75,12,1,15.6,1920,1080,141,0,7,0,8,237,16,0,0,2,1024.0,0,6.0,1,130990.0
6755,2,6417,107,1.68,12,1,14.0,1366,768,112,0,5,0,6,160,8,0,0,4,1024.0,0,6.0,1,70990.0
6756,2,6452,108,1.6,0,1,14.0,1920,1080,157,0,5,0,6,311,8,0,0,2,1024.0,0,6.0,1,69290.0
6757,6,1470,463,1.83,12,1,15.6,3840,2160,282,0,7,0,12,297,32,0,0,4,1024.0,0,6.0,1,208346.0
6758,15,7945,189,2.2,12,1,15.6,1920,1080,141,0,7,0,12,319,16,0,0,8,1024.0,0,6.0,1,151990.0
6759,6,620,463,1.27,12,1,13.4,3840,2400,338,0,7,0,8,160,16,0,0,4,1024.0,0,6.0,1,190976.0
6760,6,5923,19,2.16,12,1,15.6,3840,2160,282,0,7,0,12,250,16,0,0,8,1024.0,0,6.0,1,217290.0
6761,6,1396,460,2.17,12,1,15.0,1366,768,104,0,3,0,4,160,4,0,0,4,1024.0,0,6.0,1,50778.0
6762,0,6802,362,1.2,12,1,14.0,1920,1080,157,1,5,0,4,4,8,0,0,4,1024.0,0,6.0,1,59991.0
6763,9,1208,156,1.47,12,1,14.0,1366,768,112,0,3,0,4,160,4,0,0,4,1024.0,0,6.0,1,42500.0
6764,9,3395,94,1.48,14,1,14.0,1920,1080,157,0,5,0,6,166,8,0,0,4,1024.0,0,6.0,1,90990.0
6765,2,7212,510,1.3,12,1,13.3,1920,1080,166,0,5,1,6,166,8,0,0,4,1024.0,0,6.0,1,75831.0
6766,9,3056,277,1.6,14,1,14.0,1366,768,112,0,5,0,6,166,8,0,0,4,1024.0,0,6.0,1,85000.0
6767,2,5484,324,2.1,12,1,15.6,1920,1080,141,0,7,0,12,321,24,0,0,8,1024.0,0,6.0,1,169990.0
6768,9,664,97,1.2,12,1,13.3,1920,1080,166,0,7,1,8,315,16,0,1,2,1024.0,0,6.0,1,99990.0
6769,15,7314,156,1.6,12,1,14.0,1366,768,112,0,3,0,4,166,4,0,0,4,1024.0,0,6.0,1,39000.0
6770,15,4230,156,1.65,12,1,14.0,1920,1080,157,0,7,1,8,372,16,0,0,2,1024.0,0,10.0,1,126990.0
6771,1,6178,204,1.83,25,1,15.4,2880,1800,221,0,9,0,16,36,16,0,0,4,1024.0,0,10.0,1,207040.0
6772,3,6287,201,1.46,12,1,14.0,1920,1080,157,0,7,0,8,166,8,0,0,4,1024.0,0,10.0,1,66999.0
6773,15,4231,156,1.65,12,1,14.0,1920,1080,157,0,5,1,6,236,8,0,0,2,1024.0,0,6.0,1,111890.0
6774,6,1454,168,1.9,12,1,15.6,1920,1080,141,0,7,0,8,312,8,0,0,4,1024.0,0,6.0,1,87990.0
6775,6,617,165,1.45,12,1,13.3,1920,1080,166,0,5,1,6,166,8,0,0,4,1024.0,0,6.0,1,61790.0
6776,15,4268,479,1.4,12,1,13.9,3840,2160,317,0,7,1,8,166,16,0,0,4,1024.0,0,9.0,1,154791.0
6777,16,5356,156,2.2,12,1,17.3,1920,1080,127,0,7,0,9,201,8,0,0,4,1024.0,0,6.0,1,98990.0
6778,2,7193,506,1.19,12,1,13.3,1920,1080,166,0,7,0,8,166,8,0,0,4,1024.0,0,14.0,1,74990.0
6779,0,5226,253,3.4,12,1,15.6,3840,2160,282,0,7,0,6,228,16,0,0,4,1024.0,0,8.0,1,116640.0
6780,6,1461,168,2.2,12,1,15.6,1920,1080,141,0,7,0,8,313,8,0,0,2,1024.0,0,6.0,1,89990.0
6781,2,5364,297,2.6,12,1,15.6,1920,1080,141,0,7,0,6,290,16,0,0,6,1024.0,0,6.0,1,154990.0
6782,18,6985,156,1.28,14,1,13.5,2256,1504,201,0,7,1,4,148,8,0,0,4,1024.0,0,14.0,1,126500.0
6783,9,2562,232,3.78,11,1,17.3,1920,1080,127,0,7,0,6,206,16,0,0,6,1024.0,0,6.0,1,191078.0
6784,2,6704,441,1.4,16,1,14.0,1920,1200,162,0,5,0,12,160,16,0,0,4,1024.0,0,18.0,1,67990.0
6785,2,7283,513,1.89,12,1,15.6,3840,2160,282,0,9,1,12,205,16,0,0,4,1024.0,0,9.5,1,209690.0
6786,18,6989,156,1.91,14,1,15.6,3240,2160,250,0,7,1,8,290,16,0,0,6,1024.0,0,17.0,1,222499.0
6787,2,7127,457,1.5,16,1,14.0,1920,1200,162,0,5,1,12,160,16,0,0,4,1024.0,0,6.0,1,69990.0
6788,2,6703,441,1.4,16,1,14.0,1920,1200,162,0,5,0,12,160,16,0,0,4,1024.0,0,18.0,1,67990.0
6789,16,5415,156,4.56,12,1,17.3,1920,1080,127,0,7,0,8,208,32,0,0,8,1024.0,0,6.0,1,308229.0
6790,2,7128,457,1.5,16,1,14.0,1920,1200,162,0,5,1,12,160,16,0,0,4,1024.0,0,6.0,1,69990.0
6791,2,6406,107,1.42,16,1,14.0,1920,1080,157,0,5,0,12,160,32,0,0,4,1024.0,0,6.0,1,62990.0
6792,2,6706,441,1.4,16,1,14.0,1920,1200,162,0,7,0,24,160,16,0,0,4,1024.0,0,18.0,1,79990.0
6793,6,3239,166,1.61,16,1,14.0,1920,1200,162,1,7,0,16,4,16,0,0,4,1024.0,0,7.0,1,85273.0
6794,2,6705,441,1.4,16,1,14.0,1920,1200,162,0,7,0,24,160,16,0,0,4,1024.0,0,18.0,1,79990.0
6795,2,6461,109,1.27,16,1,14.0,2560,1600,216,0,4,0,8,107,16,0,0,4,1024.0,0,20.0,1,94990.0
6796,16,4141,218,1.75,16,1,15.6,1920,1080,141,1,5,0,12,4,16,0,0,4,1024.0,0,6.0,1,55254.0
6797,0,3891,225,2.4,12,1,15.6,1920,1080,141,1,5,0,12,209,8,0,0,4,1024.0,0,10.0,1,69990.0
6798,15,4376,402,1.6,18,1,14.0,1920,1080,157,0,5,0,8,155,16,0,1,4,1024.0,0,8.0,1,67099.0
6799,16,3459,344,1.7,16,1,14.0,2560,1600,216,0,7,0,12,267,16,0,0,8,1024.0,0,6.0,1,145900.0
6800,16,4077,219,1.9,16,1,15.6,1920,1080,141,0,7,0,24,160,16,0,0,4,1024.0,0,6.0,1,64990.0
6801,9,2365,156,1.69,16,1,15.6,1920,1080,141,0,5,0,12,155,16,0,0,4,1024.0,0,7.3,1,49500.0
6802,9,2402,338,1.95,16,1,16.0,2560,1600,189,0,4,1,24,107,16,0,0,4,1024.0,0,6.0,1,135999.0
6803,6,3381,117,2.99,16,1,16.0,2560,1600,189,0,7,0,24,267,16,0,0,8,1024.0,0,5.0,1,158145.0
6804,16,4152,176,2.25,16,1,15.6,1920,1080,141,1,4,0,12,267,16,0,0,8,1024.0,0,6.0,1,119990.0
6805,25,6228,130,1.46,16,1,15.6,1920,1080,141,0,4,1,12,155,16,0,0,4,1024.0,0,8.7,1,133990.0
6806,16,4155,177,2.7,16,1,17.3,1920,1080,127,1,4,0,12,268,16,0,0,8,1024.0,0,6.0,1,136668.0
6807,9,2480,232,2.37,16,1,16.1,1920,1080,137,1,7,0,16,267,32,0,0,8,1024.0,0,6.0,1,119990.0
6808,16,4154,176,2.25,16,1,15.6,1920,1080,141,1,4,0,12,268,16,0,0,8,1024.0,0,6.0,1,120538.0
6809,16,4212,220,1.9,16,1,15.6,1920,1080,141,0,4,0,24,107,16,0,0,4,1024.0,0,6.0,1,61990.0
6810,16,4213,220,1.9,16,1,15.6,1920,1080,141,0,4,0,18,107,16,0,0,4,1024.0,0,6.0,1,52690.0
6811,16,4214,220,1.9,16,1,15.6,1920,1080,141,0,4,0,24,107,16,0,0,4,1024.0,0,6.0,1,63000.0
6812,16,1136,330,2.75,16,1,16.0,2560,1600,189,0,9,0,12,269,32,0,0,12,1024.0,0,6.0,1,249990.0
6813,16,4215,220,1.9,16,1,15.6,1920,1080,141,0,4,0,18,107,16,0,0,4,1024.0,0,6.0,1,72211.0
6814,6,2848,460,1.48,16,1,14.0,1920,1080,157,0,5,0,12,155,16,0,0,4,1024.0,0,6.0,1,57990.0
6815,16,4187,216,1.4,16,1,14.0,1920,1080,157,0,5,0,12,155,8,0,0,4,1024.0,0,6.0,1,37990.0
6816,9,1004,239,1.34,18,1,14.0,2240,1400,189,3,4,1,12,376,16,0,0,4,1024.0,0,6.0,1,125490.0
6817,16,4037,218,1.7,16,1,15.6,1920,1080,141,0,7,0,12,155,16,0,0,4,1024.0,0,6.0,1,47990.0
6818,16,4089,383,1.86,16,1,15.6,1920,1080,141,0,5,0,12,248,8,0,0,4,1024.0,0,6.0,1,52990.0
6819,16,4036,218,1.7,16,1,15.6,1920,1080,141,0,7,0,12,155,16,0,0,4,1024.0,0,6.0,1,48674.0
6820,16,3483,359,2.1,16,1,16.0,2560,1600,189,0,4,1,24,107,32,0,0,4,1024.0,0,6.0,1,139990.0
6821,9,1163,48,1.49,4,1,14.0,1366,768,112,0,1,1,4,160,4,0,0,4,1024.0,0,6.0,1,23990.0
6822,16,4186,216,1.4,16,1,14.0,1920,1080,157,0,5,0,12,155,16,0,0,4,1024.0,0,6.0,1,39990.0
6823,16,3440,68,1.98,16,1,15.6,1920,1080,141,0,7,0,12,267,16,0,0,8,1024.0,0,6.0,1,94990.0
6824,0,3806,34,1.59,16,1,15.6,1920,1080,141,1,3,0,12,4,8,0,0,4,1024.0,0,6.0,1,29990.0
6825,16,4047,383,1.86,16,1,15.6,1920,1080,141,0,7,0,12,248,8,0,0,4,1024.0,0,6.0,1,62990.0
6826,16,4188,216,1.4,16,1,14.0,1920,1080,157,0,3,0,12,160,8,0,0,4,1024.0,0,6.0,1,28990.0
6827,6,3021,168,1.63,16,1,15.6,1920,1080,141,1,5,0,12,4,8,0,0,4,1024.0,0,6.0,1,37490.0
6828,16,4185,216,1.4,16,1,14.0,1920,1080,157,0,7,0,12,155,16,0,0,4,1024.0,0,6.0,1,46999.0
6829,25,6238,129,1.55,16,1,15.6,1920,1080,141,0,7,0,12,155,16,0,0,4,1024.0,0,6.0,1,83990.0
6830,9,1973,156,1.65,16,1,15.6,1920,1080,141,0,4,0,18,133,8,0,0,4,1024.0,0,6.15,1,73900.0
6831,6,3014,168,1.63,16,1,15.6,1920,1080,141,1,5,0,4,4,8,0,0,4,1024.0,0,7.0,1,36999.0
6832,6,3003,168,1.62,16,1,15.6,1920,1080,141,0,3,0,10,160,8,0,0,4,1024.0,0,6.0,1,37490.0
6833,6,2964,168,1.65,16,1,15.6,1920,1080,141,0,5,0,12,160,8,0,0,4,1024.0,0,6.0,1,49990.0
6834,6,3002,168,1.62,16,1,15.6,1920,1080,141,0,3,0,10,160,8,0,0,4,1024.0,0,6.0,1,37490.0
6835,25,6236,129,1.55,16,1,15.6,1920,1080,141,0,5,0,12,155,8,0,0,4,1024.0,0,6.0,1,67990.0
6836,6,3256,116,2.81,16,1,15.6,1920,1080,141,0,7,0,24,266,16,0,1,6,1024.0,0,6.0,1,111990.0
6837,15,5631,390,1.41,16,1,14.0,1920,1200,162,0,3,0,10,160,8,0,0,4,1024.0,0,6.0,1,49990.0
6838,9,2405,243,1.77,16,1,16.0,1920,1200,142,0,4,0,12,106,16,0,0,4,1024.0,0,6.0,1,83490.0
6839,6,475,170,1.87,16,1,16.0,1920,1200,142,0,5,0,12,155,16,0,0,4,1024.0,0,6.0,1,63990.0
6840,15,5714,390,1.41,16,1,14.0,1920,1200,162,0,5,0,12,160,8,0,0,4,1024.0,0,6.0,1,71790.0
6841,2,4451,452,1.63,16,1,15.6,1920,1080,141,1,5,0,4,4,8,0,0,4,1024.0,0,6.0,1,36699.0
6842,15,5588,392,1.77,16,1,16.0,1920,1200,142,0,5,0,12,155,16,0,0,4,1024.0,0,6.0,1,72490.0
6843,16,3474,405,3.6,16,1,18.0,3840,2400,252,0,9,0,12,269,64,0,0,16,1024.0,0,7.0,1,399990.0
6844,15,248,180,2.4,16,1,15.6,1920,1080,141,0,7,0,24,267,24,0,0,8,1024.0,0,6.0,1,94990.0
6845,15,5587,392,1.77,16,1,16.0,1920,1200,142,0,3,0,10,160,8,0,0,4,1024.0,0,6.0,1,49990.0
6846,16,3498,351,2.89,16,1,18.0,3840,2400,252,0,4,0,24,270,32,0,0,16,1024.0,0,6.0,1,297000.0
6847,16,3495,351,2.89,16,1,18.0,3840,2400,252,0,4,0,24,269,32,0,0,12,1024.0,0,6.0,1,258700.0
6848,9,1957,156,1.59,16,1,15.6,1920,1080,141,0,5,0,12,155,8,0,1,4,1024.0,0,6.0,1,53490.0
6849,0,3817,34,1.59,16,1,15.6,1920,1080,141,1,5,0,12,4,16,0,0,4,1024.0,0,6.0,1,39999.0
6850,15,2074,180,2.4,16,1,15.6,1920,1080,141,0,5,0,12,266,16,0,0,6,1024.0,0,6.0,1,69990.0
6851,16,3475,327,3.6,16,1,18.0,3840,2400,252,0,9,0,12,269,32,0,0,12,1024.0,0,6.0,1,312300.0
6852,0,3841,34,1.59,16,1,15.6,1920,1080,141,0,5,0,12,133,16,0,0,4,1024.0,0,6.0,1,43990.0
6853,25,6247,129,1.55,16,1,15.6,1920,1080,141,0,4,0,12,106,16,0,0,4,1024.0,0,6.0,1,68999.0
6854,15,2071,180,2.38,16,1,15.6,1920,1080,141,0,5,0,12,255,16,0,0,6,1024.0,0,6.0,1,66490.0
6855,15,152,154,1.65,16,1,15.6,1920,1080,141,0,3,0,6,160,8,0,0,4,1024.0,0,9.0,1,33990.0
6856,0,3822,34,1.59,16,1,15.6,1920,1080,141,1,7,0,12,4,16,0,0,4,1024.0,0,6.0,1,42990.0
6857,25,6237,129,1.55,16,1,15.6,1920,1080,141,0,5,0,12,155,16,0,0,4,1024.0,0,6.0,1,73990.0
6858,25,6269,131,1.56,16,1,16.0,2880,1800,212,0,4,1,24,107,16,0,0,4,1024.0,0,6.0,1,149990.0
6859,0,3614,28,1.45,16,1,14.0,1920,1080,157,0,5,0,12,133,8,0,0,4,1024.0,0,6.0,1,37990.0
6860,0,3608,28,1.45,16,1,14.0,1920,1080,157,0,5,0,12,133,16,0,0,4,1024.0,0,6.0,1,38990.0
6861,0,3615,28,1.45,16,1,14.0,1920,1080,157,0,7,0,12,133,16,0,0,4,1024.0,0,6.0,1,49990.0
6862,25,6248,129,1.55,16,1,15.6,1920,1080,141,0,4,0,12,106,16,0,0,4,1024.0,0,6.0,1,78000.0
6863,0,3609,28,1.45,16,1,14.0,1920,1080,157,0,7,0,12,133,16,0,0,4,1024.0,0,6.0,1,46990.0
6864,15,237,180,2.38,16,1,15.6,1920,1080,141,0,5,0,20,266,16,0,0,6,1024.0,0,6.0,1,86990.0
6865,2,5292,318,1.5,16,1,14.0,2880,1800,243,1,4,0,24,267,16,0,0,8,1024.0,0,6.0,1,164990.0
6866,2,5439,320,1.85,16,1,16.0,2560,1600,189,0,4,0,24,267,16,0,0,8,1024.0,0,6.0,1,172000.0
6867,6,478,468,2.2,16,1,16.3,3840,2400,278,0,4,1,24,267,32,0,0,8,1024.0,0,6.0,1,315020.0
6868,2,5084,304,2.5,16,1,16.0,1920,1200,142,0,7,0,24,268,16,0,0,8,1024.0,0,6.0,1,149990.0
6869,6,448,466,1.8,16,1,14.5,3200,2000,260,0,4,1,24,266,32,0,0,6,1024.0,0,6.0,1,304305.0
6870,0,3844,34,1.59,16,1,15.6,1920,1080,141,0,7,0,12,133,16,0,0,4,1024.0,0,6.0,1,49990.0
6871,15,5704,180,2.2,16,1,15.6,1920,1080,141,1,5,0,12,255,12,0,0,6,1024.0,0,6.0,1,62490.0
6872,0,3843,34,1.59,16,1,15.6,1920,1080,141,0,7,0,12,133,16,0,0,4,1024.0,0,6.0,1,51990.0
6873,6,469,22,2.61,16,1,16.0,2560,1600,189,0,4,0,24,268,32,0,0,8,1024.0,0,6.0,1,215590.0
6874,6,3007,460,1.66,16,1,15.6,1920,1080,141,0,5,0,12,160,8,0,0,4,1024.0,0,7.0,1,48990.0
6875,15,245,180,2.2,16,1,15.6,1920,1080,141,0,5,0,12,255,24,0,0,6,1024.0,0,6.0,1,79490.0
6876,6,3238,166,1.61,15,1,14.0,1920,1200,162,1,5,0,6,4,16,0,0,4,1024.0,0,4.0,1,68999.0
6877,9,310,11,1.74,0,1,15.6,1920,1080,141,0,5,0,12,133,8,0,0,4,1024.0,0,6.0,1,57899.0
6878,0,3821,34,1.59,16,1,15.6,1920,1080,141,1,7,0,12,4,16,0,0,4,1024.0,0,6.0,1,39990.0
6879,9,2466,232,2.35,16,1,16.1,1920,1080,137,0,9,0,36,267,16,0,0,8,1024.0,0,6.0,1,145990.0
6880,9,1867,423,2.29,16,1,15.6,1920,1080,141,0,5,0,12,266,16,0,0,6,1024.0,0,6.0,1,82490.0
6881,6,3011,460,1.66,16,1,15.6,1920,1080,141,0,5,0,12,160,16,0,0,4,1024.0,0,7.0,1,52890.0
6882,9,1909,423,2.37,16,1,15.6,1920,1080,141,1,5,0,16,60,8,0,0,4,1024.0,0,6.0,1,51999.0
6883,0,3979,227,2.1,16,1,15.6,1920,1080,141,0,7,0,12,266,16,0,0,6,1024.0,0,6.0,1,94990.0
6884,0,3807,34,1.59,16,1,15.6,1920,1080,141,1,7,0,12,4,16,0,0,4,1024.0,0,7.0,1,39990.0
6885,9,1868,423,2.37,16,1,15.6,1920,1080,141,0,5,0,12,266,16,0,0,6,1024.0,0,6.0,1,78990.0
6886,15,2034,154,1.62,16,1,15.6,1920,1080,141,1,5,0,4,13,16,0,0,4,1024.0,0,6.0,1,45990.0
6887,2,4114,105,1.49,16,1,14.0,1920,1080,157,0,3,0,10,160,8,0,0,4,1024.0,0,6.0,1,32990.0
6888,2,5799,450,1.8,16,1,16.0,1920,1200,142,0,5,0,18,248,16,0,0,4,1024.0,0,6.0,1,60990.0
6889,15,5611,391,1.7,16,1,15.6,1920,1080,141,0,3,0,10,160,8,0,0,4,1024.0,0,10.0,1,46550.0
6890,6,384,21,3.25,16,1,16.0,2560,1660,191,0,7,0,24,266,16,0,0,6,1024.0,0,7.0,1,129990.0
6891,15,2029,142,1.8,16,1,15.6,1366,768,100,1,3,0,12,13,8,0,0,4,1024.0,0,10.0,1,28990.0
6892,2,6782,443,1.5,16,1,15.6,2880,1620,212,0,4,0,24,107,16,0,0,4,1024.0,0,6.0,1,96990.0
6893,2,7572,429,1.88,16,1,16.0,1920,1200,142,0,5,0,18,155,16,0,0,4,1024.0,0,6.0,1,53699.0
6894,2,4121,105,1.69,16,1,15.6,1920,1080,141,0,3,0,10,160,8,0,0,4,1024.0,0,7.0,1,32990.0
6895,15,2088,180,2.4,15,1,15.6,1920,1080,141,0,5,0,12,112,8,0,0,4,1024.0,0,6.0,1,53190.0
6896,0,3811,34,1.59,16,1,15.6,1920,1080,141,1,7,0,12,4,16,0,0,4,1024.0,0,7.0,1,43990.0
6897,9,1783,243,1.75,16,1,15.6,1920,1080,141,0,7,0,18,155,16,0,0,4,1024.0,0,6.0,1,78990.0
6898,15,162,414,1.6,0,1,14.0,1366,768,112,0,5,0,8,160,8,0,0,4,1024.0,0,6.0,1,40960.0
6899,15,5623,388,1.7,16,1,15.6,1920,1080,141,1,3,0,8,4,8,0,0,4,1024.0,0,8.8,1,35000.0
6900,2,4732,380,2.2,16,1,15.6,1920,1080,141,0,7,0,24,267,16,0,0,8,1024.0,0,6.0,1,101990.0
6901,18,6965,156,1.34,16,1,13.8,2304,1536,201,3,4,1,12,376,16,0,0,4,1024.0,0,20.0,1,107800.0
6902,15,161,414,1.6,12,1,14.0,1920,1080,157,0,5,0,8,133,8,0,0,4,1024.0,0,6.0,1,39990.0
6903,15,1063,142,1.3,16,1,14.0,1366,768,112,0,1,0,4,161,8,0,0,4,1024.0,0,7.0,1,25490.0
6904,15,5625,388,1.7,16,1,15.6,1920,1080,141,1,5,0,16,4,8,0,0,4,1024.0,0,8.8,1,62999.0
6905,16,3484,356,1.39,16,1,13.3,1920,1200,170,0,4,1,18,107,16,0,0,4,1024.0,0,6.0,1,125540.0
6906,16,3485,356,1.39,16,1,13.3,1920,1200,170,0,4,1,24,107,32,0,0,4,1024.0,0,6.0,1,142990.0
6907,2,6788,459,1.5,16,1,16.0,3200,2000,236,0,4,0,18,107,16,0,0,4,1024.0,0,16.0,1,106890.0
6908,16,4218,267,1.7,16,1,14.0,1920,1200,162,0,4,0,24,255,32,0,0,6,1024.0,0,6.0,1,129990.0
6909,16,4082,218,1.7,16,1,15.6,1920,1080,141,0,3,0,12,155,8,0,0,4,1024.0,0,6.0,1,35985.0
6910,2,6780,443,1.5,16,1,15.6,2880,1620,212,0,4,0,18,107,16,0,0,4,1024.0,0,16.0,1,106990.0
6911,16,4210,266,1.7,16,1,14.0,1920,1200,162,0,4,0,24,107,16,0,0,4,1024.0,0,6.0,1,89990.0
6912,2,6790,459,1.5,16,1,16.0,3200,2000,236,0,4,0,24,107,16,0,0,4,1024.0,0,16.0,1,116989.0
6913,2,6779,443,1.5,16,1,15.6,2880,1620,212,0,4,0,18,107,16,0,1,4,1024.0,0,6.0,1,91990.0
6914,15,5627,388,1.7,16,1,15.6,1920,1080,141,1,3,0,8,4,8,0,0,4,1024.0,0,8.8,1,63900.0
6915,2,6789,459,1.5,16,1,16.0,3200,2000,236,0,4,0,18,107,16,0,0,4,1024.0,0,16.0,1,96990.0
6916,15,164,415,1.7,16,1,15.6,1920,1080,141,0,5,0,8,133,16,0,0,4,1024.0,0,5.5,1,42890.0
6917,16,4216,266,1.7,16,1,14.0,1920,1200,162,0,4,0,18,107,16,0,0,4,1024.0,0,6.0,1,50990.0
6918,15,7,391,1.7,16,1,15.6,1920,1080,141,0,3,0,10,160,8,0,0,4,1024.0,0,10.0,1,46400.0
6919,15,28,390,1.41,16,1,14.0,1920,1200,162,0,5,0,12,155,16,0,0,4,1024.0,0,6.0,1,70890.0
6920,9,2481,232,2.37,16,1,16.1,1920,1080,137,1,7,0,16,4,16,0,0,4,1024.0,0,7.0,1,108990.0
6921,9,1871,423,2.29,16,1,15.6,1920,1080,141,0,7,0,24,266,16,0,0,6,1024.0,0,6.0,1,90999.0
6922,15,2510,193,2.24,16,1,16.0,3200,2000,236,0,7,0,33,268,32,0,0,8,1024.0,0,6.5,1,180190.0
6923,9,1864,423,2.29,16,1,15.6,1920,1080,141,0,5,0,12,248,16,0,0,4,1024.0,0,6.0,1,63500.0
6924,9,1869,423,2.29,16,1,15.6,1920,1080,141,0,7,0,24,255,16,0,0,6,1024.0,0,6.0,1,87900.0
6925,16,3468,417,3.0,16,1,17.0,2560,1600,178,0,9,0,12,268,32,0,0,8,1024.0,0,6.0,1,219990.0
6926,15,5682,147,1.55,16,1,14.0,1920,1200,162,1,5,1,3,4,16,0,0,4,1024.0,0,6.0,1,58490.0
6927,6,3020,168,1.62,15,1,15.6,1920,1080,141,1,7,0,12,4,16,0,0,4,1024.0,0,6.0,1,49990.0
6928,16,1138,330,2.75,16,1,16.0,3840,2400,283,0,9,0,12,270,32,0,0,16,1024.0,0,6.0,1,285500.0
6929,15,5636,390,1.41,16,1,14.0,1920,1200,162,1,3,0,8,4,8,0,0,4,1024.0,0,12.38,1,42990.0
6930,9,1865,423,2.29,16,1,15.6,1920,1080,141,0,5,0,12,248,8,0,0,4,1024.0,0,6.0,1,58990.0
6931,0,3868,17,1.99,16,1,15.6,1920,1080,141,0,5,0,12,255,16,0,0,6,1024.0,0,6.0,1,61990.0
6932,16,4067,383,2.2,16,1,15.6,1920,1080,141,0,5,0,12,266,16,0,0,6,1024.0,0,6.0,1,74907.0
6933,9,1970,156,1.65,16,1,15.6,1920,1080,141,0,4,0,10,106,8,0,1,4,1024.0,0,6.0,1,39060.0
6934,16,4050,383,1.86,16,1,15.6,1920,1080,141,0,5,0,12,248,8,0,0,4,1024.0,0,6.0,1,48900.0
6935,15,5592,390,1.6,0,1,14.0,1920,1080,157,0,5,0,12,133,8,0,0,4,1024.0,0,6.0,1,53800.0
6936,15,5684,195,2.2,16,1,16.0,2560,1600,189,1,4,0,12,268,32,0,0,8,1024.0,0,6.0,1,200898.0
6937,9,2472,232,2.39,16,1,16.1,1920,1080,137,0,7,0,30,267,16,0,0,8,1024.0,0,6.0,1,113290.0
6938,15,2064,159,1.63,16,1,15.6,1920,1080,141,0,3,0,10,160,8,0,0,4,1024.0,0,6.0,1,33990.0
6939,16,4106,175,2.6,16,1,17.3,2560,1440,170,0,9,0,24,268,16,0,0,8,1024.0,0,6.0,1,137990.0
6940,15,242,180,2.38,15,1,15.6,1920,1080,141,0,7,0,24,266,16,0,0,6,1024.0,0,6.0,1,99990.0
6941,9,1974,156,1.65,16,1,15.6,1920,1080,141,0,4,0,18,155,16,0,0,4,1024.0,0,6.15,1,67990.0
6942,15,2065,154,1.63,16,1,15.6,1920,1080,141,0,7,0,12,155,16,0,0,4,1024.0,0,7.0,1,59990.0
6943,15,2077,180,2.4,15,1,15.6,1920,1080,141,0,5,0,12,248,12,0,0,4,1024.0,0,6.0,1,57890.0
6944,15,230,473,1.49,16,1,14.0,2880,1800,243,0,4,1,18,107,16,0,0,4,1024.0,0,8.0,1,105770.0
6945,15,5711,390,1.41,0,1,14.0,1920,1200,162,0,3,0,10,160,8,0,0,4,1024.0,0,6.0,1,48600.0
6946,16,3432,68,1.98,16,1,15.6,1920,1080,141,0,5,0,12,255,16,0,0,6,1024.0,0,6.0,1,63583.0
6947,16,4084,383,1.86,16,1,15.6,1920,1080,141,0,5,0,12,255,16,0,0,4,1024.0,0,6.0,1,63583.0
6948,16,4088,383,1.86,16,1,15.6,1920,1080,141,0,5,0,12,248,16,0,0,4,1024.0,0,6.0,1,56990.0
6949,16,4042,383,1.86,16,1,15.6,1920,1080,141,0,5,0,12,255,16,0,0,4,1024.0,0,6.0,1,52990.0
6950,16,4107,175,2.6,16,1,17.3,2560,1440,170,0,7,0,24,268,16,0,0,8,1024.0,0,6.0,1,124990.0
6951,16,4087,383,1.86,16,1,15.6,1920,1080,141,0,7,0,12,248,16,0,0,4,1024.0,0,6.0,1,64990.0
6952,16,3431,68,1.98,16,1,15.6,1920,1080,141,0,7,0,12,255,16,0,0,6,1024.0,0,6.0,1,79990.0
6953,9,1971,156,1.65,16,1,15.6,1920,1080,141,0,4,0,12,106,8,0,1,4,1024.0,0,6.0,1,47990.0
6954,16,4083,383,1.86,16,1,15.6,1920,1080,141,0,7,0,12,255,16,0,0,4,1024.0,0,6.0,1,71490.0
6955,16,4095,383,1.86,16,1,15.6,1920,1080,141,0,7,0,12,266,16,0,0,6,1024.0,0,6.0,1,89790.0
6956,16,4041,383,1.86,16,1,15.6,1920,1080,141,0,7,0,12,255,16,0,0,4,1024.0,0,6.0,1,66990.0
6957,16,4096,383,1.86,16,1,15.6,1920,1080,141,0,5,0,12,266,16,0,0,6,1024.0,0,6.0,1,74990.0
6958,9,1975,156,1.65,16,1,15.6,1920,1080,141,0,4,0,12,106,16,0,1,4,1024.0,0,6.0,1,62990.0
6959,16,4048,383,1.86,16,1,15.6,1920,1080,141,0,7,0,12,248,16,0,0,4,1024.0,0,6.0,1,59990.0
6960,6,3185,165,1.24,16,1,13.3,2560,1600,227,0,4,0,18,107,16,0,0,4,1024.0,0,7.0,1,86789.0
6961,15,5700,180,2.2,16,1,15.6,1920,1080,141,1,7,0,12,266,16,0,0,6,1024.0,0,6.0,1,89990.0
6962,15,5701,180,2.2,16,1,15.6,1920,1080,141,1,7,0,12,267,16,0,0,8,1024.0,0,6.0,1,104990.0
6963,6,3184,165,1.24,16,1,13.3,2560,1600,227,0,4,0,24,107,16,0,0,4,1024.0,0,9.0,1,99690.0
6964,9,1972,156,1.65,16,1,15.6,1920,1080,141,0,4,0,12,106,16,0,1,4,1024.0,0,6.0,1,64990.0
6965,0,3785,31,2.1,16,1,15.6,1920,1080,141,0,5,0,12,248,16,0,0,4,1024.0,0,6.0,1,70427.0
6966,2,5093,304,2.5,16,1,16.0,1920,1200,142,0,7,0,24,267,16,0,0,8,1024.0,0,6.0,1,133990.0
6967,2,5438,320,1.85,16,1,16.0,2560,1600,189,0,4,0,24,268,32,0,0,8,1024.0,0,6.0,1,209990.0
6968,2,4605,377,2.2,16,1,15.6,1920,1080,141,1,7,0,24,267,16,0,0,8,1024.0,0,6.0,1,112980.0
6969,2,5086,304,2.5,16,1,16.0,2560,1600,189,0,9,0,36,268,16,0,0,8,1024.0,0,6.0,1,199000.0
6970,9,2453,232,2.35,18,1,16.1,1920,1080,137,0,7,0,24,267,16,0,0,8,1024.0,0,6.3,1,104000.0
6971,2,4604,377,2.2,16,1,15.6,1920,1080,141,1,4,0,24,268,16,0,0,8,1024.0,0,6.0,1,137990.0
6972,15,239,180,2.38,15,1,15.6,1920,1080,141,0,5,0,20,255,16,0,0,6,1024.0,0,6.0,1,74990.0
6973,15,229,475,2.2,16,1,14.0,1920,1200,162,0,4,1,24,107,16,0,0,4,1024.0,0,6.0,1,122990.0
6974,9,1018,156,1.41,16,1,14.0,1920,1080,141,1,5,0,4,4,8,0,0,4,1024.0,0,14.0,1,37990.0
6975,0,3805,34,1.59,16,1,15.6,1920,1080,141,1,3,0,12,4,8,0,0,4,1024.0,0,6.0,1,28990.0
6976,2,7559,429,1.88,16,1,16.0,1920,1200,142,0,5,0,18,155,16,0,0,4,1024.0,0,5.0,1,64970.0
6977,9,2486,232,2.37,16,1,16.1,1920,1080,137,1,4,0,16,268,16,0,0,8,1024.0,0,6.0,1,139990.0
6978,15,5695,150,1.91,16,1,16.0,2048,1280,151,1,7,0,16,266,16,0,0,6,1024.0,0,5.0,1,131990.0
6979,0,3852,34,1.59,16,1,15.6,1920,1080,141,0,5,0,12,155,16,0,0,4,1024.0,0,7.0,1,46990.0
6980,15,2131,180,2.38,16,1,15.6,1920,1080,141,0,7,0,33,267,16,0,0,8,1024.0,0,6.0,1,114990.0
6981,16,4040,383,1.86,16,1,15.6,1920,1080,141,0,7,0,12,255,16,0,0,4,1024.0,0,6.0,1,69990.0
6982,16,4066,383,1.86,16,1,15.6,1920,1080,141,0,7,0,12,266,16,0,0,6,1024.0,0,6.0,1,79990.0
6983,16,3443,54,1.6,16,1,14.0,1920,1200,162,0,5,0,12,155,16,0,0,4,1024.0,0,6.0,1,84990.0
6984,15,221,197,2.62,16,1,16.0,2560,1600,189,0,9,0,36,269,32,0,0,12,1024.0,0,6.0,1,269990.0
6985,9,1863,423,2.29,16,1,15.6,1920,1080,141,0,5,0,12,266,16,0,0,6,1024.0,0,6.0,1,79130.0
6986,9,1017,156,1.41,16,1,14.0,1920,1080,157,1,5,0,4,4,16,0,0,4,1024.0,0,11.15,1,51990.0
6987,16,3470,62,2.49,18,1,17.0,2560,1600,178,0,9,1,36,268,64,0,0,8,1024.0,0,6.0,1,309990.0
6988,16,3499,58,1.99,16,1,16.0,3840,2400,283,0,4,0,24,270,64,0,0,16,1024.0,0,6.0,1,436990.0
6989,16,3489,343,1.7,16,1,14.0,1920,1200,162,0,4,0,24,267,16,0,0,6,1024.0,0,6.0,1,142107.0
6990,2,7577,429,1.88,16,1,16.0,1920,1200,142,0,7,0,24,155,16,0,0,4,1024.0,0,6.0,1,61980.0
6991,16,4116,373,2.3,16,1,16.0,1920,1200,142,0,7,0,12,266,16,0,0,6,1024.0,0,6.0,1,109990.0
6992,16,3471,62,2.49,16,1,17.0,2560,1600,178,0,7,1,33,268,32,0,0,8,1024.0,0,6.0,1,274990.0
6993,15,2073,180,2.38,16,1,15.6,1920,1080,141,0,5,0,12,255,16,0,0,6,1024.0,0,6.0,1,69990.0
6994,16,4222,290,2.8,16,1,17.0,2560,1600,178,0,4,0,24,268,32,0,0,8,1024.0,0,6.0,1,167302.0
6995,16,4223,290,2.8,16,1,17.0,2560,1600,178,0,4,0,24,268,16,0,0,8,1024.0,0,12.0,1,156989.0
6996,16,4219,288,2.5,16,1,16.0,2560,1600,189,0,4,0,24,267,16,0,0,8,1024.0,0,6.0,1,149990.0
6997,16,3496,58,1.99,16,1,16.0,3840,2400,283,0,4,0,24,269,64,0,0,12,1024.0,0,6.0,1,309990.0
6998,16,4120,373,2.3,16,1,16.0,1920,1200,142,0,7,0,12,268,16,0,0,8,1024.0,0,6.0,1,145990.0
6999,2,4747,375,2.0,12,1,15.6,1920,1080,141,0,7,0,12,256,16,0,0,4,1024.0,0,6.0,0,112980.0
7000,2,5268,318,1.6,12,1,14.0,1920,1080,157,1,4,0,16,259,16,0,0,6,1024.0,0,6.0,0,160990.0
7001,2,7849,447,1.8,12,1,15.6,1920,1080,141,0,5,0,6,335,8,0,0,2,1024.0,0,6.0,0,60990.0
7002,2,5270,318,1.7,12,1,14.0,2560,1440,210,1,4,0,20,259,32,0,0,6,1024.0,0,6.0,0,169990.0
7003,2,5125,305,2.4,12,1,17.3,1920,1080,127,1,4,0,16,259,16,0,0,6,1024.0,0,6.0,0,164990.0
7004,15,6881,156,1.4,12,1,14.0,1366,768,112,1,4,0,1,43,4,0,1,4,1024.0,0,8.0,0,21990.0
7005,9,3076,277,2.04,0,1,15.6,1366,768,100,0,3,0,3,192,4,0,0,2,1024.0,0,6.0,0,35999.0
7006,2,4751,375,2.3,12,1,15.6,1920,1080,141,0,5,0,8,256,8,0,0,4,1024.0,0,6.0,0,86990.0
7007,2,5131,305,2.7,12,1,17.3,1920,1080,127,1,4,0,16,261,16,0,0,8,1024.0,0,6.0,0,174990.0
7008,2,5836,444,2.24,12,1,15.6,1920,1080,141,0,5,0,8,238,8,0,0,2,1024.0,0,6.0,0,68990.0
7009,2,4755,375,2.0,12,1,15.6,1920,1080,141,0,7,0,12,259,16,0,0,6,1024.0,0,6.0,0,127990.0
7010,2,7275,513,1.8,12,1,15.6,3840,2160,282,0,7,0,12,212,16,0,0,4,1024.0,0,17.0,0,139990.0
7011,2,6433,156,1.9,0,1,15.6,1920,1080,141,0,3,0,4,160,4,0,0,4,1024.0,0,6.0,0,31900.0
7012,2,4756,375,2.0,12,1,15.6,1920,1080,141,0,5,0,8,259,16,0,0,6,1024.0,0,5.0,0,129990.0
7013,2,7787,446,1.8,12,1,15.6,1920,1080,141,0,3,0,6,160,8,0,0,4,1024.0,0,6.0,0,44990.0
7014,9,1547,245,2.23,12,1,15.6,1920,1080,141,0,7,0,16,212,16,0,1,4,1024.0,0,9.0,0,85180.0
7015,9,1218,156,1.47,12,1,14.0,1366,768,112,0,3,0,6,160,8,0,0,4,1024.0,0,6.0,0,42690.0
7016,15,7324,156,1.6,14,1,14.0,1366,768,112,0,3,0,4,160,4,0,0,4,1024.0,0,5.5,0,45500.0
7017,9,2244,156,1.75,12,1,15.6,1920,1080,141,0,3,0,6,160,8,0,0,4,1024.0,0,6.0,0,29999.0
7018,15,4430,402,1.7,12,1,15.6,1920,1080,141,0,5,0,8,160,8,0,0,4,1024.0,0,10.8,0,66491.0
7019,2,4792,380,2.3,12,1,15.6,1920,1080,141,0,7,0,16,217,16,0,0,6,1024.0,0,6.0,0,101590.0
7020,2,6449,242,2.05,21,1,14.0,1366,768,112,0,5,0,3,115,4,0,0,4,500.0,0,6.0,0,49200.0
7021,6,1284,168,1.83,12,1,15.6,1920,1080,141,0,3,0,4,160,4,0,0,4,1024.0,0,8.0,0,43890.0
7022,0,4501,32,2.2,11,1,15.6,1366,768,100,0,3,0,3,123,4,0,0,4,1024.0,0,6.0,0,35415.0
7023,2,4718,380,2.0,12,1,15.6,1920,1080,141,0,5,0,8,212,8,0,0,4,1024.0,0,6.0,0,72990.0
7024,9,2637,9,1.78,12,1,15.6,1920,1080,141,0,5,0,8,146,8,0,0,4,1024.0,0,6.0,0,50990.0
7025,25,5513,126,0.87,12,1,13.3,1920,1080,166,0,7,0,12,154,8,0,0,4,1024.0,0,6.0,0,74510.0
7026,15,2097,156,1.85,12,1,15.6,1920,1080,141,0,3,0,4,160,4,0,0,4,1024.0,0,6.0,0,32990.0
7027,2,7791,447,1.8,12,1,15.6,1920,1080,141,0,7,0,12,154,8,0,0,4,1024.0,0,6.0,0,79990.0
7028,2,6451,108,3.0,0,1,14.0,1920,1080,157,0,3,0,4,155,4,0,0,4,1024.0,0,6.0,0,34500.0
7029,2,6409,156,1.7,0,1,14.0,1920,1080,157,0,3,0,4,160,4,0,0,4,1024.0,0,6.0,0,29999.0
7030,15,7958,403,1.35,12,1,14.0,1920,1080,157,0,7,0,8,160,16,0,0,4,1024.0,0,6.0,0,240999.0
7031,16,4315,156,1.86,12,1,15.6,1920,1080,141,0,7,0,12,368,16,0,0,6,1024.0,0,6.0,0,99990.0
7032,2,5064,311,2.35,12,1,15.6,1920,1080,141,0,9,0,16,323,32,0,0,8,1024.0,0,6.0,0,211000.0
7033,2,5500,326,2.6,12,1,17.3,1920,1080,127,0,7,0,16,250,32,0,0,8,1024.0,0,6.0,0,193000.0
7034,2,5240,318,2.0,12,1,14.0,1920,1080,157,1,7,0,8,214,16,0,0,6,1024.0,0,6.0,0,106158.0
7035,2,5825,444,1.6,12,1,15.6,1920,1080,141,0,5,0,8,155,8,0,0,4,1024.0,0,6.0,0,58365.0
7036,2,6100,156,1.8,12,1,15.6,1920,1080,141,1,5,0,4,86,4,0,0,4,1024.0,0,6.0,0,42990.0
7037,15,6423,402,2.07,12,1,15.6,1920,1080,141,0,7,0,12,245,16,0,0,4,1024.0,0,6.0,0,173000.0
7038,2,4719,380,2.3,12,1,15.6,1920,1080,141,0,7,0,16,212,8,0,0,4,1024.0,0,6.0,0,96600.0
7039,2,7157,506,1.4,12,1,13.3,1920,1080,166,1,7,0,8,4,16,0,0,4,1024.0,0,16.0,0,105990.0
7040,2,5820,447,1.8,12,1,15.6,1920,1080,141,0,5,0,8,160,8,0,0,4,1024.0,0,6.0,0,64990.0
7041,15,6435,402,2.07,12,1,15.6,1920,1080,141,0,7,0,12,337,64,0,0,4,1024.0,0,6.0,0,167990.0
7042,2,6431,107,1.99,0,1,15.6,1920,1080,141,0,5,0,6,160,8,0,0,4,1024.0,0,6.0,0,43999.0
7043,2,4972,303,2.3,12,1,15.6,1920,1080,141,0,7,0,8,212,16,0,0,4,1024.0,0,6.0,0,95999.0
7044,2,5499,326,2.6,12,1,17.3,1920,1080,127,0,7,0,12,209,16,0,1,6,1024.0,0,6.0,0,149394.0
7045,9,1546,243,2.23,12,1,15.6,1920,1080,141,0,5,0,8,215,8,0,1,4,1024.0,0,6.0,0,66395.0
7046,16,5334,156,2.9,12,1,17.3,1920,1080,127,0,7,0,16,261,16,0,0,8,1024.0,0,6.0,0,204990.0
7047,2,6081,424,1.6,12,1,14.0,1920,1080,157,1,3,0,4,83,4,0,0,4,1024.0,0,6.0,0,31455.0
7048,2,5852,447,1.8,12,1,15.6,1920,1080,141,1,5,0,8,4,8,0,0,4,1024.0,0,6.0,0,68990.0
7049,2,4965,303,2.3,12,1,15.6,1920,1080,141,0,7,0,12,212,8,0,0,4,1024.0,0,6.0,0,94000.0
7050,0,3658,30,1.55,12,1,14.0,1920,1080,157,0,7,0,12,239,16,0,0,2,1024.0,0,6.0,0,75490.0
7051,15,7938,189,2.3,12,1,15.6,1920,1080,141,0,7,0,12,209,8,0,0,4,1024.0,0,6.0,0,106536.0
7052,2,5822,447,1.8,12,1,15.6,1920,1080,141,0,3,0,6,160,4,0,0,4,1024.0,0,6.0,0,44500.0
7053,2,7790,156,1.8,12,1,15.6,1920,1080,141,0,3,0,6,160,4,0,0,4,1024.0,0,6.0,0,44990.0
7054,2,5824,444,1.8,12,1,15.6,1920,1080,141,0,5,0,8,155,8,0,0,4,1024.0,0,6.0,0,65990.0
7055,2,7829,427,1.8,12,1,15.6,1920,1080,141,0,3,0,4,160,4,0,0,4,1024.0,0,6.0,0,34490.0
7056,2,5815,444,1.4,12,1,14.0,1920,1080,157,0,5,0,6,160,8,0,0,4,1024.0,0,6.0,0,56900.0
7057,2,7608,424,1.6,12,1,14.0,1920,1080,157,0,5,0,6,160,8,0,0,4,1024.0,0,6.0,0,45490.0
7058,15,7315,156,1.8,0,1,14.0,1366,768,112,0,3,0,4,166,4,0,0,4,1024.0,0,6.0,0,30999.0
7059,2,5242,318,1.7,12,1,14.0,2560,1440,210,1,4,0,12,219,16,0,0,6,1024.0,0,6.0,0,119990.0
7060,2,5115,305,2.24,12,1,17.3,1920,1080,127,0,7,0,12,249,16,0,0,6,1024.0,0,6.0,0,117573.0
7061,2,5850,447,1.8,12,1,15.6,1920,1080,141,1,5,0,8,72,8,0,0,4,1024.0,0,6.0,0,56990.0
7062,2,6740,441,2.45,12,1,14.0,1920,1080,157,0,7,0,8,237,8,0,0,2,1024.0,0,6.0,0,69450.0
7063,2,7681,424,1.6,12,1,14.0,1920,1080,157,0,3,0,4,160,8,0,0,4,1024.0,0,6.0,0,39657.0
7064,15,6886,156,1.8,12,1,15.6,1920,1080,141,1,5,0,4,86,8,0,1,4,1024.0,0,9.6,0,42990.0
7065,15,3115,157,1.5,12,1,14.0,1920,1080,157,0,3,0,6,160,8,0,0,4,1024.0,0,6.0,0,57490.0
7066,15,2173,385,1.9,12,1,15.6,1920,1080,141,0,7,0,12,214,16,0,1,4,1024.0,0,6.0,0,109990.0
7067,15,6436,402,2.07,14,1,15.6,1920,1080,141,0,7,0,12,337,16,0,0,4,1024.0,0,12.0,0,139990.0
7068,16,6206,156,1.3,12,1,14.0,1920,1080,157,0,3,0,4,160,8,0,0,4,1024.0,0,6.0,0,33499.0
7069,15,6889,156,1.8,12,1,15.6,1920,1080,141,1,3,0,1,4,4,0,1,4,1024.0,0,6.0,0,32990.0
7070,15,2677,156,1.85,12,1,15.6,1920,1080,141,0,5,0,6,160,8,0,0,4,1024.0,0,6.0,0,54994.0
7071,15,2172,385,1.9,12,1,15.6,1920,1080,141,0,5,0,8,211,8,0,0,4,1024.0,0,6.0,0,81990.0
7072,2,5814,447,1.4,12,1,14.0,1920,1080,157,0,5,0,6,160,8,0,0,4,1024.0,0,9.0,0,54990.0
7073,2,5421,322,1.9,12,1,15.6,1920,1080,141,0,7,0,12,318,16,0,0,6,1024.0,0,6.0,0,111400.0
7074,2,6752,458,1.7,12,1,15.0,1920,1080,147,0,5,0,6,235,8,0,0,2,1024.0,0,6.0,0,60000.0
7075,0,3704,30,1.7,12,1,15.6,1920,1080,141,0,5,0,8,239,8,0,0,2,1024.0,0,8.0,0,52990.0
7076,6,1289,168,1.83,12,1,15.6,1920,1080,141,0,5,0,8,160,8,0,0,4,1024.0,0,6.0,0,58994.0
7077,9,3071,277,1.6,0,1,14.0,1366,768,112,1,3,0,4,4,8,0,0,4,1024.0,0,6.0,0,46074.0
7078,2,4984,303,2.3,12,1,15.6,1920,1080,141,0,7,0,16,249,16,0,0,6,1024.0,0,6.0,0,129990.0
7079,2,6411,242,1.68,12,1,14.0,1366,768,112,0,5,0,6,129,8,0,0,4,1024.0,0,6.0,0,55000.0
7080,2,7637,445,1.4,12,1,14.0,1920,1080,157,0,5,0,8,238,8,0,0,2,1024.0,0,6.0,0,79990.0
7081,9,3069,277,1.6,14,1,14.0,1366,768,112,1,5,0,8,4,8,0,0,4,1024.0,0,6.0,0,72664.0
7082,0,3702,30,1.7,12,1,15.6,1920,1080,141,0,5,0,8,239,4,0,0,2,1024.0,0,8.0,0,48667.0
7083,0,3762,31,2.15,12,1,15.6,1920,1080,141,1,5,0,12,209,16,0,0,4,1024.0,0,6.0,0,69999.0
7084,9,3077,277,2.0,14,1,15.6,1366,768,100,0,7,0,8,166,8,0,0,4,1024.0,0,6.0,0,98046.0
7085,6,1291,168,1.83,12,1,15.6,1920,1080,141,0,5,0,8,155,8,0,1,4,1024.0,0,6.0,0,59990.0
7086,15,2679,156,1.85,12,1,15.6,1920,1080,141,0,3,0,4,160,8,0,0,4,1024.0,0,6.0,0,37740.0
7087,9,2837,156,1.47,14,1,14.0,1366,768,112,0,5,0,6,160,8,0,0,4,1024.0,0,6.0,0,78520.0
7088,2,5418,322,1.9,12,1,15.6,1920,1080,141,0,7,0,12,217,16,0,0,6,1024.0,0,6.0,0,89227.0
7089,9,3072,277,1.6,14,1,14.0,1920,1080,157,1,7,0,8,4,8,0,0,4,1024.0,0,6.0,0,81126.0
7090,9,3050,277,1.28,14,1,13.3,1366,768,118,0,5,0,8,154,8,0,0,4,1024.0,0,6.0,0,86000.0
7091,15,4364,402,1.69,12,1,14.0,1920,1080,157,0,7,0,8,160,16,0,0,4,1024.0,0,6.0,0,78790.0
7092,2,7851,447,1.8,12,1,15.6,1920,1080,141,0,7,0,8,238,8,0,0,2,1024.0,0,6.0,0,70928.0
7093,2,4677,374,2.2,12,1,15.6,1920,1080,141,1,7,0,4,209,8,0,0,4,1024.0,0,6.0,0,78990.0
7094,2,5420,322,1.9,12,1,15.6,1920,1080,141,0,7,0,12,304,16,0,0,6,1024.0,0,6.0,0,130000.0
7095,15,7446,156,1.36,14,1,14.0,2560,1440,210,0,7,1,8,166,16,0,0,4,1024.0,0,6.0,0,206000.0
7096,6,1314,168,1.96,12,1,15.6,1920,1080,141,1,3,0,4,83,8,0,0,4,1024.0,0,6.0,0,36490.0
7097,15,4495,402,1.75,12,1,14.0,1920,1080,157,0,5,0,6,166,8,0,0,4,1024.0,0,6.0,0,60647.0
7098,2,6112,427,1.9,12,1,15.6,1920,1080,141,1,5,0,4,86,8,0,0,4,1024.0,0,6.0,0,43757.0
7099,2,5482,325,1.9,12,1,15.6,1920,1080,141,0,7,0,16,254,16,0,0,8,1024.0,0,6.0,0,155990.0
7100,2,4970,303,2.3,12,1,15.6,1920,1080,141,0,7,0,12,212,8,0,0,4,1024.0,0,6.0,0,86990.0
7101,2,6111,156,1.8,12,1,15.6,1920,1080,141,1,5,0,4,86,8,0,0,4,1024.0,0,5.0,0,43990.0
7102,2,5424,322,1.9,12,1,15.6,3840,2160,282,0,7,0,12,249,16,0,0,6,1024.0,0,6.0,0,109086.0
7103,2,5105,305,3.0,12,1,17.3,1920,1080,127,0,7,0,12,304,16,0,0,6,1024.0,0,6.0,0,129990.0
7104,2,4966,303,2.3,12,1,15.6,1920,1080,141,0,5,0,8,212,8,0,0,4,1024.0,0,6.0,0,78990.0
7105,2,4979,303,3.0,12,1,15.6,1920,1080,141,0,7,0,12,304,16,0,0,6,1024.0,0,6.0,0,101544.0
7106,2,5813,424,1.4,12,1,14.0,1920,1080,157,0,5,0,6,160,8,0,0,4,1024.0,0,6.0,0,61500.0
7107,15,2678,156,1.85,12,1,15.6,1920,1080,141,0,3,0,4,160,4,0,0,4,1024.0,0,7.3,0,35740.0
7108,2,4978,303,2.3,12,1,15.6,1920,1080,141,0,7,0,12,304,16,0,0,6,1024.0,0,6.0,0,112000.0
7109,2,5235,318,1.6,12,1,14.0,1920,1080,157,1,7,0,8,212,8,0,0,4,1024.0,0,6.0,0,99992.0
7110,2,5812,424,1.4,12,1,14.0,1920,1080,157,0,5,0,6,160,8,0,0,4,1024.0,0,6.0,0,63990.0
7111,2,4964,303,3.5,12,1,15.6,1920,1080,141,0,5,0,8,297,8,0,0,4,1024.0,0,6.0,0,76990.0
7112,15,4494,402,1.75,12,1,14.0,1920,1080,157,0,7,0,8,55,8,0,0,2,1024.0,0,6.0,0,119000.0
7113,9,2240,156,1.76,12,1,15.6,1366,768,100,1,4,0,5,4,4,0,0,4,1024.0,0,12.0,0,28500.0
7114,2,5114,305,2.24,12,1,17.3,1920,1080,127,0,7,0,12,249,16,0,0,6,1024.0,0,6.0,0,149000.0
7115,2,5110,305,2.85,12,1,17.3,1920,1080,127,0,7,0,12,217,16,0,0,6,1024.0,0,6.0,0,129990.0
7116,2,4982,303,2.2,12,1,15.6,1920,1080,141,0,7,0,12,249,16,0,0,6,1024.0,0,6.0,0,129990.0
7117,15,7375,156,1.85,0,1,15.6,1920,1080,141,1,3,0,5,4,4,0,0,4,1024.0,0,6.0,0,30990.0
7118,15,4418,402,1.9,14,1,15.6,1920,1080,141,0,5,0,6,76,16,0,0,2,1024.0,0,6.0,0,96500.0
7119,15,5871,402,1.7,0,1,14.0,1920,1080,157,0,5,0,6,160,8,0,0,4,1024.0,0,5.0,0,69500.0
7120,2,5145,301,2.85,12,1,17.3,1920,1080,127,0,7,0,12,209,16,0,0,4,1024.0,0,6.0,0,94754.0
7121,15,4498,402,2.1,0,1,14.0,1920,1080,157,1,5,0,4,86,8,0,0,4,1024.0,0,6.0,0,45900.0
7122,15,6675,156,1.55,12,1,14.0,1920,1080,157,0,3,0,4,113,4,0,0,4,1024.0,0,8.0,0,42990.0
7123,15,6693,156,1.6,12,1,15.6,1920,1080,141,0,5,0,6,229,8,0,0,2,1024.0,0,6.0,0,48024.0
7124,2,7731,156,1.9,12,1,15.6,1920,1080,141,0,3,0,4,160,4,0,0,4,1024.0,0,6.0,0,35994.0
7125,15,7384,156,1.85,12,1,15.6,1920,1080,141,1,4,0,4,4,4,0,0,4,1024.0,0,6.0,0,36039.0
7126,15,3318,189,2.2,12,1,15.6,1920,1080,141,0,7,0,12,209,16,0,0,4,1024.0,0,8.0,0,88990.0
7127,2,5245,318,1.7,12,1,14.0,2560,1440,210,1,4,0,12,320,32,0,0,6,1024.0,0,6.0,0,153455.0
7128,2,7736,156,1.9,12,1,15.6,1920,1080,141,0,5,0,6,160,8,0,0,4,1024.0,0,6.0,0,51959.0
7129,2,4644,379,2.6,12,1,17.3,1920,1080,127,1,5,0,8,209,8,0,0,4,1024.0,0,6.0,0,63840.0
7130,2,4828,382,2.6,12,1,17.3,1920,1080,127,0,5,0,8,212,8,0,1,4,1024.0,0,6.0,0,76475.0
7131,9,2608,5,2.1,0,1,14.0,1366,768,112,1,3,0,4,83,4,0,0,4,1024.0,0,6.0,0,25980.0
7132,2,4720,380,2.0,12,1,15.6,1920,1080,141,0,7,0,16,212,8,0,0,4,1024.0,0,8.4,0,87144.0
7133,2,5113,305,2.24,12,1,17.3,1920,1080,127,0,7,0,12,249,16,0,0,6,1024.0,0,6.0,0,122700.0
7134,2,7893,156,1.9,12,1,15.6,1366,768,100,0,2,0,4,162,4,0,0,4,1024.0,0,6.0,0,23990.0
7135,2,4830,382,2.6,12,1,17.3,1920,1080,127,0,7,0,12,297,16,0,0,4,1024.0,0,6.0,0,89775.0
7136,2,7727,427,1.9,12,1,15.6,1920,1080,141,0,5,0,6,160,8,0,0,4,1024.0,0,6.0,0,46990.0
7137,2,4619,377,2.3,12,1,15.6,1920,1080,141,1,4,0,8,249,16,0,0,6,1024.0,0,6.0,0,143000.0
7138,2,6066,424,1.6,12,1,14.0,1920,1080,157,1,5,0,6,86,8,0,0,4,1024.0,0,6.0,0,41500.0
7139,0,3893,225,2.3,12,1,15.6,1920,1080,141,1,5,0,11,212,8,0,0,4,1024.0,0,10.0,0,72890.0
7140,2,4157,106,0.99,14,1,14.0,1920,1080,157,0,7,0,8,160,16,0,0,4,1024.0,0,6.0,0,167990.0
7141,2,6412,107,1.68,14,1,14.0,1366,768,112,0,3,0,4,160,4,0,0,4,1024.0,0,6.0,0,37900.0
7142,2,7621,424,2.5,12,1,14.0,1920,1080,157,0,3,0,12,160,4,0,0,4,1024.0,0,6.0,0,42499.0
7143,0,3646,30,1.5,12,1,15.6,1920,1080,141,0,3,0,4,160,4,0,1,4,1024.0,0,6.0,0,41994.0
7144,2,4617,377,2.3,12,1,15.6,1920,1080,141,1,7,0,8,249,16,0,0,6,1024.0,0,6.0,0,105000.0
7145,2,4161,106,0.99,14,1,14.0,1920,1080,157,0,5,0,6,160,8,0,0,4,1024.0,0,6.0,0,132790.0
7146,6,1447,120,2.56,12,1,15.6,1920,1080,141,0,7,0,12,249,16,0,0,6,1024.0,0,10.0,0,138294.0
7147,2,7740,447,1.9,12,1,15.6,1920,1080,141,0,5,0,6,238,8,0,0,2,1024.0,0,6.0,0,54990.0
7148,2,5295,319,2.1,12,1,15.6,1920,1080,141,1,7,0,6,218,16,0,0,6,1024.0,0,6.0,0,89990.0
7149,0,3935,225,2.3,12,1,15.6,1920,1080,141,0,5,0,8,209,8,0,0,4,1024.0,0,10.0,0,65994.0
7150,2,5489,316,2.48,12,1,15.6,3840,2160,282,0,7,0,16,254,32,0,0,8,1024.0,0,6.0,0,202286.0
7151,6,1283,168,1.83,12,1,15.6,1920,1080,141,0,3,0,4,160,4,0,0,4,1024.0,0,8.0,0,38494.0
7152,0,481,28,1.9,12,1,15.6,1366,768,100,1,3,0,4,4,4,0,0,4,1024.0,0,6.0,0,28994.0
7153,6,1346,168,2.1,7,1,15.6,1366,768,100,1,4,0,2,41,4,0,0,4,500.0,0,6.0,0,21990.0
7154,6,1309,168,1.85,12,1,15.6,1920,1080,141,1,3,0,4,81,4,0,0,4,1024.0,0,6.0,0,34990.0
7155,9,2622,156,1.86,0,1,15.6,1366,768,100,0,3,0,3,7,4,0,0,2,1024.0,0,6.0,0,51500.0
7156,9,8127,503,2.26,14,1,15.6,1920,1080,141,0,4,1,9,336,16,0,0,4,1024.0,0,6.0,0,341440.0
7157,6,1268,156,2.2,12,1,15.6,1366,768,100,0,3,0,3,129,4,0,0,4,1024.0,0,6.0,0,32700.0
7158,9,3053,277,1.63,14,1,14.0,1366,768,112,0,3,0,3,129,4,0,0,4,1024.0,0,6.0,0,60470.0
7159,23,6597,42,2.03,12,1,15.6,1920,1080,141,0,7,0,9,291,16,0,0,8,1024.0,0,6.0,0,299999.0
7160,15,7061,402,1.3,14,1,14.0,1920,1080,157,0,5,0,6,160,8,0,0,4,1024.0,0,6.0,0,99990.0
7161,9,560,100,1.21,12,1,12.3,1920,1080,179,3,4,1,8,377,4,0,0,4,1024.0,0,6.0,0,104520.0
7162,15,5868,402,1.3,12,1,14.0,1920,1080,157,0,7,0,8,160,8,0,0,4,1024.0,0,6.0,0,100990.0
7163,2,4556,447,2.4,12,1,15.6,1920,1080,141,0,5,0,3,129,8,0,0,4,1024.0,0,6.0,0,54100.0
7164,6,1445,168,2.2,12,1,15.6,1920,1080,141,0,7,0,8,314,8,0,0,4,1024.0,0,6.0,0,86490.0
7165,9,3046,277,1.49,14,1,13.3,1366,768,118,0,5,0,3,129,8,0,0,4,1024.0,0,6.0,0,78860.0
7166,15,2743,156,2.19,12,1,15.6,1366,768,100,0,1,0,2,120,4,0,0,4,1024.0,0,6.0,0,30830.0
7167,15,7060,402,1.3,14,1,14.0,1920,1080,157,0,5,0,6,160,16,0,0,4,1024.0,0,6.0,0,104990.0
7168,2,4664,374,2.3,12,1,15.6,1920,1080,141,0,5,0,8,201,8,0,0,2,1024.0,0,6.0,0,73580.0
7169,2,4576,447,2.08,12,1,17.3,1600,900,106,0,2,0,4,162,8,0,0,4,1024.0,0,6.0,0,49730.0
7170,15,504,48,1.45,3,1,11.6,1366,768,135,0,1,1,2,120,4,0,0,4,1024.0,0,6.0,0,35150.0
7171,9,3396,94,1.46,12,1,14.0,1920,1080,157,0,5,0,6,166,8,0,0,4,1024.0,0,6.0,0,132900.0
7172,15,7443,399,1.13,14,1,14.0,1920,1080,157,0,7,0,8,166,16,0,0,4,1024.0,0,6.0,0,232000.0
7173,15,2014,115,2.0,12,1,15.6,1920,1080,141,0,5,1,6,166,8,0,0,4,1024.0,0,10.5,0,73820.0
7174,2,6456,242,2.35,14,1,15.6,1920,1080,141,0,5,0,6,233,8,0,0,2,1024.0,0,9.0,0,76280.0
7175,16,5474,156,2.2,12,1,15.6,1920,1080,141,0,5,0,8,205,8,0,1,4,1024.0,0,6.0,0,84110.0
7176,2,4668,374,2.31,12,1,15.6,1920,1080,141,0,7,0,9,205,8,0,0,4,1024.0,0,6.0,0,93260.0
7177,16,5473,156,2.2,12,1,15.6,1920,1080,141,0,7,0,8,205,8,0,0,4,1024.0,0,6.0,0,102100.0
7178,0,6874,341,2.19,12,1,15.6,1920,1080,141,0,7,1,8,201,8,0,0,4,1024.0,0,6.0,0,92920.0
7179,13,738,532,0.96,12,1,13.3,1920,1080,166,0,5,0,6,166,8,0,0,4,1024.0,0,22.5,0,105520.0
7180,15,7317,156,1.6,14,1,14.0,1366,768,112,0,5,0,6,160,4,0,0,4,1024.0,0,6.0,0,59500.0
7181,9,8003,94,1.25,14,1,13.3,1920,1080,166,0,7,1,8,166,8,0,0,4,1024.0,0,6.0,0,175080.0
7182,15,103,159,1.85,12,1,15.6,1920,1080,141,0,3,0,4,160,4,0,0,4,1024.0,0,6.0,0,32990.0
7183,15,7355,156,1.85,0,1,15.6,1920,1080,141,0,3,0,4,166,4,0,0,4,1024.0,0,6.0,0,29990.0
7184,15,7319,156,1.6,12,1,14.0,1366,768,112,0,3,0,4,166,4,0,0,4,1024.0,0,6.0,0,31290.0
7185,15,5887,156,2.2,12,1,15.6,1920,1080,141,0,5,0,8,287,8,0,0,3,1024.0,0,6.0,0,55000.0
7186,9,8004,156,1.25,14,1,13.3,1920,1080,166,0,5,1,6,166,8,0,0,4,1024.0,0,6.0,0,157950.0
7187,15,3315,189,2.3,12,1,14.0,1920,1080,157,0,7,0,12,209,16,0,0,4,1024.0,0,6.0,0,98990.0
7188,15,7310,156,1.55,0,1,14.0,1920,1080,157,0,5,0,6,166,4,0,0,4,1024.0,0,6.0,0,45900.0
7189,15,7320,156,1.6,12,1,14.0,1366,768,112,0,3,0,4,166,4,0,0,4,1024.0,0,6.0,0,37999.0
7190,15,5865,402,1.61,0,1,14.0,1366,768,112,0,5,0,6,160,8,0,0,4,500.0,0,6.0,0,65290.0
7191,15,6674,156,1.55,12,1,14.0,1920,1080,157,0,3,0,4,160,8,0,0,4,1024.0,0,6.0,0,77286.0
7192,9,918,48,1.5,3,1,14.0,1920,1080,157,0,1,0,2,120,4,0,0,4,1024.0,0,6.0,0,57229.0
7193,15,100,159,1.85,12,1,15.6,1920,1080,141,0,3,0,4,160,4,0,0,4,1024.0,0,6.0,0,37990.0
7194,15,3313,189,2.3,12,1,15.6,1920,1080,141,0,7,0,12,301,16,0,0,4,1024.0,0,6.0,0,95990.0
7195,9,4847,494,1.75,14,1,15.6,1920,1080,141,0,7,0,8,160,16,0,0,4,1024.0,0,6.0,0,117990.0
7196,9,2252,156,1.74,12,1,15.6,1920,1080,141,0,3,0,4,166,4,0,0,4,1024.0,0,6.0,0,35999.0
7197,9,3052,277,2.2,12,1,14.0,1366,768,112,0,3,0,6,166,8,0,0,4,1024.0,0,6.0,0,74500.0
7198,9,1745,156,1.69,12,1,15.6,1920,1080,141,0,5,0,6,160,8,0,1,4,1024.0,0,6.0,0,71860.0
7199,16,4221,288,2.5,16,1,16.0,2560,1600,189,0,4,0,24,268,32,0,0,8,1024.0,0,6.0,1,155990.0
7200,16,4108,174,2.25,16,1,15.6,1920,1080,141,0,7,0,24,268,16,0,0,8,1024.0,0,6.0,1,128690.0
7201,0,3970,227,2.1,16,1,15.6,1920,1080,141,1,7,0,12,255,16,0,0,6,1024.0,0,6.0,1,71990.0
7202,16,4117,373,2.3,16,1,16.0,1920,1200,142,0,7,0,12,267,16,0,0,8,1024.0,0,6.0,1,129990.0
7203,15,1062,142,1.3,16,1,14.0,1366,768,112,0,1,0,4,161,4,0,0,4,1024.0,0,7.0,1,19190.0
7204,0,3973,227,2.1,16,1,15.6,1920,1080,141,1,5,0,12,248,8,0,0,4,1024.0,0,6.0,1,52200.0
7205,0,3969,227,2.1,16,1,15.6,1920,1080,141,1,5,0,12,255,8,0,0,6,1024.0,0,6.0,1,82999.0
7206,2,4452,452,1.63,16,1,15.6,1920,1080,141,1,5,0,4,4,8,0,0,4,1024.0,0,6.0,1,36990.0
7207,16,4220,288,2.5,16,1,16.0,2560,1600,189,0,4,0,24,268,32,0,0,8,1024.0,0,6.0,1,174990.0
7208,0,6470,254,2.65,16,1,16.0,2560,1600,189,0,9,0,36,268,16,0,0,8,1024.0,0,6.0,1,188000.0
7209,25,6234,129,1.55,16,1,15.6,1920,1080,141,0,5,0,12,155,16,0,0,4,1024.0,0,6.0,1,53750.0
7210,5,64,104,2.4,16,1,15.6,1920,1080,141,0,5,0,12,266,16,0,0,6,1024.0,0,3.0,1,67990.0
7211,9,2305,156,1.69,16,1,15.6,1920,1080,141,1,5,0,8,4,8,0,0,4,1024.0,0,6.0,1,39990.0
7212,25,6233,129,1.55,16,1,15.6,1920,1080,141,0,5,0,12,155,8,0,0,4,1024.0,0,6.0,1,52990.0
7213,5,63,104,2.4,16,1,15.6,1920,1080,141,0,5,0,12,266,16,0,0,6,1024.0,0,3.0,1,68990.0
7214,15,5621,415,1.65,16,1,15.6,1920,1080,141,1,7,0,12,4,16,0,0,4,1024.0,0,8.0,1,43990.0
7215,2,7293,523,1.65,16,1,14.0,1920,1200,162,0,4,1,24,107,32,0,0,4,1024.0,0,8.0,1,167999.0
7216,5,65,104,2.4,16,1,15.6,2560,1600,194,0,7,0,24,267,16,0,0,8,1024.0,0,3.0,1,82990.0
7217,15,2063,154,1.7,16,1,15.6,1920,1080,141,0,3,0,10,160,8,0,0,4,1024.0,0,10.0,1,33990.0
7218,9,2346,156,1.69,16,1,15.6,1920,1080,141,0,5,0,12,160,8,0,0,4,1024.0,0,6.0,1,48069.0
7219,5,67,104,2.4,16,1,15.6,2560,1600,194,0,7,0,12,267,16,0,0,8,1024.0,0,3.0,1,91990.0
7220,5,66,104,2.4,16,1,15.6,2560,1600,194,0,7,0,24,267,16,0,0,8,1024.0,0,3.0,1,82990.0
7221,9,76,3,1.47,0,1,14.0,1366,768,112,0,3,0,10,155,8,0,0,4,1024.0,0,6.0,1,32999.0
7222,15,215,150,1.46,16,1,14.0,2880,1800,243,0,4,0,24,107,32,0,0,4,1024.0,0,5.0,1,107990.0
7223,15,5081,389,1.7,16,1,16.0,1920,1080,138,0,5,0,12,160,16,0,0,4,1024.0,0,9.15,1,59990.0
7224,9,2308,156,1.69,16,1,15.6,1920,1080,141,1,7,0,8,4,16,0,0,4,1024.0,0,9.0,1,50990.0
7225,9,2343,156,1.69,16,1,15.6,1920,1080,141,0,3,0,10,160,8,0,0,4,1024.0,0,6.0,1,38990.0
7226,9,269,495,1.72,18,1,16.0,1920,1200,142,0,7,0,12,155,16,0,0,4,1024.0,0,6.0,1,137730.0
7227,15,240,180,2.38,5,1,15.6,1920,1080,141,0,7,0,24,255,16,0,0,6,1024.0,0,6.0,1,90690.0
7228,16,4320,66,2.5,16,1,16.0,2560,1600,189,0,7,0,12,267,16,0,0,8,1024.0,0,6.0,1,134990.0
7229,9,71,11,1.74,0,1,15.6,1920,1080,141,0,1,0,4,160,8,0,0,4,1024.0,0,3.0,1,23490.0
7230,9,272,495,1.45,18,1,14.0,1920,1200,162,0,5,0,12,357,16,0,0,4,1024.0,0,6.0,1,93200.0
7231,9,275,495,1.72,18,1,16.0,1920,1200,142,0,5,0,12,355,16,0,0,4,1024.0,0,6.0,1,95000.0
7232,16,1139,333,3.1,16,1,17.0,2560,1600,178,0,9,0,36,270,32,0,0,16,1024.0,0,6.0,1,347290.0
7233,15,4936,390,2.0,18,1,14.0,1920,1080,157,0,7,0,12,155,16,0,0,4,1024.0,0,6.0,1,91000.0
7234,9,270,495,1.45,18,1,14.0,1920,1200,162,0,7,0,12,355,16,0,0,4,1024.0,0,6.0,1,133500.0
7235,16,3455,344,1.7,16,1,14.0,1920,1080,157,0,7,0,12,266,16,0,0,6,1024.0,0,6.0,1,148640.0
7236,2,7526,427,1.7,16,1,15.6,1920,1080,141,0,3,0,10,160,8,0,0,4,1024.0,0,6.0,1,36990.0
7237,2,7292,523,1.65,16,1,14.0,1920,1200,162,0,4,1,18,107,16,0,0,4,1024.0,0,6.0,1,194990.0
7238,16,4322,66,2.5,16,1,16.0,2560,1600,189,0,7,0,12,268,32,0,0,8,1024.0,0,6.0,1,172590.0
7239,15,2072,180,2.38,16,1,15.6,1920,1080,141,0,5,0,12,255,16,0,0,6,1024.0,0,6.0,1,71990.0
7240,15,222,197,2.62,16,1,16.0,2560,1600,189,0,9,0,36,270,32,0,0,16,1024.0,0,6.0,1,319990.0
7241,2,5794,450,1.8,16,1,16.0,1920,1200,142,0,5,0,18,255,16,0,0,4,1024.0,0,6.0,1,59990.0
7242,2,7295,523,1.65,16,1,14.0,1920,1200,162,0,4,1,24,107,32,0,0,4,1024.0,0,8.0,1,290990.0
7243,15,182,414,1.43,0,1,14.0,1920,1080,157,0,5,0,12,155,8,0,0,4,1024.0,0,5.8,1,37970.0
7244,2,7532,427,1.7,16,1,15.6,1920,1080,141,0,5,0,12,155,8,0,0,4,1024.0,0,6.0,1,45990.0
7245,15,5713,390,1.41,16,1,14.0,1920,1200,162,0,7,0,12,155,16,0,0,4,1024.0,0,6.0,1,96990.0
7246,15,183,156,1.43,18,1,14.0,1920,1080,157,0,5,0,12,155,8,0,0,4,1024.0,0,5.8,1,39790.0
7247,2,7294,523,1.65,16,1,14.0,1920,1200,162,0,4,1,24,107,32,0,0,4,1024.0,0,8.0,1,211900.0
7248,15,219,155,1.46,16,1,14.0,1920,1200,162,0,4,0,18,107,16,0,0,4,1024.0,0,5.0,1,79243.0
7249,0,3601,28,1.78,16,1,15.6,1920,1080,141,0,5,0,12,155,8,0,0,4,1024.0,0,6.0,1,46999.0
7250,16,4146,384,1.86,16,1,15.6,1920,1080,141,1,5,0,12,266,16,0,0,6,1024.0,0,6.0,1,70990.0
7251,0,6852,367,1.3,16,1,14.0,2880,1800,243,0,4,0,18,107,16,0,0,4,1024.0,0,6.0,1,74990.0
7252,0,3810,34,1.59,16,1,15.6,1920,1080,141,1,3,0,12,4,16,0,0,4,1024.0,0,6.0,1,31990.0
7253,0,6472,254,2.65,16,1,16.0,2560,1600,189,0,9,0,12,269,32,0,0,12,1024.0,0,6.0,1,239990.0
7254,0,6522,258,2.8,16,1,16.0,1920,1200,142,0,7,0,12,266,16,0,0,6,1024.0,0,6.0,1,113990.0
7255,16,4147,384,1.86,16,1,15.6,1920,1080,141,1,7,0,12,267,16,0,0,8,1024.0,0,6.0,1,92990.0
7256,16,4143,384,1.86,16,1,15.6,1920,1080,141,1,5,0,12,248,16,0,0,4,1024.0,0,6.0,1,54990.0
7257,0,6856,367,1.3,16,1,14.0,2880,1800,243,0,4,1,18,107,16,0,0,4,1024.0,0,6.0,1,69990.0
7258,16,4142,384,1.86,16,1,15.6,1920,1080,141,1,5,0,12,255,16,0,0,4,1024.0,0,6.0,1,57950.0
7259,16,4027,268,1.49,16,1,14.0,1920,1200,162,0,5,0,12,155,16,0,0,4,1024.0,0,6.0,1,70567.0
7260,16,4145,384,1.86,16,1,15.6,1920,1080,141,1,7,0,12,266,16,0,0,6,1024.0,0,6.0,1,84990.0
7261,16,4024,265,1.0,16,1,13.0,1920,1200,174,0,5,0,12,155,8,0,0,4,1024.0,0,6.0,1,74910.0
7262,15,1051,148,1.5,16,1,14.0,1920,1200,162,0,3,0,10,160,8,0,0,4,1024.0,0,6.0,1,50500.0
7263,9,2448,423,1.36,16,1,16.0,1920,1080,138,1,7,0,16,255,16,0,0,6,1024.0,0,7.45,1,95630.0
7264,15,223,196,2.2,16,1,16.0,2560,1600,189,0,7,0,12,267,16,0,0,8,1024.0,0,6.0,1,153990.0
7265,2,7480,427,1.8,16,1,15.6,1920,1080,141,0,2,0,4,160,8,0,1,4,1024.0,0,6.0,1,37490.0
7266,16,4111,63,2.29,18,1,16.1,2560,1600,188,0,7,0,12,354,16,0,0,6,1024.0,0,6.0,1,178990.0
7267,15,260,193,2.2,16,1,16.0,3200,2000,236,0,9,0,36,267,16,0,0,8,1024.0,0,6.0,1,173062.0
7268,15,224,196,2.2,16,1,16.0,2560,1600,189,0,9,0,36,268,32,0,0,8,1024.0,0,6.0,1,189999.0
7269,10,456,209,1.4,16,1,14.0,1920,1200,162,0,5,0,12,160,16,0,0,4,1024.0,0,12.0,1,56490.0
7270,15,259,193,2.2,16,1,16.0,3200,2000,236,0,9,0,36,268,32,0,0,8,1024.0,0,6.0,1,209000.0
7271,9,2341,156,1.69,16,1,15.6,1920,1080,141,0,3,0,10,160,8,0,0,4,1024.0,0,6.0,1,33333.0
7272,0,6521,258,2.8,16,1,16.0,2560,1600,189,0,7,0,12,269,16,0,0,8,1024.0,0,6.0,1,136990.0
7273,0,3808,34,1.59,16,1,15.6,1920,1080,141,1,7,0,8,4,16,0,0,4,1024.0,0,7.0,1,42990.0
7274,10,439,211,1.75,16,1,16.0,1920,1200,142,0,5,0,12,160,8,0,0,4,1024.0,0,11.5,1,51290.0
7275,0,6520,258,2.8,16,1,16.0,2560,1600,189,0,9,0,36,268,16,0,0,8,1024.0,0,6.0,1,171900.0
7276,15,1080,155,1.46,16,1,14.0,1920,1200,162,0,4,0,18,107,16,0,0,4,1024.0,0,6.0,1,79990.0
7277,15,2056,154,1.62,16,1,15.6,1920,1080,141,0,5,0,12,160,16,0,0,4,1024.0,0,6.0,1,55390.0
7278,10,438,211,1.75,16,1,16.0,1920,1200,142,0,5,0,12,160,16,0,0,4,1024.0,0,11.5,1,58490.0
7279,9,299,496,1.4,18,1,14.0,1920,1200,162,1,4,0,16,19,16,0,0,4,1024.0,0,6.0,1,117347.0
7280,15,251,487,2.2,16,1,14.0,1920,1200,162,0,5,0,12,155,16,0,0,4,1024.0,0,6.0,1,79690.0
7281,15,2113,154,1.62,16,1,15.6,1920,1080,141,0,5,0,12,160,16,0,0,4,1024.0,0,6.0,1,59490.0
7282,9,900,101,1.39,16,1,14.0,2880,1800,243,0,4,1,12,133,16,0,0,4,1024.0,0,6.0,1,99990.0
7283,15,2057,154,1.62,16,1,15.6,1920,1080,141,0,5,0,12,160,16,0,0,4,1024.0,0,12.0,1,49890.0
7284,9,1978,101,1.77,16,1,15.6,1920,1080,141,0,7,1,12,255,16,0,0,4,1024.0,0,6.0,1,149588.0
7285,15,4883,392,1.77,0,1,16.0,1920,1200,142,0,5,0,12,155,8,0,0,4,1024.0,0,6.0,1,63490.0
7286,9,993,101,1.39,16,1,14.0,1920,1200,162,1,5,1,16,4,16,0,0,4,1024.0,0,6.0,1,78790.0
7287,9,2344,156,1.69,16,1,15.6,1920,1080,141,0,5,0,12,155,8,0,0,4,1024.0,0,6.0,1,43990.0
7288,9,2342,156,1.69,15,1,15.6,1920,1080,141,0,3,0,10,160,8,0,0,4,1024.0,0,6.0,1,35950.0
7289,9,1000,101,1.39,16,1,14.0,1920,1200,162,0,4,0,12,160,16,0,0,4,1024.0,0,6.0,1,89790.0
7290,25,6245,129,1.55,16,1,15.6,1920,1080,141,0,4,0,12,106,16,0,0,4,1024.0,0,6.0,1,67990.0
7291,16,4126,270,1.6,16,1,16.1,3840,2400,281,0,4,0,24,267,32,0,0,8,1024.0,0,10.0,1,179990.0
7292,9,999,101,1.39,16,1,14.0,2880,1800,243,0,4,1,12,106,32,0,0,4,1024.0,0,6.0,1,144900.0
7293,9,1001,101,1.39,16,1,14.0,1920,1200,162,0,4,1,12,106,16,0,0,4,1024.0,0,6.0,1,104990.0
7294,9,994,101,1.39,16,1,14.0,1920,1200,162,1,7,1,16,4,16,0,0,4,1024.0,0,6.0,1,85900.0
7295,15,211,488,2.2,16,1,14.0,1920,1200,162,0,4,0,24,107,32,0,0,4,1024.0,0,6.0,1,102990.0
7296,15,216,150,1.94,16,1,16.0,2048,1280,151,0,4,0,24,255,16,0,0,6,1024.0,0,5.0,1,126190.0
7297,25,6243,129,1.55,16,1,15.6,1920,1080,141,0,4,0,12,106,8,0,0,4,1024.0,0,6.0,1,54490.0
7298,2,7478,427,1.8,16,1,15.6,1920,1080,141,0,2,0,4,160,8,0,1,4,1024.0,0,6.0,1,27650.0
7299,16,4113,64,3.35,18,1,16.1,2560,1600,188,0,9,0,12,347,64,0,0,8,1024.0,0,6.0,1,428990.0
7300,15,4937,415,1.65,0,1,15.6,1920,1080,141,1,5,0,4,13,8,0,0,4,1024.0,0,8.7,1,30940.0
7301,25,6244,129,1.55,16,1,15.6,1920,1080,141,0,4,0,12,106,16,0,0,4,1024.0,0,6.0,1,52940.0
7302,15,5708,394,1.34,18,1,14.0,1920,1200,162,0,7,0,18,160,16,0,0,4,1024.0,0,6.0,1,129990.0
7303,2,7268,527,1.0,16,1,13.3,2880,1800,255,0,4,0,12,133,16,0,0,4,1024.0,0,6.0,1,152990.0
7304,2,7269,527,1.0,16,1,13.3,2880,1800,255,0,4,0,12,133,16,0,0,4,1024.0,0,6.0,1,158990.0
7305,2,7270,527,1.0,16,1,13.3,2880,1800,255,0,4,0,12,133,32,0,0,4,1024.0,0,6.0,1,139990.0
7306,2,7539,427,1.7,16,1,15.6,1920,1080,141,0,4,0,12,133,16,0,0,4,1024.0,0,6.0,1,50990.0
7307,2,7537,427,1.7,16,1,15.6,1920,1080,141,0,4,0,10,133,8,0,1,4,1024.0,0,6.0,1,57990.0
7308,6,3287,170,1.87,16,1,16.0,1920,1080,138,0,5,0,12,115,16,0,0,4,1024.0,0,7.0,1,54900.0
7309,16,3444,54,1.6,18,1,14.0,1920,1200,162,0,5,0,12,155,16,0,0,4,1024.0,0,14.0,1,79990.0
7310,16,3445,54,1.6,16,1,14.0,1920,1200,162,0,7,0,12,155,16,0,0,4,1024.0,0,6.0,1,83240.0
7311,15,1044,154,1.37,16,1,14.0,1920,1080,157,0,5,0,12,160,16,0,0,4,1024.0,0,6.0,1,49990.0
7312,16,3482,263,1.0,16,1,13.3,2880,1800,255,0,4,0,18,107,16,0,0,4,1024.0,0,6.0,1,89990.0
7313,2,7271,527,1.0,16,1,13.3,2880,1800,255,0,4,0,12,133,32,0,0,4,1024.0,0,6.0,1,172990.0
7314,15,2021,149,2.25,16,1,15.6,1920,1080,141,1,5,0,16,209,16,0,0,4,1024.0,0,6.5,1,54990.0
7315,16,4319,217,1.6,16,1,14.0,1920,1200,162,0,5,0,12,155,16,0,0,4,1024.0,0,6.0,1,52990.0
7316,16,3481,263,1.0,16,1,13.3,2880,1800,255,0,4,0,24,107,16,0,0,4,1024.0,0,6.0,1,90999.0
7317,16,4125,270,1.6,16,1,15.6,2560,1600,194,0,4,0,24,266,32,0,0,6,1024.0,0,10.0,1,149990.0
7318,16,4127,270,1.6,16,1,16.0,2560,1600,189,0,4,0,24,267,32,0,0,8,1024.0,0,10.0,1,169990.0
7319,16,4153,177,2.7,16,1,17.3,1920,1080,127,1,7,0,12,267,16,0,0,8,1024.0,0,6.0,1,109990.0
7320,16,3490,347,1.99,16,1,16.0,2560,1600,189,0,4,0,24,267,32,0,0,8,1024.0,0,6.0,1,144645.0
7321,16,4148,176,2.25,16,1,15.6,1920,1080,141,1,7,0,12,266,16,0,0,6,1024.0,0,6.0,1,89990.0
7322,16,3492,343,1.7,16,1,14.1,2880,1800,241,0,4,0,24,267,32,0,0,8,1024.0,0,6.0,1,201991.0
7323,16,3476,417,3.0,16,1,17.0,2560,1600,178,0,9,0,36,269,32,0,0,12,1024.0,0,6.0,1,247990.0
7324,16,3493,347,1.9,18,1,16.0,2560,1600,189,0,4,0,24,268,32,0,0,8,1024.0,0,6.0,1,199990.0
7325,16,4197,219,1.9,16,1,15.6,1920,1080,141,0,7,0,12,155,16,0,0,4,1024.0,0,6.0,1,66990.0
7326,9,1977,101,1.77,16,1,15.6,1920,1080,141,0,7,1,12,255,16,0,0,4,1024.0,0,6.0,1,132727.0
7327,16,3469,416,2.7,16,1,16.0,2560,1600,189,0,7,0,12,268,32,0,0,8,1024.0,0,6.0,1,189990.0
7328,16,4196,219,1.9,16,1,15.6,1920,1080,141,0,9,0,12,155,16,0,0,4,1024.0,0,6.0,1,73990.0
7329,16,4198,219,1.9,16,1,15.6,1920,1080,141,0,5,0,12,155,16,0,0,4,1024.0,0,6.0,1,47999.0
7330,1,5992,203,2.66,30,1,15.3,2880,1864,224,3,4,0,20,160,8,0,0,4,1024.0,0,18.0,1,134900.0
7331,16,3442,54,1.6,18,1,14.0,1920,1200,162,0,7,0,12,155,32,0,0,4,1024.0,0,14.0,1,97990.0
7332,15,1067,153,1.54,16,1,15.6,1366,768,100,0,1,0,4,161,8,0,1,4,1024.0,0,10.0,1,23990.0
7333,16,1137,333,3.1,16,1,17.0,2560,1600,178,0,9,0,36,269,32,0,0,16,1024.0,0,6.0,1,271300.0
7334,15,27,390,2.2,18,1,14.0,1920,1200,162,0,5,0,12,155,16,0,0,4,1024.0,0,6.0,1,69499.0
7335,10,2593,209,1.4,16,1,14.0,1920,1200,162,0,5,0,12,160,8,0,0,4,1024.0,0,11.5,1,54490.0
7336,9,997,231,1.75,16,1,14.0,2880,1800,243,0,4,0,24,267,16,0,0,8,1024.0,0,6.0,1,120790.0
7337,16,3486,69,1.9,16,1,15.6,1920,1080,141,0,4,0,24,266,16,0,0,6,1024.0,0,6.0,1,99990.0
7338,1,5994,203,1.51,30,1,15.3,2880,1864,224,3,4,0,20,160,8,0,0,4,1024.0,0,18.0,1,134900.0
7339,15,262,180,2.2,16,1,15.6,1920,1080,141,0,5,0,12,255,16,0,0,6,1024.0,0,6.0,1,69899.0
7340,16,3491,69,1.9,16,1,15.6,1920,1080,141,0,4,0,24,267,16,0,0,8,1024.0,0,6.0,1,95161.0
7341,15,2094,149,2.25,16,1,15.6,1920,1080,141,0,5,0,8,209,16,0,1,4,1024.0,0,6.5,1,54990.0
7342,16,3487,69,1.9,16,1,15.6,1920,1080,141,0,4,0,18,266,16,0,0,6,1024.0,0,6.0,1,89990.0
7343,15,225,192,2.2,16,1,16.0,2560,1600,189,0,7,0,12,266,16,0,0,6,1024.0,0,6.0,1,126980.0
7344,16,4122,269,1.5,16,1,16.0,2561,1600,189,0,4,0,24,135,16,0,0,4,1024.0,0,6.0,1,106990.0
7345,9,2226,156,2.2,16,1,15.6,1920,1080,141,1,5,0,12,4,16,0,0,4,1024.0,0,6.0,1,41490.0
7346,9,119,281,1.38,2,1,14.0,1920,1080,157,0,5,0,12,155,8,0,0,4,1024.0,0,6.0,1,69999.0
7347,15,226,192,2.2,16,1,16.0,2560,1600,189,0,7,0,12,267,16,0,0,8,1024.0,0,6.0,1,146990.0
7348,15,254,159,1.62,16,1,15.6,1920,1080,141,0,5,0,12,160,16,0,0,4,1024.0,0,6.0,1,57999.0
7349,15,227,192,2.3,16,1,16.0,2560,1600,189,0,7,0,12,268,16,0,0,8,1024.0,0,6.0,1,166063.0
7350,0,4277,50,1.68,3,1,15.6,1920,1080,141,0,3,0,12,160,8,0,0,4,1024.0,0,6.0,1,22990.0
7351,9,1801,243,1.75,16,1,15.6,1920,1080,141,1,7,0,16,4,16,0,0,4,1024.0,0,8.0,1,67600.0
7352,15,4881,403,2.2,14,1,13.3,2048,1536,192,0,5,1,12,160,8,0,1,4,1024.0,0,10.4,1,99000.0
7353,0,5910,26,1.59,16,1,15.6,1920,1080,141,0,3,0,12,160,8,0,0,4,1024.0,0,7.0,1,32500.0
7354,15,2112,180,2.2,16,1,15.6,1920,1080,141,0,5,0,12,248,16,0,0,4,1024.0,0,5.0,1,63990.0
7355,15,5691,473,2.2,16,1,14.0,1920,1200,162,1,7,1,12,16,16,0,0,4,1024.0,0,6.0,1,92588.0
7356,9,1982,101,1.82,16,1,15.6,1920,1080,141,1,5,1,16,4,8,0,0,4,1024.0,0,6.0,1,62990.0
7357,15,6926,156,2.2,16,1,15.6,1920,1080,141,1,7,0,12,4,16,0,1,4,1024.0,0,8.0,1,46990.0
7358,25,3039,126,1.23,16,1,14.0,2880,1800,243,0,4,1,18,107,16,0,0,4,1024.0,0,7.5,1,105290.0
7359,2,4820,382,2.6,16,1,17.0,1920,1080,130,0,5,0,12,248,16,0,0,4,1024.0,0,6.0,1,53990.0
7360,9,4838,494,1.45,18,1,14.0,1920,1200,162,0,7,0,12,155,16,0,0,4,1024.0,0,6.0,1,140999.0
7361,2,5199,314,3.1,16,1,18.0,2560,1600,168,0,9,0,36,270,32,0,0,16,1024.0,0,6.0,1,346935.0
7362,25,3034,126,1.46,16,1,15.6,1920,1080,141,0,4,1,12,114,16,0,0,4,1024.0,0,8.7,1,108990.0
7363,2,5436,320,1.85,16,1,16.0,2560,1600,189,0,4,0,24,268,16,0,0,8,1024.0,0,6.0,1,189990.0
7364,0,5903,26,1.59,16,1,15.6,1920,1080,141,1,5,0,12,4,16,0,0,4,1024.0,0,6.0,1,41999.0
7365,0,6519,258,2.6,16,1,16.0,1920,1200,142,0,5,0,12,266,16,0,0,6,1024.0,0,6.0,1,104990.0
7366,0,4534,110,1.78,16,1,15.6,1920,1080,141,0,3,0,12,160,8,0,0,4,1024.0,0,6.0,1,33999.0
7367,0,3727,30,1.75,16,1,15.6,1920,1080,141,0,3,0,12,160,8,0,0,4,1024.0,0,6.0,1,40990.0
7368,0,3876,224,2.7,16,1,16.0,1920,1200,142,1,7,0,12,267,16,0,0,8,1024.0,0,10.0,1,129990.0
7369,0,3875,224,2.7,16,1,16.0,1920,1200,142,1,7,0,12,266,8,0,0,6,1024.0,0,10.0,1,114990.0
7370,0,3733,30,1.75,16,1,15.6,1920,1080,141,0,3,0,12,160,8,0,0,4,1024.0,0,6.0,1,48440.0
7371,2,6363,518,1.28,16,1,14.0,2880,1800,243,0,4,0,24,107,16,0,0,4,1024.0,0,6.0,1,104990.0
7372,9,8119,338,1.95,16,1,16.0,2880,1800,212,0,4,1,24,107,32,0,0,4,1024.0,0,6.0,1,195990.0
7373,2,6362,518,1.28,16,1,14.0,2880,1800,243,0,4,1,18,107,16,0,0,4,1024.0,0,6.0,1,93249.0
7374,2,6361,518,1.28,16,1,14.0,2880,1800,243,0,4,1,18,107,16,0,0,4,1024.0,0,6.0,1,94990.0
7375,15,3419,189,2.56,16,1,16.0,3200,2000,236,0,9,0,36,270,32,0,0,16,1024.0,0,6.5,1,450190.0
7376,2,1144,447,1.45,16,1,14.0,1920,1200,162,0,7,0,24,248,16,0,0,4,1024.0,0,6.0,1,82990.0
7377,8,4006,156,2.8,18,1,17.3,2560,1440,170,0,7,0,12,268,16,0,0,8,1024.0,0,6.0,1,178076.0
7378,2,4794,380,2.2,16,1,15.6,1920,1080,141,0,7,0,24,255,16,0,0,4,1024.0,0,6.0,1,81900.0
7379,2,2538,447,1.8,16,1,16.0,1920,1200,142,0,7,0,24,266,16,0,0,6,1024.0,0,3.0,1,87493.0
7380,2,5844,456,1.9,16,1,16.0,3200,2000,236,0,5,0,18,266,16,0,1,6,1024.0,0,6.0,1,84990.0
7381,6,4924,156,2.81,16,1,15.6,1920,1080,141,0,7,0,24,255,16,0,0,6,1024.0,0,6.0,1,94490.0
7382,6,2959,168,1.65,16,1,15.6,1920,1080,141,0,3,0,10,160,8,0,0,4,1024.0,0,6.0,1,40800.0
7383,6,3367,166,1.58,16,1,14.0,1920,1200,162,0,3,1,10,155,8,0,0,4,1024.0,0,6.0,1,57999.0
7384,2,2537,447,1.8,16,1,16.0,1920,1200,142,0,5,0,12,266,16,0,0,6,1024.0,0,5.0,1,78990.0
7385,2,6130,437,1.8,16,1,15.6,1920,1080,141,1,5,0,19,248,8,0,0,4,1024.0,0,6.0,1,52999.0
7386,6,4929,156,2.81,16,1,15.6,1920,1080,141,0,7,0,24,266,16,0,0,6,1024.0,0,5.0,1,99990.0
7387,12,5746,141,1.78,16,1,16.0,1920,1200,142,0,7,0,12,155,16,0,0,4,1024.0,0,8.0,1,47990.0
7388,2,7549,427,1.7,16,1,15.6,1920,1080,141,0,5,0,12,155,8,0,0,4,1024.0,0,3.0,1,40890.0
7389,2,1146,426,1.4,16,1,14.0,2880,1800,243,0,5,0,18,255,16,0,0,4,1024.0,0,6.0,1,81800.0
7390,2,4818,382,2.6,16,1,17.0,1920,1080,130,0,5,0,12,248,8,0,1,4,1024.0,0,6.0,1,54990.0
7391,15,6441,395,2.22,18,1,15.6,1920,1080,141,0,7,0,24,340,16,0,0,4,1024.0,0,6.0,1,173490.0
7392,15,7329,156,2.2,18,1,14.0,1920,1080,157,0,3,0,12,133,8,0,1,4,1024.0,0,8.0,1,35599.0
7393,16,737,422,3.0,16,1,17.0,2560,1600,178,0,9,0,12,270,32,0,0,16,1024.0,0,6.0,1,354990.0
7394,16,3441,68,1.98,16,1,15.6,1920,1080,141,0,7,0,24,267,16,0,0,8,1024.0,0,3.0,1,118300.0
7395,2,6133,437,1.8,16,1,15.6,1920,1080,141,1,5,0,19,248,16,0,0,4,1024.0,0,3.0,1,51990.0
7396,2,6332,437,1.8,16,1,15.6,1920,1080,141,1,5,0,19,248,16,0,0,4,1024.0,0,6.0,1,55990.0
7397,2,6333,437,1.8,16,1,15.6,1920,1080,141,1,5,0,19,248,16,0,0,4,1024.0,0,6.0,1,64990.0
7398,2,2523,450,1.8,16,1,16.0,1920,1200,142,0,7,0,24,255,16,0,0,4,1024.0,0,6.0,1,74990.0
7399,16,3465,349,1.99,16,1,16.0,2560,1600,189,0,7,0,12,268,32,0,0,8,1024.0,0,6.0,1,244990.0
7400,2,6123,437,1.8,16,1,15.6,1920,1080,141,1,5,0,19,255,16,0,0,4,1024.0,0,6.0,1,67620.0
7401,6,3203,182,1.37,14,1,14.0,1920,1080,157,0,7,0,12,133,16,0,0,4,1024.0,0,4.0,1,121742.0
7402,2,2533,447,1.8,16,1,16.0,1920,1200,142,0,7,0,24,248,16,0,0,4,1024.0,0,3.0,1,64535.0
7403,2,6315,437,1.8,16,1,15.6,2880,1620,212,0,5,0,18,266,16,0,0,6,1024.0,0,6.0,1,94990.0
7404,2,859,434,1.38,16,1,14.0,1920,1080,157,1,5,0,4,4,8,0,0,4,1024.0,0,6.0,1,39990.0
7405,2,4821,382,2.6,16,1,17.3,1920,1080,127,0,5,0,18,255,8,0,0,4,1024.0,0,6.0,1,62690.0
7406,2,1147,447,1.4,16,1,14.0,2880,1800,243,0,5,0,18,255,16,0,0,4,1024.0,0,6.0,1,69800.0
7407,2,6316,455,1.8,16,1,15.6,2880,1620,212,0,9,0,24,266,16,0,0,6,1024.0,0,6.0,1,121999.0
7408,6,3018,168,1.67,16,1,15.6,1920,1080,141,1,5,0,12,4,8,0,0,4,1024.0,0,6.0,1,47990.0
7409,2,6020,428,1.7,16,1,15.6,1920,1080,141,1,7,0,16,4,16,0,0,4,1024.0,0,6.0,1,59391.0
7410,2,6127,437,1.8,16,1,15.6,1920,1080,141,1,7,0,16,255,16,0,0,4,1024.0,0,6.0,1,65490.0
7411,2,6135,437,1.8,16,1,15.6,1920,1080,141,1,7,0,16,248,16,0,0,4,1024.0,0,3.0,1,54990.0
7412,6,3015,168,1.67,16,1,15.6,1920,1080,141,1,3,0,12,4,8,0,0,4,1024.0,0,6.0,1,31990.0
7413,15,489,156,2.2,16,1,15.6,1920,1080,141,1,5,0,12,4,8,0,0,4,1024.0,0,6.0,1,32500.0
7414,15,150,159,2.2,16,1,15.6,1920,1080,141,0,7,0,12,155,16,0,0,4,1024.0,0,6.0,1,67990.0
7415,9,5224,0,1.47,0,1,14.0,1366,768,112,0,5,0,12,155,8,0,0,4,1024.0,0,6.0,1,51799.0
7416,15,2154,159,1.65,16,1,15.6,1920,1080,141,0,5,0,8,155,16,0,1,4,1024.0,0,7.0,1,48990.0
7417,2,4699,380,2.3,16,1,15.6,1920,1080,141,0,5,0,12,248,16,0,0,4,1024.0,0,3.0,1,54990.0
7418,8,4002,156,2.39,18,1,15.6,2560,1440,188,0,7,0,12,267,16,0,0,8,1024.0,0,6.0,1,143990.0
7419,2,1510,433,1.63,16,1,15.6,1920,1080,141,1,3,0,4,4,8,0,0,4,1024.0,0,8.0,1,39990.0
7420,16,731,330,2.7,16,1,16.0,2560,1600,189,0,7,0,12,268,32,0,0,8,1024.0,0,6.0,1,242987.0
7421,16,4264,44,2.25,16,1,15.6,1920,1080,141,1,7,0,12,266,16,0,0,6,1024.0,0,3.0,1,94990.0
7422,9,4840,494,1.47,14,1,14.0,1920,1200,162,0,7,0,12,133,16,0,0,4,1024.0,0,13.0,1,125700.0
7423,9,4839,494,1.47,14,1,14.0,1920,1200,162,0,5,0,12,155,16,0,0,4,1024.0,0,13.0,1,96900.0
7424,2,556,156,1.05,16,1,11.6,1366,768,135,0,1,0,12,161,4,0,0,4,1024.0,0,6.0,1,20980.0
7425,15,6912,156,1.62,16,1,15.6,1920,1080,141,1,3,0,12,13,8,0,1,4,1024.0,0,6.0,1,32990.0
7426,1,6013,204,3.48,30,1,16.2,3456,2234,254,3,4,0,20,94,18,0,0,4,1024.0,0,22.0,1,249900.0
7427,1,6014,204,3.48,30,1,16.2,3456,2234,254,3,4,0,20,94,36,0,0,4,1024.0,0,22.0,1,289900.0
7428,15,6942,156,1.46,16,1,14.0,1920,1200,162,0,5,0,12,160,16,0,0,4,1024.0,0,6.0,1,66490.0
7429,15,6955,156,1.24,16,1,14.0,1920,1080,157,1,5,0,16,4,16,0,0,4,1024.0,0,6.0,1,51650.0
7430,9,1922,423,2.37,16,1,15.6,1920,1080,141,1,5,0,16,248,8,0,0,4,1024.0,0,6.0,1,56990.0
7431,9,8093,338,1.36,16,1,13.5,3000,2000,267,0,7,1,12,155,32,0,0,4,1024.0,0,13.3,1,168617.0
7432,0,3567,28,1.7,16,1,15.6,1920,1080,141,0,3,0,12,160,8,0,0,4,1024.0,0,3.0,1,29990.0
7433,1,6009,204,2.16,30,1,16.2,3456,2234,254,3,4,0,36,96,48,0,0,4,1024.0,0,22.0,1,389900.0
7434,15,730,491,1.0,16,1,13.3,2560,1600,227,0,7,0,12,155,16,0,0,4,1024.0,0,10.0,1,99950.0
7435,1,6007,204,3.48,30,1,16.2,3456,2234,254,3,4,0,36,95,36,0,0,4,1024.0,0,22.0,1,317990.0
7436,1,6008,204,1.62,30,1,14.2,3024,1964,254,3,4,0,36,95,36,0,0,4,1024.0,0,18.0,1,289900.0
7437,1,6010,204,2.16,30,1,16.2,3456,2234,254,3,4,0,36,97,48,0,0,4,1024.0,0,22.0,1,399900.0
7438,9,3067,277,1.38,18,1,14.0,1920,1080,157,0,7,0,12,155,8,0,0,4,1024.0,0,6.0,1,102899.0
7439,1,5980,204,1.55,30,1,14.0,3024,1964,258,3,4,0,20,160,8,0,0,4,1024.0,0,22.0,1,154900.0
7440,9,1899,423,2.37,16,1,15.6,1920,1080,141,1,5,0,16,209,8,0,0,4,1024.0,0,6.0,1,53780.0
7441,1,6006,204,1.62,30,1,14.2,3024,1964,254,3,4,0,36,160,36,0,0,4,1024.0,0,18.0,1,319900.0
7442,1,6006,204,2.16,30,1,16.2,3456,2234,254,3,4,0,36,160,36,0,0,4,1024.0,0,22.0,1,317990.0
7443,9,5167,156,1.47,16,1,14.0,1366,768,112,1,3,0,12,4,8,0,0,4,1024.0,0,11.0,1,25990.0
7444,9,2477,232,2.37,16,1,16.1,1920,1080,137,1,7,0,16,266,16,0,1,6,1024.0,0,6.0,1,109990.0
7445,9,8094,338,1.36,18,1,13.5,3000,2000,267,0,7,1,12,155,16,0,0,4,1024.0,0,6.0,1,129990.0
7446,0,3662,30,1.57,16,1,14.0,1920,1200,162,0,5,0,12,155,16,0,0,4,1024.0,0,6.0,1,49990.0
7447,15,6880,156,1.6,16,1,15.6,1920,1080,141,1,3,0,12,13,8,0,0,4,1024.0,0,6.0,1,32999.0
7448,15,2662,156,1.41,16,1,14.0,1920,1080,157,0,5,0,8,155,8,0,1,4,1024.0,0,12.0,1,42990.0
7449,9,6540,243,1.44,16,1,14.0,2880,1800,243,0,7,0,12,155,16,0,0,4,1024.0,0,6.0,1,99990.0
7450,9,1919,423,2.29,16,1,15.6,1920,1080,141,1,5,0,16,4,8,0,0,4,1024.0,0,6.0,1,52850.0
7451,6,3365,166,1.58,16,1,14.0,1920,1200,162,0,5,1,12,155,8,0,0,4,1024.0,0,6.0,1,88990.0
7452,15,1105,473,1.49,16,1,14.0,1920,1200,162,0,5,1,12,155,16,0,0,4,1024.0,0,6.0,1,123090.0
7453,0,3719,30,1.78,16,1,15.6,1920,1080,141,0,5,0,12,248,16,0,0,4,1024.0,0,6.0,1,64990.0
7454,2,7508,427,1.7,16,1,15.6,1920,1080,141,0,5,0,12,155,8,0,0,4,1024.0,0,6.0,1,47799.0
7455,9,1229,156,1.47,16,1,14.0,1366,768,112,0,1,0,4,160,8,0,1,4,1024.0,0,6.0,1,28200.0
7456,2,862,433,1.38,16,1,14.0,1920,1080,157,1,5,0,4,4,16,0,1,4,1024.0,0,6.0,1,42421.0
7457,2,2535,447,1.8,16,1,16.0,1920,1200,142,0,5,0,12,266,16,0,0,6,1024.0,0,6.0,1,69990.0
7458,9,5179,0,1.47,18,1,14.0,1366,768,112,0,5,0,8,155,8,0,0,4,1024.0,0,6.0,1,61990.0
7459,15,3144,156,2.0,16,1,16.0,2560,1600,189,1,7,0,12,255,16,0,1,4,1024.0,0,8.0,1,67990.0
7460,15,6565,189,2.5,16,1,16.0,2560,1600,189,0,7,0,12,267,32,0,0,8,1024.0,0,6.5,1,121990.0
7461,16,2383,262,2.1,16,1,16.0,2560,1600,189,0,7,0,12,266,16,0,0,6,1024.0,0,6.0,1,119990.0
7462,16,1040,262,1.49,16,1,14.0,1920,1200,162,0,5,0,12,248,16,0,0,4,1024.0,0,10.0,1,74159.0
7463,9,5219,0,1.47,16,1,14.0,1366,768,112,0,5,0,12,155,8,0,0,4,1024.0,0,6.0,1,49999.0
7464,15,191,159,1.6,16,1,15.6,1920,1080,141,0,3,0,12,160,8,0,0,4,1024.0,0,8.0,1,36600.0
7465,6,2839,182,1.5,18,1,14.0,1920,1080,157,0,7,0,12,133,16,0,0,4,1024.0,0,4.0,1,89100.0
7466,2,5286,318,1.72,16,1,14.0,2560,1600,216,1,4,0,16,266,16,0,0,6,1024.0,0,6.0,1,119990.0
7467,9,2483,232,2.32,16,1,16.1,1920,1080,137,1,7,0,16,267,16,0,1,8,1024.0,0,6.0,1,111990.0
7468,15,198,147,1.5,16,1,14.0,1920,1200,162,1,5,0,12,4,16,0,1,4,1024.0,0,10.0,1,66395.0
7469,2,6021,428,1.7,16,1,15.6,1920,1080,141,1,7,0,16,4,16,0,1,4,1024.0,0,6.0,1,60990.0
7470,9,1930,156,1.59,16,1,15.6,1920,1080,141,1,3,0,4,4,8,0,0,4,1024.0,0,6.0,1,31490.0
7471,16,5727,61,2.35,18,1,16.1,2560,1600,188,0,7,0,12,267,32,0,0,8,1024.0,0,6.0,1,184760.0
7472,0,890,366,1.25,16,1,14.0,1920,1080,157,1,5,0,12,4,16,0,0,4,1024.0,0,6.0,1,54990.0
7473,15,6957,189,2.0,16,1,16.0,3200,2000,236,0,9,0,12,267,16,0,0,8,1024.0,0,6.0,1,159190.0
7474,2,2524,447,1.8,16,1,16.0,1920,1200,142,0,7,0,24,255,16,0,0,4,1024.0,0,6.0,1,74590.0
7475,15,1113,147,1.5,16,1,14.0,1920,1200,162,0,3,1,12,133,8,0,0,4,1024.0,0,11.0,1,57800.0
7476,15,210,160,1.9,16,1,16.0,1920,1200,142,0,5,0,12,160,16,0,0,4,1024.0,0,6.0,1,57150.0
7477,2,6122,437,1.8,16,1,15.6,1920,1080,141,1,5,0,12,255,16,0,0,4,1024.0,0,6.0,1,65990.0
7478,6,2957,168,1.65,16,1,15.6,1920,1080,141,0,3,0,6,160,8,0,0,4,1024.0,0,7.0,1,39990.0
7479,8,4950,156,2.08,16,1,15.6,1920,1080,141,0,5,0,12,266,16,0,0,6,1024.0,0,6.0,1,90592.0
7480,15,2670,156,2.2,16,1,15.6,1920,1080,141,1,5,0,12,13,8,0,0,4,1024.0,0,6.0,1,42990.0
7481,2,6326,437,1.8,16,1,15.6,1920,1080,141,1,5,0,19,255,16,0,0,4,1024.0,0,6.0,1,47990.0
7482,15,5534,156,2.2,16,1,15.6,1920,1080,141,1,7,0,12,255,16,0,1,4,1024.0,0,5.0,1,79990.0
7483,15,160,158,2.2,16,1,15.6,1920,1080,141,0,5,0,8,209,8,0,1,4,1024.0,0,8.0,1,56899.0
7484,2,2520,447,1.8,16,1,16.0,1920,1200,142,0,5,0,12,255,16,0,0,4,1024.0,0,6.0,1,58990.0
7485,8,3797,156,1.49,18,1,14.0,2880,1800,243,0,7,0,24,266,16,0,0,6,1024.0,0,6.0,1,164990.0
7486,9,5204,0,1.47,1,1,14.0,1366,768,112,0,3,0,10,160,8,0,0,4,1024.0,0,6.0,1,41999.0
7487,9,5216,0,1.47,1,1,14.0,1366,768,112,0,5,0,12,155,8,0,0,4,1024.0,0,6.0,1,49890.0
7488,2,2518,447,1.8,16,1,16.0,1920,1200,142,0,5,0,18,255,16,0,0,4,1024.0,0,6.0,1,89990.0
7489,2,6131,437,1.8,16,1,15.6,1920,1080,141,1,5,0,19,248,16,0,1,4,1024.0,0,6.0,1,57398.0
7490,15,4404,402,2.2,0,1,14.0,1920,1080,157,0,5,0,12,155,8,0,0,4,1024.0,0,6.0,1,63999.0
7491,9,1906,423,2.29,18,1,15.6,1920,1080,141,1,5,0,16,255,16,0,0,4,1024.0,0,6.0,1,58900.0
7492,15,194,160,1.9,16,1,16.0,1920,1200,142,0,5,0,4,155,16,0,1,4,1024.0,0,8.0,1,73990.0
7493,6,7997,19,2.36,16,1,15.6,1920,1080,141,0,9,0,24,262,32,0,1,8,1024.0,0,6.0,1,304990.0
7494,2,6334,437,1.8,16,1,15.6,1920,1080,141,1,7,0,16,248,16,0,1,4,1024.0,0,6.0,1,58990.0
7495,8,4001,156,2.39,18,1,15.6,1920,1080,141,0,5,0,12,267,8,0,0,8,1024.0,0,6.0,1,117574.0
7496,15,2687,156,2.2,16,1,15.6,1920,1080,141,0,3,0,12,160,8,0,1,4,1024.0,0,6.0,1,35200.0
7497,6,3363,166,1.58,16,1,14.0,1920,1200,162,0,7,1,12,155,16,0,0,4,1024.0,0,6.0,1,97990.0
7498,6,2844,460,1.48,16,1,14.0,1920,1080,157,0,5,0,12,160,8,0,1,4,1024.0,0,6.0,1,51440.0
7499,6,2999,168,1.62,16,1,15.6,1920,1080,141,0,3,0,10,160,8,0,1,4,1024.0,0,6.0,1,38490.0
7500,2,7497,427,1.7,16,1,15.6,1920,1080,141,0,3,0,10,160,8,0,1,4,1024.0,0,6.0,1,34890.0
7501,9,1846,423,2.37,16,1,15.0,1920,1080,147,0,5,0,12,255,16,0,1,4,1024.0,0,6.0,1,64990.0
7502,9,2454,232,2.35,16,1,16.1,1920,1080,137,0,5,0,12,266,16,0,1,6,1024.0,0,6.0,1,87890.0
7503,9,2457,232,2.35,16,1,16.1,1920,1080,137,0,7,0,30,267,16,0,1,8,1024.0,0,6.0,1,168500.0
7504,9,7149,232,2.09,16,1,16.0,2560,1600,189,0,7,0,30,266,16,0,1,6,1024.0,0,6.0,1,186592.0
7505,9,2456,232,2.35,16,1,16.1,1920,1080,137,0,5,0,24,266,16,0,1,6,1024.0,0,6.0,1,101400.0
7506,9,7151,232,2.09,16,1,16.0,1920,1200,142,0,7,0,30,266,16,0,1,6,1024.0,0,6.0,1,114990.0
7507,9,2459,232,2.35,16,1,16.1,1920,1080,137,0,7,0,30,267,16,0,1,8,1024.0,0,6.0,1,172500.0
7508,9,7152,232,2.09,16,1,16.0,2560,1600,189,0,9,0,36,268,32,0,1,8,1024.0,0,6.0,1,213990.0
7509,2,5789,449,1.6,16,1,15.6,1920,1080,141,0,5,0,12,155,16,0,1,4,1024.0,0,6.0,1,58490.0
7510,15,2505,160,1.9,16,1,16.0,1920,1200,142,0,7,0,12,155,16,0,1,4,1024.0,0,8.0,1,96990.0
7511,2,861,433,1.92,16,1,14.0,1920,1080,157,1,5,0,4,4,16,0,1,4,1024.0,0,3.0,1,44880.0
7512,15,3418,479,1.3,16,1,13.3,2880,1800,255,0,7,1,12,155,16,0,1,4,1024.0,0,10.0,1,189990.0
7513,0,6393,156,1.5,16,1,14.0,1366,768,112,1,3,0,12,4,8,0,0,4,1024.0,0,6.0,1,28990.0
7514,13,7300,156,1.2,16,1,16.0,1920,1200,142,1,5,0,12,4,16,0,0,4,1024.0,0,6.0,1,89799.0
7515,9,695,101,1.34,16,1,13.3,2880,1800,255,0,7,1,12,155,16,0,1,4,1024.0,0,6.0,1,108200.0
7516,13,1159,532,1.0,16,1,14.0,1920,1200,162,0,5,0,12,155,16,0,0,4,1024.0,0,6.0,1,98999.0
7517,2,6330,437,1.92,16,1,15.6,1920,1080,141,1,7,0,12,255,16,0,0,4,1024.0,0,6.0,1,82900.0
7518,8,3799,156,2.3,16,1,16.0,3840,2400,283,0,9,0,12,265,32,0,0,16,1024.0,0,6.0,1,255750.0
7519,0,5901,156,2.2,16,1,15.6,1920,1080,141,0,3,0,12,160,8,0,0,4,1024.0,0,6.0,1,30994.0
7520,9,2416,423,2.46,16,1,16.1,1920,1080,137,0,5,0,12,209,8,0,1,4,1024.0,0,6.0,1,62880.0
7521,8,3798,156,2.3,16,1,16.0,3840,2400,283,0,7,0,12,262,16,0,0,8,1024.0,0,6.0,1,189999.0
7522,15,170,147,1.5,16,1,14.0,1920,1200,162,0,7,1,12,155,16,0,0,4,1024.0,0,7.0,1,92990.0
7523,9,5213,0,1.47,18,1,14.0,1920,1080,157,0,5,0,12,155,16,0,1,4,1024.0,0,6.0,1,77960.0
7524,9,1849,423,2.29,16,1,15.6,1920,1080,141,0,7,0,24,266,16,0,0,6,1024.0,0,6.0,1,104990.0
7525,9,1847,423,2.29,16,1,15.6,1920,1080,141,0,5,0,18,266,16,0,0,6,1024.0,0,6.0,1,81999.0
7526,0,6508,254,2.7,16,1,16.0,2560,1600,189,0,7,0,30,267,16,0,0,8,1024.0,0,6.0,1,169999.0
7527,16,638,262,0.99,16,1,13.3,1920,1200,170,0,5,0,12,155,8,0,0,4,1024.0,0,6.0,1,89990.0
7528,6,2986,460,1.85,15,1,15.6,1920,1080,141,1,5,0,12,4,8,0,0,4,1024.0,0,6.0,1,39990.0
7529,6,2992,168,1.65,16,1,15.6,1920,1080,141,0,3,0,12,160,8,0,0,4,1024.0,0,7.0,1,36990.0
7530,9,3401,94,1.32,18,1,14.0,1920,1080,157,0,7,0,12,155,16,0,0,4,1024.0,0,6.0,1,132990.0
7531,16,4058,174,2.25,16,1,15.6,1920,1080,141,0,7,0,12,255,16,0,0,6,1024.0,0,6.0,1,94877.0
7532,2,6314,437,1.8,16,1,15.6,2880,1620,212,0,5,0,18,266,16,0,1,6,1024.0,0,6.0,1,87044.0
7533,9,2355,156,1.69,16,1,15.6,1920,1080,141,0,3,0,10,160,8,0,1,4,1024.0,0,6.0,1,36000.0
7534,2,5427,320,2.0,16,1,16.0,2560,1600,189,0,9,0,24,266,16,0,1,6,1024.0,0,6.0,1,168990.0
7535,16,3464,350,2.8,16,1,17.3,2560,1440,170,0,7,0,12,268,16,0,0,8,1024.0,0,6.0,1,279990.0
7536,9,3073,277,1.37,15,1,14.0,1366,768,112,1,7,0,16,4,8,0,0,4,1024.0,0,6.0,1,50699.0
7537,0,888,366,1.25,16,1,14.0,1920,1080,157,1,5,0,12,4,16,0,0,4,1024.0,0,6.0,1,58990.0
7538,6,7992,19,1.91,16,1,14.0,2560,1600,216,0,7,0,24,267,32,0,0,8,1024.0,0,6.0,1,249699.0
7539,2,4869,518,1.5,16,1,14.0,2880,1800,243,0,5,1,12,155,16,0,0,4,1024.0,0,8.0,1,112990.0
7540,2,5785,428,1.6,16,1,15.6,1920,1080,141,0,5,0,12,155,16,0,0,4,1024.0,0,6.0,1,67999.0
7541,9,8123,338,2.15,16,1,16.0,3072,1920,226,0,7,1,24,160,16,0,0,4,1024.0,0,6.0,1,144000.0
7542,16,571,178,2.25,16,1,15.6,1920,1080,141,0,5,0,12,255,8,0,0,4,1024.0,0,6.0,1,74990.0
7543,16,3457,360,2.1,16,1,16.0,2560,1600,189,0,7,1,12,266,32,0,0,6,1024.0,0,6.0,1,180554.0
7544,16,3447,358,1.6,16,1,14.0,2560,1600,216,0,7,0,12,155,16,0,0,4,1024.0,0,6.0,1,134990.0
7545,2,7501,427,3.0,15,1,15.6,1920,1080,141,0,3,0,12,133,8,0,0,4,1024.0,0,6.0,1,42990.0
7546,9,8124,338,2.15,16,1,16.0,3840,2400,283,0,7,1,18,111,32,0,0,4,1024.0,0,6.0,1,144980.0
7547,0,6863,371,1.9,16,1,16.1,1920,1080,137,0,7,0,12,256,16,0,0,4,1024.0,0,6.0,1,134999.0
7548,16,3446,357,1.35,16,1,13.4,1920,1200,169,0,7,1,12,155,16,0,0,4,1024.0,0,6.0,1,137990.0
7549,25,6876,126,1.79,16,1,16.0,2880,1800,212,0,9,0,12,268,32,0,0,4,1024.0,0,17.5,1,281990.0
7550,7,4657,413,1.0,16,1,13.3,1920,1080,166,0,7,1,12,155,16,0,0,4,1024.0,0,11.0,1,93990.0
7551,6,2954,460,1.65,15,1,15.6,1920,1080,141,0,5,0,12,133,16,0,0,4,1024.0,0,6.0,1,63090.0
7552,6,3206,166,1.54,16,1,14.0,1920,1080,157,0,5,0,12,155,16,0,0,4,1024.0,0,7.0,1,78968.0
7553,15,3391,189,2.5,16,1,16.0,2560,1600,189,0,9,0,30,265,32,0,1,16,1024.0,0,7.0,1,376990.0
7554,6,2846,460,1.48,15,1,14.0,1920,1080,157,0,3,0,10,133,8,0,0,4,1024.0,0,6.0,1,46850.0
7555,6,2953,460,1.65,15,1,15.6,1920,1080,141,0,5,0,12,133,8,0,0,4,1024.0,0,6.0,1,48499.0
7556,6,2989,460,1.83,15,1,15.6,1920,1080,141,1,5,0,6,4,16,0,0,4,1024.0,0,6.0,1,55530.0
7557,15,7449,402,1.25,18,1,13.3,1920,1200,170,0,7,0,18,155,16,0,0,4,1024.0,0,6.0,1,165990.0
7558,9,671,101,1.3,16,1,13.3,1920,1080,166,1,5,1,16,4,8,0,0,4,1024.0,0,6.0,1,75990.0
7559,6,2988,460,1.83,15,1,15.6,1920,1080,141,1,5,0,6,4,8,0,0,4,1024.0,0,6.0,1,51499.0
7560,8,3800,156,2.3,16,1,15.6,3840,2160,282,0,7,0,12,259,16,0,0,6,1024.0,0,6.0,1,149990.0
7561,15,4403,402,2.4,15,1,14.0,1920,1080,157,1,7,0,12,4,8,0,1,4,1024.0,0,12.8,1,85999.0
7562,0,6338,365,1.17,16,1,16.0,3840,2400,283,1,7,0,12,4,16,0,0,4,1024.0,0,6.0,1,124999.0
7563,18,6970,156,1.54,12,1,15.0,2296,1664,189,1,7,1,12,1,8,0,0,4,1024.0,0,2.25,1,112150.0
7564,15,7049,402,1.5,18,1,14.0,1920,1080,157,0,7,0,12,240,16,0,0,2,1024.0,0,10.0,1,147990.0
7565,15,7960,403,1.39,18,1,14.0,1920,1200,162,0,7,1,12,155,16,0,0,4,1024.0,0,6.0,1,225990.0
7566,9,4855,494,1.7,14,1,15.6,1920,1080,141,0,5,0,8,155,16,0,0,4,1024.0,0,6.0,1,83990.0
7567,16,3753,218,2.0,12,1,15.6,1920,1080,141,1,5,0,12,1,8,0,0,4,1024.0,0,6.0,1,57990.0
7568,2,6137,437,1.8,18,1,15.6,1920,1080,141,1,5,0,19,209,8,0,0,4,1024.0,0,6.0,1,64990.0
7569,2,5762,444,1.8,16,1,15.6,1920,1080,141,0,3,0,6,160,8,0,0,4,1024.0,0,6.0,1,44990.0
7570,9,8134,97,1.32,16,1,13.3,1920,1080,166,0,5,0,12,155,8,0,0,4,1024.0,0,20.5,1,79990.0
7571,2,5767,447,1.8,16,1,15.6,1920,1080,141,0,7,0,12,155,8,0,0,4,1024.0,0,8.0,1,82500.0
7572,15,754,385,1.4,18,1,14.0,1920,1080,157,0,7,0,12,155,16,0,0,4,1024.0,0,9.0,1,105600.0
7573,15,1191,385,2.2,14,1,14.0,1920,1080,157,0,5,1,12,133,16,0,0,4,1024.0,0,6.0,1,99499.0
7574,2,7665,424,1.6,16,1,14.0,1366,768,112,0,3,0,4,123,8,0,0,4,1024.0,0,6.0,1,35999.0
7575,6,2936,168,1.65,15,1,15.6,1920,1080,141,0,5,0,12,241,8,0,0,2,1024.0,0,6.0,1,66000.0
7576,2,868,77,1.3,16,1,14.0,1366,768,112,0,1,0,4,115,4,0,0,4,1024.0,0,6.0,1,26647.0
7577,9,1893,423,2.57,16,1,15.6,1920,1080,141,1,5,0,16,255,8,0,0,4,1024.0,0,6.0,1,54770.0
7578,6,3277,170,1.87,16,1,16.0,1920,1080,138,0,3,0,10,160,8,0,0,4,1024.0,0,6.0,1,40499.0
7579,2,4770,375,2.0,16,1,15.6,1920,1080,141,0,7,0,24,256,16,0,0,4,1024.0,0,6.0,1,99990.0
7580,15,1265,385,1.7,16,1,15.6,1920,1080,141,0,7,0,12,155,16,0,0,4,1024.0,0,6.0,1,90990.0
7581,6,2852,460,1.48,15,1,14.0,1920,1080,157,1,5,0,16,4,16,0,0,4,1024.0,0,6.0,1,57890.0
7582,15,756,385,1.4,18,1,14.0,1920,1080,157,0,7,0,12,155,16,0,0,4,1024.0,0,6.0,1,107999.0
7583,9,2438,232,2.35,16,1,16.1,1920,1080,137,0,7,0,24,262,16,0,0,8,1024.0,0,6.0,1,134210.0
7584,2,6796,313,3.0,16,1,17.3,2560,1440,170,0,9,0,30,265,32,0,0,16,1024.0,0,6.0,1,420990.0
7585,15,744,385,2.2,14,1,13.3,1920,1200,170,0,5,0,8,155,16,0,0,4,1024.0,0,6.0,1,79899.0
7586,15,3101,189,2.3,12,1,15.6,1920,1080,141,1,7,0,8,215,8,0,0,4,1024.0,0,6.0,1,142999.0
7587,15,7047,402,1.53,14,1,14.0,1920,1080,157,0,7,0,12,334,16,0,0,2,1024.0,0,10.7,1,168000.0
7588,15,7422,156,1.7,12,1,15.6,1920,1080,141,0,5,0,12,155,8,0,0,4,1024.0,0,6.0,1,55290.0
7589,16,3437,63,2.29,18,1,16.0,2560,1600,189,0,7,0,12,274,32,0,0,8,1024.0,0,6.0,1,189990.0
7590,2,5259,318,1.7,12,1,14.0,2560,1440,210,1,4,0,20,256,16,0,0,4,1024.0,0,8.0,1,86651.0
7591,6,450,168,1.8,15,1,15.6,1920,1080,141,0,5,0,8,231,8,0,0,2,1024.0,0,6.0,1,67990.0
7592,2,4713,380,2.3,16,1,15.6,1920,1080,141,0,5,0,8,209,16,0,0,4,1024.0,0,6.0,1,61990.0
7593,9,4837,494,1.98,12,1,15.6,1920,1080,141,0,5,0,8,155,16,0,0,4,1024.0,0,14.0,1,106354.0
7594,15,743,385,1.26,12,1,13.3,2560,1600,227,0,5,0,12,133,16,0,0,4,1024.0,0,12.1,1,129500.0
7595,6,626,463,1.27,15,1,13.3,1920,1080,166,0,7,1,12,133,16,0,0,4,1024.0,0,6.0,1,213556.0
7596,15,757,385,1.4,0,1,14.0,1920,1080,157,0,5,0,8,155,8,0,0,4,1024.0,0,6.0,1,65090.0
7597,15,4347,402,1.77,12,1,14.0,1920,1080,157,0,3,0,4,171,4,0,0,4,1024.0,0,6.0,1,48999.0
7598,0,3730,30,1.75,16,1,15.6,1920,1080,141,0,5,0,12,155,16,0,0,4,1024.0,0,6.0,1,51290.0
7599,2,7222,515,1.05,12,1,13.3,1920,1080,166,0,7,0,8,166,16,0,0,4,1024.0,0,13.5,1,99990.0
7600,9,984,243,1.41,16,1,14.0,1920,1080,157,0,3,0,6,160,8,0,0,4,1024.0,0,8.0,1,42990.0
7601,16,6963,156,1.7,12,1,15.6,1920,1080,141,0,7,0,12,259,16,0,0,6,1024.0,0,6.0,1,116990.0
7602,9,2433,423,2.46,16,1,16.1,1920,1080,137,1,7,0,16,256,16,0,0,4,1024.0,0,11.45,1,82990.0
7603,2,6318,437,1.65,12,1,15.6,1920,1080,141,1,7,0,20,255,16,0,0,4,1024.0,0,6.0,1,94990.0
7604,6,2854,460,1.48,16,1,14.0,1920,1080,157,1,5,0,16,4,8,0,0,4,1024.0,0,7.0,1,39253.0
7605,16,5406,156,1.8,12,1,15.6,1920,1080,141,0,7,0,9,291,16,0,0,8,1024.0,0,6.0,1,189990.0
7606,2,559,77,1.05,18,1,11.6,1366,768,135,0,1,0,4,161,4,0,0,4,1024.0,0,6.0,1,11990.0
7607,6,2919,168,1.8,16,1,15.6,1920,1080,141,1,5,0,4,4,8,0,0,4,1024.0,0,7.0,1,44723.0
7608,2,6115,156,1.8,12,1,15.6,1920,1080,141,1,5,0,8,4,8,0,0,4,1024.0,0,6.0,1,33990.0
7609,16,5403,156,2.9,12,1,17.3,1920,1080,127,0,7,0,12,261,16,0,0,8,1024.0,0,6.0,1,179990.0
7610,9,2624,9,1.78,12,1,15.6,1366,768,100,0,3,0,4,160,4,0,0,4,1024.0,0,6.0,1,39643.0
7611,6,2826,460,1.59,16,1,14.0,1920,1080,157,0,5,0,8,155,8,0,0,4,1024.0,0,10.0,1,48990.0
7612,2,6090,427,1.9,12,1,15.6,1920,1080,141,1,4,0,5,69,4,0,0,4,1024.0,0,6.0,1,26990.0
7613,9,5176,5,1.47,16,1,14.0,1366,768,112,1,5,0,8,4,8,0,0,4,1024.0,0,6.0,1,33990.0
7614,15,2810,156,2.2,12,1,15.6,1920,1080,141,0,3,0,3,313,4,0,0,2,1024.0,0,6.0,1,44510.0
7615,2,5255,318,1.6,16,1,14.0,2560,1440,210,1,7,0,20,255,16,0,0,4,1024.0,0,8.0,1,106990.0
7616,2,5376,297,2.5,12,1,15.6,1920,1080,141,0,7,0,6,203,8,0,0,4,1024.0,0,6.0,1,117990.0
7617,9,2432,423,2.48,16,1,16.1,1920,1080,137,1,7,0,16,209,8,0,0,4,1024.0,0,6.0,1,65538.0
7618,9,1842,423,2.29,16,1,15.6,1920,1080,141,0,7,0,24,259,16,0,0,4,1024.0,0,10.0,1,81690.0
7619,1,6160,204,1.83,24,1,15.4,2880,1800,221,0,7,0,9,382,16,0,0,4,1024.0,0,10.0,1,199900.0
7620,15,7395,156,1.7,16,1,15.6,1920,1080,141,0,5,0,8,155,8,0,0,4,1024.0,0,5.5,1,42990.0
7621,15,2761,156,1.7,12,1,14.0,1920,1080,157,0,5,0,3,190,4,0,0,2,1024.0,0,12.0,1,50347.0
7622,0,4529,110,1.9,16,1,15.6,1920,1080,141,0,2,0,12,162,4,0,0,4,1024.0,0,6.5,1,23999.0
7623,1,5962,204,1.6,31,1,14.2,3024,1964,254,2,4,0,36,104,16,0,0,4,1024.0,0,18.0,1,186990.0
7624,6,776,460,1.58,12,1,14.0,1920,1080,157,0,3,0,4,160,8,0,0,4,1024.0,0,10.0,1,41867.0
7625,2,7548,427,1.92,15,1,15.6,1920,1080,141,0,5,0,12,133,8,0,0,4,1024.0,0,6.0,1,42190.0
7626,2,7877,461,2.0,14,1,15.6,1920,1080,141,0,3,0,3,123,4,0,0,4,1024.0,0,6.0,1,31990.0
7627,16,4018,216,1.3,12,1,14.0,1920,1080,157,0,3,0,4,160,4,0,0,4,1024.0,0,6.0,1,33885.0
7628,15,147,159,1.65,16,1,15.6,1920,1080,141,0,3,0,8,133,8,0,0,4,1024.0,0,7.5,1,39990.0
7629,6,1433,168,2.2,11,1,15.6,1920,1080,141,0,5,0,6,8,8,0,0,4,2048.0,0,6.0,1,65990.0
7630,15,4235,156,1.6,12,1,14.0,1920,1080,157,0,5,1,6,236,8,0,0,2,1024.0,0,6.0,1,77392.0
7631,2,5480,325,1.9,12,1,15.6,1920,1080,141,0,7,0,16,323,32,0,0,8,1024.0,0,6.0,1,234990.0
7632,16,5333,156,2.4,12,1,15.6,1920,1080,141,0,7,0,12,250,16,0,0,8,1024.0,0,6.0,1,189990.0
7633,2,5508,300,1.12,16,1,13.4,1920,1200,169,0,5,1,18,155,16,0,0,4,1024.0,0,8.0,1,99990.0
7634,15,2766,156,2.2,0,1,15.6,1366,768,100,1,4,0,1,44,4,0,0,4,500.0,0,4.0,1,27155.0
7635,16,4099,175,2.6,16,1,17.3,1920,1080,127,0,7,0,12,267,16,0,0,8,1024.0,0,6.0,1,104990.0
7636,2,4822,382,2.6,16,1,17.3,1920,1080,127,0,5,0,18,255,16,0,1,4,1024.0,0,6.0,1,68990.0
7637,15,6692,156,1.69,12,1,14.0,1920,1080,157,0,5,0,6,236,8,0,1,2,1024.0,0,6.0,1,46990.0
7638,15,3162,156,2.2,12,1,15.6,1920,1080,141,0,5,0,6,235,8,0,0,4,2048.0,0,6.0,1,64821.0
7639,16,542,179,2.6,16,1,17.3,1920,1080,127,0,7,0,12,259,16,0,0,6,1024.0,0,6.0,1,106178.0
7640,6,4886,156,2.4,12,1,15.6,1920,1080,141,0,5,0,8,209,16,0,1,4,1024.0,0,6.0,1,78900.0
7641,2,4488,424,1.3,16,1,14.0,1920,1080,157,0,2,0,4,160,8,0,0,4,1024.0,0,6.0,1,30500.0
7642,2,5124,305,2.7,12,1,17.3,1920,1080,127,1,4,0,16,259,16,0,0,6,1024.0,0,6.0,1,150990.0
7643,2,4487,424,2.1,16,1,14.1,1920,1080,156,0,2,0,4,143,8,0,0,4,1024.0,0,6.0,1,30600.0
7644,6,806,166,1.7,12,1,14.0,1920,1080,157,0,3,0,4,160,4,0,0,4,1024.0,0,6.0,1,40660.0
7645,2,7887,447,2.3,12,1,15.6,1366,768,100,1,4,0,1,44,4,0,0,4,500.0,0,6.0,1,21990.0
7646,0,3946,225,2.2,16,1,15.6,1920,1080,141,0,5,0,12,209,8,0,0,4,1024.0,0,8.0,1,48999.0
7647,15,3154,471,1.7,12,1,14.0,1920,1080,157,0,5,1,3,129,8,0,0,4,1024.0,0,10.0,1,73683.0
7648,15,7385,156,1.7,16,1,15.6,1920,1080,141,0,3,0,12,160,8,0,0,4,1024.0,0,6.0,1,32950.0
7649,2,7824,427,1.8,16,1,15.6,1920,1080,141,0,5,0,6,160,8,0,0,4,1024.0,0,6.0,1,37990.0
7650,2,6378,424,1.6,16,1,14.0,2880,1800,243,0,5,0,10,133,16,0,0,4,1024.0,0,8.0,1,71990.0
7651,9,673,97,1.3,12,1,13.3,1920,1080,166,0,5,0,6,160,8,0,0,4,1024.0,0,6.0,1,70990.0
7652,2,5426,323,1.9,12,1,16.0,2560,1600,189,0,7,0,24,259,16,0,0,6,1024.0,0,6.0,1,98000.0
7653,2,4654,379,2.6,16,1,17.3,1920,1080,127,1,7,0,20,255,16,0,0,4,1024.0,0,6.0,1,109990.0
7654,15,129,489,0.9,12,1,13.3,2560,1600,227,0,7,0,12,155,16,0,0,4,1024.0,0,13.0,1,122990.0
7655,9,912,243,2.1,12,1,14.0,1920,1080,157,0,5,0,6,200,12,0,0,2,1024.0,0,10.5,1,61990.0
7656,2,5786,449,1.6,16,1,15.6,1920,1080,141,0,3,0,10,160,8,0,1,4,1024.0,0,6.0,1,38990.0
7657,6,1294,168,1.83,12,1,15.6,1920,1080,141,0,3,0,4,160,8,0,0,4,1024.0,0,7.0,1,42290.0
7658,6,1332,168,1.85,12,1,15.6,1920,1080,141,0,3,0,4,160,8,0,0,4,1024.0,0,7.0,1,54992.0
7659,16,5405,156,1.8,12,1,15.6,1920,1080,141,0,7,0,9,206,16,0,0,6,1024.0,0,6.0,1,149990.0
7660,6,607,165,1.62,12,1,13.3,1920,1080,166,0,3,0,3,132,4,0,0,4,1024.0,0,6.0,1,41990.0
7661,15,1259,385,1.7,16,1,15.6,1920,1080,141,0,7,0,12,156,16,0,0,4,1024.0,0,6.0,1,77990.0
7662,6,3282,460,2.2,16,1,16.0,1920,1080,138,0,5,0,12,133,16,0,0,4,1024.0,0,6.0,1,75990.0
7663,2,4294,48,1.63,4,1,14.0,1920,1080,157,0,1,0,12,160,4,0,0,4,1024.0,0,11.0,1,25990.0
7664,16,579,178,2.25,16,1,15.6,1920,1080,141,0,5,0,12,259,16,0,0,6,1024.0,0,6.0,1,103226.0
7665,2,7485,427,1.8,16,1,15.6,1920,1080,141,0,3,0,6,160,8,0,1,4,1024.0,0,6.0,1,31990.0
7666,6,2879,460,1.69,16,1,15.6,1920,1080,141,0,3,0,6,160,8,0,0,4,1024.0,0,4.0,1,43074.0
7667,15,2788,156,2.3,12,1,15.6,1920,1080,141,0,5,0,6,166,8,0,0,4,1024.0,0,6.0,1,41522.0
7668,1,6159,204,1.83,24,1,15.4,2880,1800,221,0,7,0,9,383,16,0,0,4,1024.0,0,10.0,1,239990.0
7669,25,3040,126,1.23,16,1,14.0,2880,1800,243,0,4,1,24,107,16,0,0,4,1024.0,0,7.5,1,122790.0
7670,9,2573,232,2.78,16,1,17.3,2560,1440,170,0,7,0,30,267,16,0,1,8,1024.0,0,6.0,1,174848.0
7671,6,2950,168,1.65,15,1,15.6,1920,1080,141,0,5,0,12,133,8,0,0,4,1024.0,0,6.0,1,50499.0
7672,2,6746,447,1.7,14,1,15.6,1920,1080,141,0,7,0,8,235,16,0,0,2,1024.0,0,8.0,1,79990.0
7673,9,1820,232,2.37,12,1,15.6,2560,1440,188,1,7,0,16,261,16,0,0,8,1024.0,0,12.5,1,152000.0
7674,15,4339,402,1.69,12,1,14.0,1920,1080,157,0,5,0,6,160,8,0,0,4,1024.0,0,6.0,1,56990.0
7675,2,7216,510,1.3,12,1,13.3,1920,1080,166,0,5,1,8,155,8,0,0,4,1024.0,0,6.0,1,79988.0
7676,23,6599,42,2.0,12,1,15.6,1920,1080,141,0,7,0,12,262,16,0,0,8,1024.0,0,6.0,1,358999.0
7677,9,1714,232,2.24,12,1,15.6,1920,1080,141,0,7,0,12,209,16,0,0,4,1024.0,0,6.0,1,117977.0
7678,16,4072,174,2.25,16,1,15.6,1920,1080,141,0,7,0,12,267,16,0,0,8,1024.0,0,6.0,1,115654.0
7679,0,6836,363,1.05,16,1,14.0,1920,1080,157,0,5,1,8,141,8,0,0,4,1024.0,0,17.0,1,74990.0
7680,15,4381,402,1.59,16,1,14.0,1920,1080,157,0,5,0,8,155,8,0,0,4,1024.0,0,11.9,1,86000.0
7681,9,4550,156,1.3,12,1,13.3,1920,1080,166,0,7,0,12,240,16,0,1,2,1024.0,0,6.0,1,90900.0
7682,25,2695,126,1.16,16,1,13.3,2880,1800,255,0,5,1,12,155,16,0,0,4,1024.0,0,6.0,1,109990.0
7683,25,2696,126,1.16,16,1,13.3,2880,1800,255,0,7,1,18,155,16,0,0,4,1024.0,0,6.0,1,102990.0
7684,15,7358,156,2.3,12,1,15.6,1920,1080,141,0,1,0,12,133,4,0,0,4,1024.0,0,6.0,1,22990.0
7685,25,2697,126,1.16,17,1,13.3,2880,1800,255,0,7,1,18,155,16,0,0,4,1024.0,0,6.0,1,133990.0
7686,25,2699,126,1.49,16,1,15.6,2880,1800,218,0,5,1,12,155,16,0,0,4,1024.0,0,6.0,1,99999.0
7687,25,2700,126,1.49,16,1,15.6,2880,1800,218,0,7,1,18,155,16,0,0,4,1024.0,0,6.0,1,127990.0
7688,25,2698,126,1.49,16,1,15.6,2880,1800,218,0,7,1,18,155,16,0,0,4,1024.0,0,6.0,1,122990.0
7689,15,2746,156,2.2,12,1,15.6,1920,1080,141,0,7,0,4,195,8,0,0,2,1024.0,0,6.0,1,58990.0
7690,9,2638,9,1.74,14,1,15.6,1366,768,100,0,3,0,6,160,8,0,0,4,1024.0,0,6.0,1,31900.0
7691,6,2960,168,1.63,16,1,15.6,1920,1080,141,0,3,0,10,133,8,0,0,4,1024.0,0,6.0,1,37990.0
7692,6,2873,460,1.69,15,1,15.6,1920,1080,141,0,2,0,4,133,8,0,0,4,1024.0,0,6.0,1,33168.0
7693,15,3329,189,2.4,16,1,15.6,2560,1440,188,0,7,0,24,259,16,0,0,6,1024.0,0,4.0,1,126305.0
7694,6,615,165,2.2,12,1,13.0,1920,1080,169,0,7,0,8,166,16,0,0,4,1024.0,0,6.0,1,92990.0
7695,15,3160,156,2.2,12,1,15.6,1920,1080,141,0,5,0,6,235,8,0,0,2,2048.0,0,6.0,1,58990.0
7696,9,1772,243,1.75,12,1,15.6,1920,1080,141,0,5,0,8,155,8,0,1,4,1024.0,0,6.0,1,47299.0
7697,2,4994,303,2.1,16,1,15.6,1920,1080,141,1,7,0,12,256,8,0,0,4,1024.0,0,6.0,1,82990.0
7698,13,2585,532,1.34,12,1,17.0,2560,1600,178,0,7,0,8,166,8,0,0,4,1024.0,0,19.5,1,84990.0
7699,6,4910,156,2.57,16,1,15.6,1920,1080,141,0,7,0,24,259,16,0,0,6,1024.0,0,10.0,1,170051.0
7700,2,4974,303,2.3,12,1,15.6,1920,1080,141,0,7,0,16,212,8,0,0,4,1024.0,0,6.0,1,86990.0
7701,15,1093,486,1.35,16,1,14.0,1920,1200,162,0,7,0,24,155,16,0,0,4,1024.0,0,10.0,1,89990.0
7702,16,4057,174,2.25,16,1,15.6,1920,1080,141,0,7,0,12,255,8,0,0,6,1024.0,0,6.0,1,84540.0
7703,2,7253,509,1.5,12,1,14.0,1920,1080,157,0,7,0,8,237,16,0,0,2,1024.0,0,6.0,1,108950.0
7704,9,8015,243,1.41,11,1,11.6,1366,768,135,0,3,1,3,129,4,0,0,4,1024.0,0,6.0,1,46487.0
7705,15,7925,189,2.2,12,1,15.6,1920,1080,141,0,5,0,8,205,8,0,0,4,1024.0,0,6.0,1,82990.0
7706,9,7591,249,1.59,12,1,14.0,1920,1080,157,0,5,1,6,234,8,0,0,2,1024.0,0,6.0,1,76990.0
7707,15,6767,156,1.5,12,1,14.0,1920,1080,157,0,5,0,6,315,8,0,0,2,1024.0,0,12.0,1,67830.0
7708,2,4827,382,2.6,12,1,17.3,1920,1080,127,0,5,0,8,297,8,0,0,4,1024.0,0,6.0,1,73990.0
7709,9,8040,243,1.63,12,1,14.0,1920,1080,157,0,5,1,6,234,8,0,0,2,1024.0,0,6.0,1,69990.0
7710,6,1463,120,2.2,12,1,15.6,1920,1080,141,0,7,0,9,206,16,0,0,6,1024.0,0,6.0,1,129990.0
7711,9,8022,97,1.3,12,1,13.3,1920,1080,166,1,5,1,6,86,8,0,0,4,1024.0,0,6.0,1,64528.0
7712,2,7647,424,2.37,16,1,14.0,1366,768,112,0,5,0,12,133,8,0,0,4,1024.0,0,6.0,1,46000.0
7713,2,871,77,1.3,16,1,14.0,1366,768,112,0,2,0,4,133,4,0,0,4,1024.0,0,8.0,1,30489.0
7714,9,8032,338,1.27,12,1,13.3,1920,1080,166,0,7,1,12,154,16,0,0,4,1024.0,0,6.0,1,128490.0
7715,6,1435,168,2.2,11,1,15.6,1920,1080,141,0,5,0,6,8,8,0,0,2,1024.0,0,6.0,1,57990.0
7716,1,6016,204,1.61,30,1,14.0,3024,1964,258,3,4,0,20,160,18,0,0,4,1024.0,0,18.0,1,212990.0
7717,9,1748,245,1.98,12,1,15.6,1920,1080,141,1,7,0,6,209,8,0,0,4,1024.0,0,6.0,1,70990.0
7718,15,6888,156,1.85,12,1,15.6,1920,1080,141,1,5,0,4,4,8,0,0,4,1024.0,0,6.0,1,57290.0
7719,15,7392,156,1.7,0,1,15.6,1920,1080,141,0,5,0,12,160,8,0,0,4,1024.0,0,6.0,1,38000.0
7720,15,1112,157,1.5,16,1,14.0,1920,1200,162,0,7,1,12,155,16,0,1,4,1024.0,0,6.0,1,77990.0
7721,2,4784,380,2.3,12,1,15.6,1920,1080,141,0,9,0,24,259,16,0,0,6,1024.0,0,6.0,1,144990.0
7722,6,1382,118,2.4,12,1,15.6,1920,1080,141,0,7,0,9,289,16,0,0,4,1024.0,0,6.0,1,88000.0
7723,6,2940,168,1.65,15,1,15.6,1920,1080,141,0,3,0,10,133,8,0,1,4,1024.0,0,6.0,1,39999.0
7724,9,980,156,1.4,16,1,14.0,1920,1080,157,1,3,0,4,14,8,0,0,4,1024.0,0,12.0,1,35990.0
7725,6,635,463,1.4,12,1,13.3,1920,1080,166,0,5,0,6,166,8,0,0,4,1024.0,0,6.0,1,101775.0
7726,25,2708,126,1.66,16,1,16.0,2880,1800,212,0,5,1,12,155,16,0,0,4,1024.0,0,6.0,1,145990.0
7727,6,3010,460,1.66,16,1,15.6,1920,1080,141,0,3,0,12,160,8,0,0,4,1024.0,0,6.0,1,36990.0
7728,9,1631,156,1.86,12,1,15.6,1920,1080,141,0,3,0,3,7,4,0,0,2,1024.0,0,6.0,1,28338.0
7729,15,1024,147,1.55,16,1,14.0,1920,1200,162,1,7,1,12,4,16,0,0,4,1024.0,0,11.0,1,67990.0
7730,6,2823,460,1.59,12,1,14.0,1920,1080,157,0,3,0,6,160,8,0,0,4,1024.0,0,10.0,1,42907.0
7731,2,7776,427,1.75,12,1,15.6,1920,1080,141,0,5,0,6,315,8,0,0,2,1024.0,0,6.0,1,58990.0
7732,0,6448,410,1.75,7,1,14.0,1366,768,112,0,7,0,8,312,12,0,0,2,1024.0,0,8.0,1,61990.0
7733,25,2707,126,1.66,16,1,16.0,2880,1800,212,0,7,1,12,155,16,0,0,4,1024.0,0,19.0,1,163990.0
7734,2,6380,427,1.7,16,1,15.6,1920,1080,141,0,5,0,18,155,16,0,0,4,1024.0,0,8.0,1,74990.0
7735,2,5147,302,2.85,12,1,17.3,1920,1080,127,0,5,0,8,293,8,0,0,4,1024.0,0,6.0,1,79990.0
7736,16,4071,174,2.25,16,1,15.6,1920,1080,141,0,7,0,12,266,16,0,0,6,1024.0,0,6.0,1,110160.0
7737,2,1150,447,1.4,16,1,14.0,2880,1800,243,0,5,0,12,248,16,0,0,4,1024.0,0,6.0,1,75990.0
7738,2,1145,447,1.4,17,1,14.0,2880,1800,243,0,5,0,18,255,16,0,0,4,1024.0,0,6.0,1,79990.0
7739,9,1828,101,1.6,16,1,15.6,1920,1080,141,0,5,1,12,155,16,0,1,4,1024.0,0,6.0,1,89999.0
7740,6,634,463,1.29,12,1,13.0,1920,1080,169,0,5,0,6,166,8,0,0,4,1024.0,0,6.0,1,88990.0
7741,9,963,243,1.41,12,1,14.0,1920,1080,157,1,7,0,8,240,16,0,1,2,1024.0,0,6.0,1,79990.0
7742,6,2905,168,1.85,16,1,15.6,1920,1080,141,0,3,0,6,160,8,0,0,4,1024.0,0,6.0,1,39390.0
7743,6,2918,168,1.8,12,1,15.6,1920,1080,141,1,3,0,4,4,8,0,0,4,1024.0,0,7.0,1,39956.0
7744,9,2424,423,2.48,16,1,16.1,1920,1080,137,1,5,1,16,259,16,0,0,6,1024.0,0,6.0,1,68990.0
7745,6,3281,460,1.9,16,1,16.0,1920,1080,138,0,5,0,12,133,8,0,0,4,1024.0,0,6.0,1,74990.0
7746,15,722,472,1.31,16,1,13.3,1920,1080,166,1,5,1,12,4,16,0,0,4,1024.0,0,6.0,1,74990.0
7747,15,3103,189,2.3,12,1,15.6,1920,1080,141,1,7,0,12,209,16,0,0,4,1024.0,0,7.8,1,82990.0
7748,2,6960,520,1.4,16,1,14.0,2880,1800,243,0,9,1,24,155,32,0,0,4,1024.0,0,10.0,1,169990.0
7749,16,6528,262,1.19,12,1,14.0,1920,1080,157,0,7,0,8,235,16,0,0,2,1024.0,0,10.0,1,94990.0
7750,6,3358,166,1.57,16,1,14.0,1920,1080,157,0,5,1,12,160,8,0,0,4,1024.0,0,7.0,1,76519.0
7751,15,3178,156,1.5,12,1,14.0,1920,1080,157,0,5,0,6,313,8,0,0,2,1024.0,0,6.0,1,74283.0
7752,9,8110,48,1.58,3,1,14.0,1366,768,112,0,1,1,4,161,4,0,0,4,1024.0,0,6.0,1,33990.0
7753,15,2790,156,1.8,12,1,15.6,1920,1080,141,0,5,0,6,11,4,0,0,4,1024.0,0,6.0,1,52490.0
7754,2,4411,434,1.38,16,1,14.0,1920,1080,157,1,3,0,4,4,8,0,0,4,1024.0,0,6.0,1,33990.0
7755,6,3183,165,2.2,15,1,13.3,2560,1600,227,0,5,0,12,133,16,0,0,4,1024.0,0,7.0,1,82990.0
7756,6,834,166,1.5,12,1,14.0,1920,1080,157,0,7,1,12,155,16,0,1,4,1024.0,0,6.0,1,89090.0
7757,2,5274,318,1.7,12,1,14.0,2560,1440,210,1,4,0,16,259,16,0,0,6,1024.0,0,6.0,1,133520.0
7758,8,4948,156,3.11,16,1,15.6,1920,1080,141,0,5,0,12,256,16,0,0,4,1024.0,0,6.0,1,71040.0
7759,9,1712,233,2.38,12,1,15.6,1920,1080,141,0,9,0,16,251,16,0,1,8,1024.0,0,6.0,1,297377.0
7760,2,6755,458,1.8,12,1,15.6,1920,1080,141,0,7,0,12,239,8,0,0,2,1024.0,0,6.0,1,78990.0
7761,1,5964,204,1.55,30,1,14.2,3024,1964,254,3,4,0,20,160,8,0,0,4,1024.0,0,22.0,1,169900.0
7762,2,5422,322,1.9,12,1,15.6,1920,1080,141,0,7,0,12,318,16,0,0,6,1024.0,0,6.0,1,128990.0
7763,9,1804,232,2.36,12,1,15.6,1920,1080,141,0,7,0,12,297,8,0,0,4,1024.0,0,6.0,1,99990.0
7764,6,613,165,2.2,12,1,13.3,1920,1080,166,0,5,1,6,166,8,0,0,4,1024.0,0,6.0,1,77701.0
7765,2,6317,427,1.7,18,1,15.6,1920,1080,141,1,5,0,16,4,16,0,1,4,1024.0,0,6.0,1,65990.0
7766,2,7854,427,1.8,15,1,15.6,1366,768,100,0,1,0,4,161,8,0,0,4,1024.0,0,3.0,1,27499.0
7767,1,5959,204,4.7,31,1,16.2,3456,2234,254,2,4,0,36,104,16,0,0,4,1024.0,0,18.0,1,233990.0
7768,16,4093,175,2.8,16,1,17.3,1920,1080,127,0,7,0,12,255,16,0,0,6,1024.0,0,6.0,1,79990.0
7769,9,1986,101,1.82,16,1,15.6,1920,1080,141,1,7,1,12,4,16,0,0,4,1024.0,0,6.0,1,79490.0
7770,13,2163,532,1.09,12,1,15.6,1920,1080,141,0,5,0,6,166,8,0,0,4,1024.0,0,21.5,1,69990.0
7771,9,5205,13,1.75,16,0,15.6,1366,768,100,1,5,0,4,4,8,0,0,4,1024.0,0,4.0,1,29900.0
7772,0,892,366,1.32,16,1,14.0,1920,1200,162,0,4,0,24,107,16,0,0,4,1024.0,0,12.5,1,97890.0
7773,6,3350,166,1.56,16,1,14.0,1920,1080,157,1,7,1,8,4,16,0,0,4,1024.0,0,12.0,1,85590.0
7774,2,7240,518,1.19,12,1,14.0,1920,1080,157,0,5,0,6,166,8,0,0,4,1024.0,0,6.0,1,99990.0
7775,2,5252,318,1.6,12,1,14.0,1920,1080,157,1,4,0,16,255,16,0,0,4,1024.0,0,12.0,1,120790.0
7776,9,8052,249,1.59,12,1,14.0,1920,1080,157,0,5,1,6,312,8,0,0,2,1024.0,0,6.0,1,74990.0
7777,2,7258,522,1.57,12,1,14.0,1920,1080,157,0,7,0,12,155,16,0,0,4,1024.0,0,17.0,1,105871.0
7778,15,7408,156,1.6,16,1,15.6,1920,1080,141,0,5,0,12,155,8,0,1,4,1024.0,0,5.0,1,41490.0
7779,25,2591,126,1.04,16,1,13.3,1920,1080,166,0,7,1,18,155,16,0,0,4,1024.0,0,17.0,1,120990.0
7780,25,2592,126,1.41,16,1,15.6,1920,1080,141,0,7,1,18,155,16,0,0,4,1024.0,0,20.0,1,129990.0
7781,16,5357,156,2.4,12,1,15.6,1920,1080,141,0,7,0,12,209,8,0,0,4,1024.0,0,6.0,1,107990.0
7782,25,2591,126,1.04,16,1,13.3,1920,1080,166,0,5,1,12,155,16,0,0,4,1024.0,0,21.0,1,96999.0
7783,8,4944,156,3.11,16,1,15.6,1920,1080,141,0,5,0,12,259,16,0,0,6,1024.0,0,6.0,1,80004.0
7784,6,3361,166,2.2,16,1,14.0,1920,1080,157,1,7,1,12,4,16,0,0,4,1024.0,0,6.0,1,104694.0
7785,2,7723,427,1.9,12,1,15.6,1920,1080,141,0,7,0,8,236,8,0,0,2,1024.0,0,6.0,1,50990.0
7786,6,2987,168,1.8,16,1,15.6,1920,1080,141,1,5,0,8,4,8,0,0,4,1024.0,0,7.0,1,38990.0
7787,9,1657,243,1.85,12,1,15.6,1920,1080,141,0,5,0,6,312,8,0,0,2,1024.0,0,6.0,1,60990.0
7788,16,6527,262,1.19,12,1,14.0,1920,1080,157,0,5,0,6,166,8,0,0,4,1024.0,0,10.0,1,56990.0
7789,15,3176,479,1.6,12,1,14.0,1920,1080,157,0,5,1,6,234,8,0,0,2,1024.0,0,6.0,1,83990.0
7790,6,847,166,1.86,12,1,14.0,1920,1080,157,0,3,1,4,314,4,0,0,2,1024.0,0,6.0,1,47058.0
7791,2,7246,518,1.26,12,1,14.0,1920,1080,157,0,5,0,6,237,8,0,0,2,1024.0,0,6.0,1,105990.0
7792,2,7214,510,1.3,12,1,13.3,1920,1080,166,0,5,1,8,155,8,0,0,4,1024.0,0,6.0,1,89990.0
7793,9,1237,156,1.49,16,1,14.0,1920,1080,157,0,5,0,8,160,8,0,0,4,1024.0,0,6.0,1,81684.0
7794,16,5388,156,2.4,12,1,15.6,1920,1080,141,0,7,0,12,216,16,0,0,6,1024.0,0,6.0,1,133990.0
7795,2,7442,518,1.4,16,1,14.0,2880,1800,243,0,7,1,24,155,16,0,0,4,1024.0,0,10.0,1,134080.0
7796,9,1830,101,1.6,16,1,15.6,1920,1080,141,0,5,1,12,155,16,0,1,4,1024.0,0,13.3,1,90490.0
7797,6,2975,168,1.8,16,1,15.6,1366,768,100,0,2,0,4,162,8,0,0,4,1024.0,0,7.0,1,36990.0
7798,3,5911,212,1.41,12,1,12.2,1920,1200,186,0,1,1,2,139,4,0,0,4,1024.0,0,8.0,1,16990.0
7799,2,6738,440,1.4,12,1,14.0,1920,1080,157,0,7,0,12,155,8,0,1,4,1024.0,0,6.0,1,77635.0
7800,2,7170,516,1.1,16,1,13.3,2880,1800,255,1,7,1,16,4,16,0,0,4,1024.0,0,6.0,1,89990.0
7801,2,5151,313,2.99,12,1,17.3,1920,1080,127,0,9,0,16,327,32,0,0,8,1024.0,0,6.0,1,269990.0
7802,2,7528,427,1.7,16,1,15.6,1920,1080,141,0,3,0,10,160,8,0,0,4,1024.0,0,6.0,1,36990.0
7803,2,5496,324,2.6,12,1,17.3,1920,1080,127,0,7,0,12,251,32,0,0,8,1024.0,0,6.0,1,299990.0
7804,9,1911,423,2.29,16,1,15.6,1920,1080,141,1,5,0,16,60,8,0,0,4,1024.0,0,8.3,1,55990.0
7805,2,7737,427,1.9,12,1,15.6,1920,1080,141,0,5,0,6,160,8,0,0,4,1024.0,0,6.0,1,49990.0
7806,6,3199,166,1.5,16,1,14.0,1920,1080,157,0,5,1,8,155,8,0,0,4,1024.0,0,6.0,1,61950.0
7807,9,5170,13,1.74,16,1,15.6,1366,768,100,1,5,0,4,86,8,0,0,4,1024.0,0,5.0,1,29990.0
7808,9,1664,243,2.17,12,1,15.6,1920,1080,141,0,7,0,9,289,8,0,0,4,1024.0,0,6.0,1,94990.0
7809,2,858,433,1.38,16,1,14.0,1920,1080,157,1,5,0,4,4,8,0,0,4,1024.0,0,6.0,1,36990.0
7810,6,3212,166,1.6,16,1,14.0,1920,1200,162,0,7,0,12,155,16,0,1,4,1024.0,0,9.0,1,80990.0
7811,16,5330,156,2.8,12,1,17.3,1920,1080,127,0,7,0,6,291,16,0,0,8,1024.0,0,6.0,1,185990.0
7812,2,6104,447,1.8,12,1,15.6,1920,1080,141,1,5,0,4,86,4,0,0,4,1024.0,0,6.0,1,41500.0
7813,9,2410,232,2.3,12,1,16.1,2560,1440,182,0,7,0,24,261,16,0,1,8,1024.0,0,6.0,1,190210.0
7814,2,6019,428,1.7,16,1,15.6,1920,1080,141,1,5,0,16,4,16,0,0,4,1024.0,0,6.0,1,55990.0
7815,9,2409,232,2.32,16,1,16.1,1920,1080,137,0,7,0,24,259,16,0,0,6,1024.0,0,9.0,1,134090.0
7816,18,7032,156,1.0,16,1,13.0,2880,1920,266,0,7,1,12,155,16,0,0,4,1024.0,0,6.0,1,132990.0
7817,2,7236,517,1.3,12,1,14.0,1920,1080,157,0,5,0,6,313,8,0,0,2,1024.0,0,9.0,1,84990.0
7818,15,3317,189,2.3,12,1,15.6,1920,1080,141,0,7,0,12,212,8,0,0,4,1024.0,0,8.0,1,135999.0
7819,15,0,399,1.08,12,1,14.0,2560,1440,210,0,7,0,8,160,16,0,0,4,1024.0,0,6.0,1,201753.0
7820,2,5042,303,2.3,16,1,15.6,2560,1440,188,1,4,0,20,262,16,0,0,8,1024.0,0,6.0,1,199672.0
7821,2,6321,437,1.65,16,1,15.6,1920,1080,141,1,7,0,16,255,16,0,0,4,1024.0,0,3.0,1,69665.0
7822,6,2907,168,1.85,16,1,15.6,1920,1080,141,0,3,0,6,160,8,0,0,4,1024.0,0,6.0,1,42999.0
7823,9,8128,338,1.36,16,1,13.5,3000,2000,267,0,7,1,12,155,32,0,0,4,1024.0,0,6.0,1,145490.0
7824,2,4759,375,2.0,12,1,15.6,1920,1080,141,0,7,0,12,261,16,0,0,8,1024.0,0,6.0,1,139990.0
7825,15,6885,153,1.7,16,1,15.6,1366,768,100,0,1,0,4,161,8,0,0,4,1024.0,0,8.0,1,25990.0
7826,2,7522,427,1.7,16,1,15.6,1920,1080,141,0,5,1,12,155,16,0,0,4,1024.0,0,6.0,1,68999.0
7827,9,8101,243,2.16,15,1,14.0,1920,1080,157,0,7,1,12,155,16,0,0,4,1024.0,0,11.0,1,91250.0
7828,9,2444,232,2.37,16,1,16.2,1920,1080,136,1,7,1,16,256,16,0,0,4,1024.0,0,6.0,1,122560.0
7829,18,7030,156,1.0,16,1,13.0,1600,1200,154,0,5,1,12,155,8,0,0,4,1024.0,0,15.5,1,113990.0
7830,2,5104,297,4.7,12,1,17.3,1920,1080,127,0,9,0,16,251,32,0,0,8,1024.0,0,6.0,1,399990.0
7831,15,7426,156,2.49,15,1,15.6,1920,1080,141,0,3,0,12,133,8,0,0,4,1024.0,0,6.0,1,30499.0
7832,15,1117,488,1.36,12,1,14.0,1920,1080,157,0,7,0,12,155,16,0,0,4,1024.0,0,6.0,1,139890.0
7833,6,3222,166,1.53,16,1,14.0,1920,1080,157,0,5,0,12,155,8,0,0,4,1024.0,0,6.0,1,48000.0
7834,9,8024,338,1.32,12,1,13.3,1920,1080,166,0,7,1,8,166,16,0,0,4,1024.0,0,6.0,1,172725.0
7835,2,855,433,1.92,16,1,14.0,1920,1080,141,1,3,0,4,1,8,0,0,4,1024.0,0,6.0,1,32530.0
7836,9,8025,338,1.32,12,1,13.3,3840,2160,331,0,7,1,8,166,16,0,0,4,1024.0,0,6.0,1,331183.0
7837,9,8030,338,1.27,14,1,13.3,1920,1080,166,0,5,1,6,147,8,0,1,4,1024.0,0,6.0,1,126000.0
7838,0,6401,156,1.2,16,1,11.6,1366,768,135,0,1,0,12,160,4,0,0,4,1024.0,0,6.0,1,21490.0
7839,6,4914,156,2.81,15,1,15.6,1920,1080,141,0,9,0,24,262,16,0,0,8,1024.0,0,6.0,1,181833.0
7840,9,2437,232,2.35,16,1,16.1,1920,1080,137,0,7,0,24,259,16,0,0,6,1024.0,0,9.15,1,169999.0
7841,2,7802,427,1.8,12,1,15.6,1366,768,100,0,3,0,6,160,8,0,0,4,1024.0,0,6.0,1,36350.0
7842,16,547,331,2.0,12,1,17.3,1920,1080,127,0,7,0,12,264,32,0,0,16,1024.0,0,4.0,1,299999.0
7843,0,6859,371,1.39,16,1,14.0,1920,1080,157,1,7,0,12,256,16,0,0,4,1024.0,0,14.0,1,99990.0
7844,2,5766,447,1.8,16,1,15.6,1920,1080,141,0,5,0,8,155,16,0,0,4,1024.0,0,6.0,1,64990.0
7845,15,6958,189,2.1,16,1,16.0,2560,1600,189,0,7,0,24,256,16,0,0,4,1024.0,0,8.0,1,125900.0
7846,2,6138,437,1.8,16,1,15.6,1920,1080,141,1,7,0,20,209,16,0,0,4,1024.0,0,10.0,1,71900.0
7847,2,7219,510,1.3,16,1,13.3,1920,1080,166,0,7,1,12,155,16,0,0,4,1024.0,0,6.0,1,104990.0
7848,16,539,178,2.25,12,1,15.6,1920,1080,141,0,7,0,12,258,16,0,0,4,1024.0,0,4.0,1,91590.0
7849,2,6373,516,1.0,16,1,13.3,2880,1800,255,0,5,0,12,155,16,0,1,4,1024.0,0,8.0,1,109990.0
7850,0,3976,227,2.1,16,1,15.6,1920,1080,141,0,7,0,12,266,16,0,0,6,1024.0,0,6.0,1,93990.0
7851,15,5526,156,2.25,16,1,15.6,1920,1080,141,0,5,0,8,209,8,0,0,4,1024.0,0,8.0,1,58999.0
7852,2,6345,516,1.1,16,1,13.3,2880,1800,255,1,7,1,16,4,16,0,0,4,1024.0,0,6.0,1,119990.0
7853,6,7995,19,2.34,16,1,15.6,1920,1080,141,0,7,0,24,262,32,0,0,8,1024.0,0,6.0,1,329988.0
7854,9,8100,243,1.52,16,1,14.0,1920,1080,157,0,7,0,12,155,16,0,0,4,1024.0,0,12.0,1,90990.0
7855,9,2567,232,2.78,16,1,17.3,2560,1440,170,0,7,0,25,262,32,0,0,8,1024.0,0,7.0,1,187490.0
7856,16,586,418,2.38,16,1,15.6,2560,1440,188,0,7,0,36,263,16,0,0,8,1024.0,0,6.0,1,189990.0
7857,6,7582,19,2.34,16,1,17.3,1920,1080,127,0,7,0,24,262,32,0,0,8,1024.0,0,6.0,1,353518.0
7858,15,4482,156,1.59,0,1,14.0,1366,768,112,1,4,0,12,4,4,0,0,4,1024.0,0,11.0,1,18990.0
7859,16,5396,156,2.2,14,1,15.6,1920,1080,141,0,7,0,6,206,8,0,0,3,1024.0,0,6.0,1,125386.0
7860,2,6347,525,1.4,16,1,14.0,2880,1800,243,0,7,1,24,155,16,0,0,4,1024.0,0,6.0,1,123518.0
7861,9,5195,13,1.74,16,1,15.6,1920,1080,141,1,3,0,4,4,8,0,0,4,1024.0,0,6.0,1,31850.0
7862,6,1462,120,2.6,12,1,15.6,1920,1080,141,0,9,0,12,206,16,0,0,6,1024.0,0,6.0,1,144990.0
7863,9,1812,232,2.36,12,1,15.6,1920,1080,141,0,7,0,12,318,16,0,0,6,1024.0,0,6.0,1,115391.0
7864,16,5414,156,4.5,12,1,17.3,3840,2160,255,0,9,0,16,251,32,0,0,8,1024.0,0,6.0,1,399990.0
7865,0,4254,48,1.3,4,1,11.6,1366,768,135,0,1,0,12,160,4,0,0,4,1024.0,0,12.0,1,17990.0
7866,15,6563,189,2.5,16,1,16.0,2560,1600,189,1,7,0,32,268,16,0,0,8,1024.0,0,6.0,1,230890.0
7867,2,5759,447,1.8,16,1,15.6,1920,1080,141,0,3,0,6,160,8,0,0,4,1024.0,0,6.0,1,36500.0
7868,9,2470,232,2.39,16,1,16.1,1920,1080,137,0,7,0,33,268,16,0,0,8,1024.0,0,6.0,1,148990.0
7869,0,3771,31,2.1,16,1,15.6,1920,1080,141,0,5,0,12,209,8,0,0,4,1024.0,0,6.0,1,57990.0
7870,6,3290,460,1.91,15,1,16.0,1920,1080,138,1,7,0,12,24,16,0,0,4,1024.0,0,8.0,1,77614.0
7871,16,5381,156,2.2,0,1,15.6,1920,1080,141,0,7,0,6,201,8,0,0,2,1024.0,0,6.0,1,59990.0
7872,15,6422,402,1.38,18,1,14.0,1920,1080,157,0,7,0,18,343,16,0,0,4,1024.0,0,6.0,1,133990.0
7873,7,3092,46,0.98,16,1,13.3,1920,1080,166,0,5,0,12,155,16,0,0,4,1024.0,0,10.0,1,59990.0
7874,2,7218,524,1.3,12,1,13.3,1920,1080,166,0,7,0,12,155,16,0,0,4,1024.0,0,6.0,1,124990.0
7875,2,5428,320,2.0,16,1,16.0,2560,1600,189,0,9,0,24,267,16,0,1,8,1024.0,0,6.0,1,179990.0
7876,15,3338,474,1.3,12,1,13.3,1920,1080,166,0,7,1,4,129,8,0,0,4,1024.0,0,10.0,1,113977.0
7877,6,3360,166,2.2,16,1,14.0,1920,1080,157,1,5,1,12,4,64,0,0,4,1024.0,0,6.0,1,91836.0
7878,15,5670,152,1.6,16,1,15.6,1920,1080,141,1,7,0,12,4,16,0,1,4,1024.0,0,7.5,1,45090.0
7879,0,6532,261,2.4,12,1,15.6,1920,1080,141,0,7,0,6,292,16,0,0,8,1024.0,0,5.0,1,299999.0
7880,15,6925,156,1.45,3,1,14.0,1366,768,112,0,2,0,12,160,4,0,0,4,1024.0,0,6.0,1,21990.0
7881,6,3292,460,1.91,15,1,16.0,1920,1080,138,1,5,0,16,4,8,0,0,4,1024.0,0,6.0,1,63331.0
7882,9,1776,243,1.74,16,1,15.6,1920,1080,141,0,7,1,12,155,16,0,1,4,1024.0,0,8.45,1,118711.0
7883,2,5431,320,2.0,16,1,16.0,1920,1200,142,0,7,0,24,266,16,0,1,6,1024.0,0,6.0,1,114990.0
7884,2,4871,518,1.5,16,1,14.0,2880,1800,243,0,7,1,18,155,16,0,1,4,1024.0,0,8.0,1,138607.0
7885,6,4922,156,2.51,15,1,15.6,1920,1080,141,1,4,0,16,259,16,0,0,6,1024.0,0,6.0,1,84990.0
7886,6,2855,460,1.48,16,1,14.0,1920,1080,157,1,3,0,8,4,8,0,0,4,1024.0,0,7.0,1,44694.0
7887,15,3156,471,1.7,12,1,14.0,1920,1080,157,0,3,1,3,243,4,0,0,2,1024.0,0,6.0,1,51828.0
7888,13,1154,532,0.99,12,1,14.0,1920,1080,157,0,5,0,8,155,8,0,0,4,1024.0,0,25.0,1,76990.0
7889,2,4603,377,2.2,16,1,15.6,1920,1080,141,1,7,0,16,259,16,0,0,6,1024.0,0,6.0,1,146960.0
7890,6,5929,19,2.42,16,1,15.6,1920,1080,141,0,7,0,24,259,16,0,0,6,1024.0,0,6.0,1,168990.0
7891,15,2803,156,2.2,12,1,15.6,1920,1080,141,0,3,0,4,8,4,0,0,2,1024.0,0,6.0,1,35920.0
7892,15,4442,402,1.7,16,1,15.6,1920,1080,141,0,5,0,8,133,8,0,0,4,1024.0,0,6.0,1,76500.0
7893,15,4434,402,1.7,12,1,15.6,1920,1080,141,0,5,0,8,239,8,0,0,2,1024.0,0,10.8,1,76990.0
7894,2,5152,313,3.0,16,1,17.3,2560,1440,170,0,9,0,30,264,32,0,0,16,1024.0,0,6.0,1,359990.0
7895,9,8023,338,1.32,12,1,13.3,1920,1080,166,0,5,1,6,166,8,0,0,4,1024.0,0,6.0,1,140337.0
7896,9,668,101,1.32,16,1,13.3,1920,1080,166,1,7,1,16,4,16,0,0,4,1024.0,0,16.3,1,99900.0
7897,9,8091,338,1.36,12,1,13.5,1920,1080,163,0,5,1,8,155,16,0,0,4,1024.0,0,6.0,1,110990.0
7898,2,5433,323,2.0,16,1,16.0,2560,1600,189,0,9,0,24,265,32,0,0,16,1024.0,0,10.0,1,331990.0
7899,2,4731,380,2.2,16,1,15.6,1920,1080,141,0,9,0,24,267,16,0,0,8,1024.0,0,6.0,1,159000.0
7900,2,4772,375,2.2,16,1,15.6,1920,1080,141,0,7,0,12,259,16,0,0,6,1024.0,0,6.0,1,144900.0
7901,15,6948,189,2.4,16,1,16.0,1920,1200,142,1,7,0,16,266,16,0,1,6,1024.0,0,6.0,1,113990.0
7902,2,5074,311,2.3,15,1,15.6,2560,1440,188,0,9,0,24,262,32,0,0,8,1024.0,0,10.0,1,264990.0
7903,2,5507,300,1.18,16,1,13.4,2560,1600,225,0,9,0,24,267,16,0,1,8,1024.0,0,6.0,1,209990.0
7904,2,7237,517,1.3,12,1,14.0,1920,1080,157,0,5,0,6,313,8,0,0,2,1024.0,0,6.0,1,78990.0
7905,2,6018,428,1.7,16,1,15.6,1920,1080,141,1,5,0,16,4,16,0,1,4,1024.0,0,6.0,1,55599.0
7906,8,4004,156,2.4,16,1,15.6,2560,1440,188,0,7,0,12,262,16,0,0,8,1024.0,0,6.0,1,216985.0
7907,15,113,158,2.2,12,1,15.6,1920,1080,141,0,5,0,8,293,8,0,0,4,1024.0,0,6.0,1,64990.0
7908,2,5097,312,2.5,16,1,16.0,2560,1600,189,0,9,0,36,270,32,0,0,16,1024.0,0,6.0,1,339990.0
7909,6,1466,120,2.5,12,1,15.6,1920,1080,141,0,7,0,12,250,16,0,0,8,1024.0,0,6.0,1,159990.0
7910,6,4923,156,2.51,15,1,15.6,1920,1080,141,1,7,0,16,262,16,0,0,8,1024.0,0,6.0,1,99858.0
7911,2,5159,313,2.9,15,1,17.3,2560,1440,170,0,9,0,24,262,32,0,0,8,1024.0,0,10.0,1,261990.0
7912,2,5435,323,2.5,16,1,16.0,2560,1600,189,0,9,0,24,269,32,0,0,12,1024.0,0,6.0,1,299990.0
7913,6,4912,156,2.81,15,1,15.6,1920,1080,141,0,7,0,24,259,16,0,0,6,1024.0,0,6.0,1,106990.0
7914,1,6065,204,2.15,28,1,16.2,3456,2234,254,3,4,0,36,160,48,0,0,4,1024.0,0,21.0,1,381990.0
7915,6,3279,170,1.87,16,1,16.0,1920,1080,138,0,7,0,12,242,16,0,0,2,1024.0,0,6.0,1,86599.0
7916,15,1258,385,1.7,14,1,15.6,1920,1080,141,0,7,1,12,155,16,0,0,4,1024.0,0,6.0,1,91500.0
7917,16,4263,44,2.7,16,1,17.3,1920,1080,127,1,7,0,12,266,16,0,0,6,1024.0,0,6.0,1,94990.0
7918,18,7033,156,1.0,16,1,13.0,2880,1920,266,0,7,1,12,155,16,0,0,4,1024.0,0,15.5,1,149999.0
7919,18,6997,156,1.13,16,1,12.4,1536,1024,149,0,5,1,12,155,8,0,0,4,1024.0,0,15.0,1,72990.0
7920,2,5720,276,2.4,16,1,16.0,3840,2400,283,0,7,0,24,262,32,0,0,8,1024.0,0,10.0,1,239990.0
7921,2,882,435,1.4,16,1,14.0,1920,1080,157,1,5,0,19,4,8,0,0,4,1024.0,0,6.0,1,59390.0
7922,15,4402,402,1.6,0,1,14.1,1920,1080,156,0,5,0,12,133,8,0,0,4,1024.0,0,6.0,1,71449.0
7923,6,1474,463,1.84,16,1,15.6,3840,2400,290,0,7,0,24,256,16,0,0,4,1024.0,0,6.0,1,239999.0
7924,8,4007,156,2.3,16,1,15.6,1920,1080,141,0,7,0,12,259,16,0,0,6,1024.0,0,6.0,1,206250.0
7925,15,4,399,1.13,18,1,14.0,1920,1200,162,0,7,0,12,133,16,0,0,4,1024.0,0,6.0,1,223999.0
7926,15,7921,189,2.4,12,1,15.6,1920,1080,141,0,7,0,6,288,16,0,0,4,1024.0,0,6.0,1,98643.0
7927,2,6215,436,1.45,12,1,14.0,1920,1080,141,0,5,0,12,255,16,0,0,4,1024.0,0,6.0,1,74340.0
7928,0,6872,341,1.29,12,1,13.5,2256,1504,201,0,5,1,6,147,16,0,0,4,1024.0,0,6.0,1,79598.0
7929,2,6308,427,2.72,12,1,15.6,1920,1080,141,0,5,0,8,133,8,0,0,4,1024.0,0,6.0,1,61990.0
7930,9,8090,338,1.34,12,1,13.5,1920,1080,163,0,7,1,12,155,16,0,0,4,1024.0,0,6.0,1,133490.0
7931,15,3174,156,1.7,12,1,14.0,1920,1080,157,0,5,0,3,195,4,0,0,2,1024.0,0,6.0,1,38999.0
7932,9,8088,338,1.36,14,1,13.5,3000,2000,267,0,7,1,12,154,16,0,1,4,1024.0,0,6.0,1,118812.0
7933,2,5479,315,2.26,12,1,15.6,1920,1080,141,0,7,0,9,292,24,0,0,8,1024.0,0,2.0,1,131990.0
7934,2,5377,297,2.5,11,1,15.6,1920,1080,141,0,7,0,6,202,16,0,0,4,1024.0,0,6.0,1,125990.0
7935,0,4447,32,2.23,7,1,15.6,1366,768,100,0,5,0,3,129,8,0,0,4,1024.0,0,8.0,1,39892.0
7936,10,746,207,1.38,16,1,14.0,1920,1080,157,0,3,0,12,160,8,0,0,4,1024.0,0,13.2,1,39990.0
7937,15,7322,156,2.1,12,1,15.6,1366,768,100,0,3,0,16,43,4,0,0,4,1024.0,0,6.0,1,36469.0
7938,9,5223,5,1.47,0,1,14.0,1366,768,112,1,3,0,4,4,8,0,0,4,1024.0,0,4.0,1,27555.0
7939,6,1450,168,2.5,11,1,15.6,3840,2160,282,0,7,1,6,227,16,0,0,4,1024.0,0,6.0,1,118440.0
7940,0,3138,56,1.5,12,1,15.6,3840,2160,282,0,7,0,8,74,16,0,0,4,1024.0,0,6.0,1,99990.0
7941,15,3339,474,1.3,12,1,13.3,1920,1080,166,0,5,1,3,129,8,0,0,4,1024.0,0,10.0,1,90594.0
7942,15,7333,156,1.6,0,1,14.0,1366,768,112,0,3,0,6,160,8,0,0,4,1024.0,0,6.0,1,31980.0
7943,18,7028,156,1.0,16,1,13.0,2880,1920,266,0,5,1,12,155,8,0,0,4,1024.0,0,15.5,1,97990.0
7944,2,4594,377,2.3,18,1,15.6,1920,1080,141,1,5,0,19,248,8,0,1,4,1024.0,0,6.0,1,54990.0
7945,2,4574,432,2.14,12,1,15.6,1920,1080,141,0,7,0,16,209,8,0,0,4,1024.0,0,4.0,1,65990.0
7946,0,3137,56,1.5,12,1,15.6,3840,2160,282,0,5,0,6,74,16,0,0,4,1024.0,0,6.0,1,69990.0
7947,2,5279,318,1.72,16,1,14.0,2560,1600,216,1,7,0,20,64,16,0,0,8,1024.0,0,6.0,1,114999.0
7948,16,4167,216,1.4,16,1,14.0,1920,1080,157,0,5,0,12,155,16,0,0,4,1024.0,0,6.0,1,35999.0
7949,2,4282,48,1.45,4,1,14.0,1920,1080,157,3,4,0,1,90,8,0,0,4,1024.0,0,15.0,1,24990.0
7950,2,6344,516,1.1,16,1,13.3,2880,1800,255,1,5,1,16,4,16,0,0,4,1024.0,0,6.0,1,110000.0
7951,2,5784,428,1.6,16,1,15.6,1920,1080,141,0,5,0,12,155,16,0,1,4,1024.0,0,6.0,1,66999.0
7952,9,1837,423,2.29,16,1,15.6,1920,1080,141,0,7,0,24,255,16,0,1,4,1024.0,0,6.0,1,74990.0
7953,2,4658,114,2.5,12,1,15.6,1920,1080,141,0,7,0,6,287,8,0,0,4,1024.0,0,6.0,1,75990.0
7954,18,6974,156,1.56,16,1,15.0,2496,1664,200,0,7,1,12,155,16,0,0,4,1024.0,0,17.0,1,141999.0
7955,15,3331,189,2.49,16,1,16.0,2560,1600,189,0,7,0,24,259,16,0,0,6,1024.0,0,7.0,1,164990.0
7956,15,7046,402,1.53,14,1,14.0,1920,1080,157,0,7,0,12,155,16,0,0,4,1024.0,0,6.0,1,105000.0
7957,0,3770,31,2.2,16,1,15.6,1920,1080,141,0,5,0,12,209,8,0,0,4,1024.0,0,6.0,1,56999.0
7958,9,3333,277,1.0,12,1,13.3,1920,1080,166,1,7,0,16,4,8,0,0,4,1024.0,0,6.0,1,101569.0
7959,2,6312,437,3.2,15,1,15.6,1920,1080,141,0,5,0,12,256,16,0,0,4,1024.0,0,6.0,1,96500.0
7960,15,6793,189,1.9,16,1,15.6,1920,1080,141,1,7,0,16,259,16,0,0,6,1024.0,0,4.0,1,154315.0
7961,6,3379,170,2.1,16,1,16.0,1920,1080,138,0,5,1,12,133,16,0,0,4,1024.0,0,6.0,1,105000.0
7962,9,1821,74,2.14,12,1,15.6,1920,1080,141,0,5,0,8,297,16,0,0,4,1024.0,0,6.0,1,97500.0
7963,15,707,156,2.2,12,1,15.6,1920,1080,141,0,5,0,6,235,8,0,0,2,1024.0,0,6.0,1,47629.0
7964,2,7272,507,1.59,12,1,15.6,1920,1080,141,0,7,0,8,201,16,0,0,2,1024.0,0,17.0,1,139990.0
7965,9,6534,243,1.4,16,1,14.0,2240,1400,189,0,5,0,18,155,16,0,0,4,1024.0,0,11.0,1,68490.0
7966,0,3915,225,2.7,7,1,15.6,1920,1080,141,0,7,0,6,202,16,0,0,4,1024.0,0,7.0,1,59990.0
7967,9,5164,0,1.47,0,1,14.0,1366,768,112,0,3,0,6,160,8,0,0,4,1024.0,0,6.0,1,35610.0
7968,2,6741,441,1.4,12,1,14.0,1920,1080,157,0,7,0,8,237,8,0,0,2,1024.0,0,6.0,1,68990.0
7969,9,659,337,1.47,12,1,13.3,1920,1080,166,0,7,1,4,164,16,0,0,4,1024.0,0,6.0,1,215909.0
7970,0,889,366,1.25,16,1,14.0,1920,1080,157,1,5,0,12,4,8,0,0,4,1024.0,0,6.0,1,56900.0
7971,2,6455,108,1.6,0,1,14.0,1920,1080,157,0,7,0,8,311,8,0,0,2,1024.0,0,6.0,1,75990.0
7972,15,2779,156,2.2,12,1,15.6,1920,1080,141,0,5,0,6,235,8,0,0,2,1024.0,0,6.0,1,52990.0
7973,2,6146,438,1.95,16,1,16.0,3840,2400,283,1,4,0,20,255,16,0,0,4,1024.0,0,6.0,1,124990.0
7974,6,2906,168,1.85,16,1,15.6,1920,1080,141,0,5,0,6,180,16,0,0,2,1024.0,0,6.0,1,65000.0
7975,16,595,122,1.86,16,1,15.6,1920,1080,141,0,5,0,12,266,8,0,0,6,1024.0,0,6.0,1,79990.0
7976,6,7989,19,4.04,16,1,18.0,2560,1600,168,0,9,0,36,269,32,0,1,12,1024.0,0,6.0,1,367990.0
7977,6,610,165,1.05,12,1,13.3,1920,1080,166,0,5,0,8,155,8,0,0,4,1024.0,0,6.0,1,84990.0
7978,1,6155,202,0.92,29,1,12.0,2304,1440,226,0,5,0,4,128,8,0,0,4,1024.0,0,10.0,1,128700.0
7979,2,4771,375,2.2,16,1,15.6,1920,1080,141,0,7,0,24,256,16,0,0,4,1024.0,0,6.0,1,124995.0
7980,16,3467,350,2.8,16,1,17.3,3840,2160,255,0,9,0,24,269,64,0,0,12,1024.0,0,6.0,1,327711.0
7981,2,5143,305,2.9,16,1,17.3,2560,1440,170,1,4,0,20,262,16,0,0,8,1024.0,0,6.0,1,223985.0
7982,9,1554,243,1.98,16,1,15.6,1920,1080,141,1,5,0,16,209,8,0,0,4,1024.0,0,6.0,1,55080.0
7983,6,7996,19,2.34,16,1,15.6,1920,1080,141,0,9,0,24,265,32,0,0,16,1024.0,0,6.0,1,359990.0
7984,2,7290,526,2.34,12,1,15.6,3840,2160,282,0,9,1,16,155,32,0,0,4,1024.0,0,6.0,1,279990.0
7985,2,7486,427,1.92,15,1,15.6,1920,1080,141,0,7,0,12,133,16,0,0,4,1024.0,0,6.0,1,59999.0
7986,15,3303,189,2.4,16,1,15.6,1920,1080,141,0,7,0,24,256,16,0,0,4,1024.0,0,6.0,1,131990.0
7987,9,667,101,1.32,14,1,13.3,1920,1080,166,1,5,1,3,4,8,0,0,4,1024.0,0,6.0,1,81500.0
7988,2,6080,424,1.9,12,1,14.0,1920,1080,157,1,4,0,4,4,4,0,0,4,1024.0,0,6.0,1,30690.0
7989,15,1039,482,1.54,16,1,14.5,2880,1800,234,1,4,0,10,21,32,0,0,4,1024.0,0,7.0,1,127990.0
7990,16,4044,383,1.86,16,1,15.6,1920,1080,141,0,7,0,12,255,16,0,0,4,1024.0,0,6.0,1,70211.0
7991,16,4045,383,1.86,16,1,15.6,1920,1080,141,0,7,0,12,255,16,0,0,4,1024.0,0,6.0,1,77211.0
7992,15,1025,473,1.49,16,1,14.0,1920,1200,162,1,7,1,16,19,16,0,0,4,1024.0,0,7.0,1,92190.0
7993,15,1100,145,1.6,16,1,14.0,1920,1200,162,0,5,1,12,160,16,0,0,4,1024.0,0,10.0,1,71990.0
7994,2,7435,137,1.95,16,1,16.0,1920,1200,142,0,4,0,24,266,16,0,0,6,1024.0,0,6.0,1,89990.0
7995,1,6058,204,2.14,28,1,16.2,3456,2234,254,3,4,0,36,160,24,0,0,4,1024.0,0,24.0,1,239990.0
7996,25,3035,130,1.46,16,1,15.6,1920,1080,141,0,4,1,12,114,16,0,0,4,1024.0,0,6.0,1,118990.0
7997,16,3636,353,2.1,16,1,16.0,2560,1600,189,1,4,0,12,268,32,0,0,8,1024.0,0,6.0,1,229990.0
7998,9,2241,156,1.74,12,1,15.6,1920,1080,141,0,5,0,6,160,8,0,0,4,1024.0,0,6.0,0,59999.0
7999,2,5062,311,2.35,12,1,15.6,1920,1080,141,0,7,0,16,250,16,0,0,8,1024.0,0,6.0,0,157712.0
8000,2,4985,303,2.2,12,1,15.6,1920,1080,141,0,7,0,12,318,16,0,0,6,1024.0,0,6.0,0,126990.0
8001,15,5869,402,1.61,0,1,14.0,1366,768,112,0,3,0,4,160,4,0,0,4,1024.0,0,6.0,0,43000.0
8002,15,4342,402,1.77,12,1,14.0,1920,1080,157,0,5,0,6,160,4,0,0,4,1024.0,0,6.0,0,75454.0
8003,15,747,385,1.49,12,1,14.0,1920,1080,157,0,7,0,8,166,8,0,0,4,1024.0,0,6.0,0,109900.0
8004,15,7053,402,1.55,12,1,14.0,1920,1080,157,0,5,0,6,166,16,0,0,4,1024.0,0,6.0,0,105690.0
8005,2,7724,447,1.9,12,1,15.6,1920,1080,141,0,3,0,4,160,4,0,0,4,1024.0,0,6.0,0,28990.0
8006,15,7360,156,1.85,12,1,15.6,1920,1080,141,0,5,0,6,160,8,0,0,4,1024.0,0,6.0,0,43990.0
8007,0,4283,52,1.2,3,1,11.6,1366,768,135,0,1,1,4,161,4,0,0,4,1024.0,0,10.0,0,24282.0
8008,9,551,48,1.07,3,1,11.6,1366,768,135,3,4,1,2,176,4,0,0,4,1024.0,0,15.0,0,27175.0
8009,0,6594,52,1.5,3,1,11.6,1366,768,135,1,4,1,12,43,4,0,0,4,1024.0,0,10.0,0,25736.0
8010,15,5866,402,1.73,0,1,14.0,1366,768,112,0,5,0,6,160,8,0,0,4,500.0,0,6.0,0,57990.0
8011,0,6595,52,1.5,3,1,11.6,1366,768,135,1,4,1,12,44,4,0,0,4,1024.0,0,10.0,0,27965.0
8012,0,4284,52,2.65,3,1,11.6,1366,768,135,3,4,1,12,91,4,0,0,4,1024.0,0,15.0,0,24999.0
8013,15,7356,156,1.85,12,1,15.6,1920,1080,141,0,3,0,4,166,4,0,0,4,1024.0,0,6.0,0,35850.0
8014,15,7059,402,1.55,12,1,14.0,1920,1080,157,0,7,0,8,115,16,0,0,4,1024.0,0,6.0,0,146000.0
8015,15,4355,402,1.77,0,1,14.0,1920,1080,157,0,5,0,6,160,8,0,0,4,500.0,0,12.8,0,61090.0
8016,15,4354,402,1.77,0,1,14.0,1920,1080,157,0,5,0,6,160,4,0,0,4,500.0,0,6.0,0,60990.0
8017,9,2599,0,1.52,12,1,14.0,1366,768,112,0,5,0,6,166,4,0,0,4,1024.0,0,6.0,0,59990.0
8018,15,7325,156,1.6,0,1,14.0,1366,768,112,1,3,0,4,4,4,0,0,4,1024.0,0,6.0,0,30990.0
8019,9,3343,94,1.33,12,1,13.3,1920,1080,166,1,7,0,6,81,8,0,0,4,1024.0,0,6.0,0,103586.0
8020,9,3397,94,1.46,12,1,14.0,1920,1080,157,0,5,0,6,166,8,0,0,4,1024.0,0,6.0,0,101560.0
8021,9,3060,277,1.6,14,1,14.0,1366,768,112,0,5,0,6,166,8,0,0,4,1024.0,0,6.0,0,95299.0
8022,9,3404,94,1.75,14,1,15.6,1920,1080,141,0,7,0,8,237,16,0,0,2,1024.0,0,6.0,0,133554.0
8023,2,6750,458,1.7,12,1,15.6,1920,1080,141,0,5,0,6,235,8,0,0,2,1024.0,0,6.0,0,104718.0
8024,9,3394,94,1.23,14,1,13.3,1920,1080,166,0,5,0,6,166,8,0,0,4,1024.0,0,6.0,0,107669.0
8025,9,3059,277,1.6,14,1,14.0,1920,1080,157,0,7,0,8,166,8,0,0,4,1024.0,0,6.0,0,107599.0
8026,6,853,166,1.45,12,1,14.0,1920,1080,157,0,5,0,6,160,8,0,0,4,1024.0,0,6.0,0,66994.0
8027,9,3049,277,1.49,14,1,13.3,1366,768,118,0,5,0,6,166,8,0,0,4,1024.0,0,6.0,0,86322.0
8028,9,3048,277,1.49,14,1,13.3,1366,768,118,0,7,0,8,166,16,0,0,4,1024.0,0,6.0,0,106500.0
8029,9,3078,277,2.0,14,1,15.6,1366,768,100,0,5,0,6,237,8,0,0,2,1024.0,0,6.0,0,84993.0
8030,9,3061,277,1.6,14,1,14.0,1366,768,112,0,5,0,6,166,8,0,0,4,1024.0,0,6.0,0,81004.0
8031,9,3058,277,1.6,0,1,14.0,1366,768,112,0,5,0,6,166,8,0,0,4,1024.0,0,6.0,0,67347.0
8032,15,4493,402,1.75,14,1,14.0,1366,768,112,0,3,0,4,166,4,0,0,4,1024.0,0,6.0,0,48999.0
8033,9,3070,277,1.6,0,1,14.0,1920,1080,157,1,5,0,8,4,8,0,0,4,1024.0,0,6.0,0,59369.0
8034,9,8125,277,1.45,14,1,13.3,1920,1080,166,1,7,1,8,4,16,0,0,4,1024.0,0,6.0,0,108924.0
8035,9,1719,232,2.39,12,1,15.6,1920,1080,141,0,7,0,12,219,8,0,1,6,1024.0,0,6.0,0,138674.0
8036,15,7041,402,1.55,14,1,14.0,1920,1080,157,0,7,0,8,238,16,0,0,2,1024.0,0,6.0,0,110790.0
8037,15,7039,402,1.55,14,1,14.0,1920,1080,157,0,7,0,8,160,16,0,0,4,1024.0,0,6.0,0,141990.0
8038,15,7040,402,1.55,14,1,14.0,1920,1080,157,0,5,0,6,160,16,0,0,4,1024.0,0,6.0,0,120990.0
8039,15,3312,189,2.3,12,1,15.6,1920,1080,141,0,7,0,12,293,16,0,0,4,1024.0,0,6.0,0,98990.0
8040,15,4365,402,1.77,12,1,14.0,1920,1080,157,0,5,0,6,160,8,0,0,4,1024.0,0,12.8,0,58490.0
8041,15,7363,156,1.85,12,1,15.6,1366,768,100,0,3,0,4,160,4,0,0,4,1024.0,0,6.0,0,32990.0
8042,2,4589,377,2.3,12,1,15.6,1920,1080,141,1,7,0,8,318,16,0,0,6,1024.0,0,6.0,0,119990.0
8043,15,7372,156,2.53,0,1,15.6,1366,768,100,0,3,0,4,160,4,0,0,4,1024.0,0,6.0,0,38940.0
8044,2,4590,377,2.3,12,1,15.6,1920,1080,141,1,4,0,8,318,16,0,0,6,1024.0,0,6.0,0,119990.0
8045,15,2764,156,2.1,12,1,14.0,1920,1080,157,0,5,0,3,129,8,0,0,2,1024.0,0,6.0,0,49990.0
8046,15,7364,156,1.85,12,1,15.6,1920,1080,141,0,5,0,6,160,8,0,0,4,1024.0,0,6.0,0,46050.0
8047,15,4348,402,1.7,0,1,14.0,1920,1080,157,0,3,0,4,160,4,0,0,4,1024.0,0,6.0,0,37490.0
8048,0,6871,341,1.6,12,1,13.3,1920,1080,166,0,5,1,6,160,8,0,0,4,1024.0,0,6.0,0,64989.0
8049,15,4340,402,1.77,14,1,14.0,1366,768,112,0,3,0,4,160,8,0,0,4,500.0,0,6.0,0,59500.0
8050,15,7361,156,1.85,12,1,15.6,1920,1080,141,0,5,0,6,160,8,0,0,4,1024.0,0,6.0,0,44990.0
8051,15,4366,402,1.77,12,1,14.0,1920,1080,157,0,5,0,6,160,8,0,0,4,1024.0,0,6.0,0,60490.0
8052,15,7365,156,1.85,12,1,15.6,1920,1080,141,0,5,0,6,160,8,0,0,4,1024.0,0,6.0,0,49189.0
8053,15,5897,402,1.69,12,1,14.0,1366,768,112,0,7,0,8,9,8,0,0,2,500.0,0,6.0,0,74990.0
8054,15,118,160,1.38,12,1,14.0,1920,1080,157,0,5,0,6,239,8,0,0,2,1024.0,0,11.0,0,57990.0
8055,15,5890,156,2.2,12,1,15.6,1920,1080,141,0,5,0,8,201,8,0,0,3,1024.0,0,7.0,0,57990.0
8056,15,4336,402,1.73,14,1,14.0,1920,1080,157,0,5,0,6,160,8,0,1,4,1024.0,0,6.0,0,69990.0
8057,15,6686,156,1.6,12,1,14.0,1920,1080,157,0,5,0,6,160,8,0,0,4,1024.0,0,6.0,0,57990.0
8058,15,5859,402,1.38,14,1,13.3,1366,768,118,0,5,0,6,160,8,0,1,4,1024.0,0,6.0,0,88730.0
8059,15,4337,402,1.73,0,1,14.0,1920,1080,157,0,5,0,6,160,8,0,1,4,1024.0,0,6.0,0,59990.0
8060,15,5861,402,1.38,0,1,13.3,1366,768,118,0,5,0,6,160,8,0,1,4,1024.0,0,6.0,0,75390.0
8061,15,85,159,1.85,12,1,15.6,1920,1080,141,0,5,0,6,234,8,0,0,2,1024.0,0,6.0,0,57500.0
8062,15,6695,156,1.8,12,1,15.6,1920,1080,141,0,5,0,6,237,4,0,0,2,1024.0,0,6.0,0,63990.0
8063,15,4362,402,1.69,12,1,14.0,1920,1080,157,0,5,0,6,160,8,0,0,4,1024.0,0,6.0,0,67390.0
8064,15,7939,189,2.3,12,1,15.6,1920,1080,141,0,5,0,8,293,8,0,0,4,1024.0,0,6.0,0,75490.0
8065,15,4372,402,1.69,12,1,14.0,1920,1080,157,0,5,0,6,160,8,0,0,4,1024.0,0,6.0,0,59990.0
8066,15,6533,385,1.4,14,1,13.3,1920,1080,166,0,5,0,6,160,8,0,0,4,1024.0,0,6.0,0,112690.0
8067,15,3100,189,2.3,12,1,15.6,1920,1080,141,1,5,0,3,297,8,0,0,4,1024.0,0,6.0,0,75990.0
8068,15,7306,156,1.8,0,1,15.6,1366,768,100,0,5,0,6,166,4,0,0,4,1024.0,0,6.0,0,48990.0
8069,15,739,385,1.32,12,1,13.3,1920,1080,166,0,5,0,6,166,8,0,0,4,1024.0,0,6.0,0,68490.0
8070,15,6610,156,1.85,0,1,15.6,1366,768,100,0,5,0,6,233,8,0,0,2,1024.0,0,5.5,0,39489.0
8071,9,2372,494,1.77,14,1,15.6,1920,1080,141,0,5,0,6,166,8,0,0,4,1024.0,0,6.0,0,128599.0
8072,15,92,159,1.6,12,1,15.6,1920,1080,141,0,5,0,6,160,8,0,0,4,1024.0,0,6.0,0,49990.0
8073,9,1255,494,1.48,0,1,14.0,1920,1080,157,0,5,0,6,37,8,0,0,2,1024.0,0,6.0,0,100799.0
8074,15,3310,189,2.5,12,1,15.6,1920,1080,141,0,7,0,12,297,8,0,0,4,1024.0,0,6.0,0,110000.0
8075,15,79,477,1.37,12,1,13.9,3840,2160,317,0,7,1,8,166,16,0,0,4,1024.0,0,6.0,0,69994.0
8076,16,5412,156,2.4,12,1,17.3,1920,1080,127,0,9,0,16,324,32,0,0,8,1024.0,0,6.0,0,246990.0
8077,2,4466,430,1.6,12,1,11.6,1366,768,135,0,1,0,12,137,4,0,0,4,500.0,0,6.0,0,23990.0
8078,9,3398,94,1.33,14,1,14.0,1920,1080,157,0,7,0,8,166,8,0,0,4,1024.0,0,6.0,0,125648.0
8079,3,6288,18,1.33,12,1,14.0,1920,1080,157,0,5,0,12,160,8,0,0,4,1024.0,0,6.0,0,87843.0
8080,2,5853,447,1.8,12,1,15.6,1920,1080,141,1,7,0,8,72,8,0,0,4,1024.0,0,6.0,0,64500.0
8081,6,852,166,1.45,12,1,14.0,1920,1080,157,0,5,0,6,315,8,0,0,2,1024.0,0,6.0,0,87990.0
8082,9,8006,94,1.27,14,1,13.3,1920,1080,166,0,5,1,6,166,8,0,0,4,1024.0,0,6.0,0,167890.0
8083,9,3393,94,1.33,14,1,13.3,1920,1080,166,0,5,0,6,166,8,0,1,4,1024.0,0,6.0,0,110920.0
8084,2,6415,107,1.68,12,1,14.0,1366,768,112,0,5,0,6,160,4,0,0,4,1024.0,0,6.0,0,61249.0
8085,9,3057,277,1.6,14,1,14.0,1366,768,112,0,5,0,6,166,8,0,1,4,1024.0,0,6.0,0,79060.0
8086,9,8007,94,1.27,14,1,13.3,1920,1080,166,0,7,1,8,166,8,0,1,4,1024.0,0,6.0,0,156915.0
8087,2,4471,156,1.65,12,1,14.0,1366,768,112,1,4,0,1,41,4,0,0,4,1024.0,0,6.0,0,24990.0
8088,0,3578,28,1.9,12,1,15.6,1920,1080,141,0,5,0,6,238,4,0,0,2,1024.0,0,6.0,0,45018.0
8089,9,8008,94,1.27,14,1,13.3,1920,1080,166,0,7,1,8,166,16,0,0,4,1024.0,0,6.0,0,169081.0
8090,2,5060,311,2.35,12,1,15.6,1920,1080,141,0,7,0,16,307,16,0,0,6,1024.0,0,6.0,0,142517.0
8091,15,78,477,1.37,12,1,13.9,3840,2160,317,0,7,1,8,166,16,0,0,4,1024.0,0,6.0,0,64989.0
8092,2,4968,303,2.2,12,1,15.6,1920,1080,141,0,7,0,12,297,8,0,0,4,1024.0,0,6.0,0,90000.0
8093,9,8005,94,1.27,14,1,13.3,1920,1080,166,0,7,1,8,166,8,0,0,4,1024.0,0,6.0,0,164215.0
8094,15,5895,402,1.7,14,1,14.0,1366,768,112,0,5,0,3,129,8,0,0,4,500.0,0,12.0,0,67221.0
8095,15,2644,156,1.85,12,1,15.6,1920,1080,141,1,5,0,4,86,8,0,0,4,1024.0,0,6.0,0,40740.0
8096,2,7899,447,2.0,12,1,15.6,1920,1080,141,0,3,0,4,160,4,0,0,4,1024.0,0,6.0,0,39900.0
8097,2,7782,427,2.0,12,1,15.6,1920,1080,141,0,5,0,6,315,8,0,0,2,1024.0,0,6.0,0,65287.0
8098,6,1269,118,2.35,12,1,15.6,1920,1080,141,0,7,0,12,297,16,0,0,4,1024.0,0,6.0,0,91990.0
8099,15,6622,156,1.8,12,1,15.6,1920,1080,141,1,4,0,1,43,4,0,0,4,1024.0,0,6.0,0,35605.0
8100,15,3095,157,1.5,12,1,14.0,1920,1080,157,0,3,0,4,160,8,0,0,4,1024.0,0,6.0,0,66000.0
8101,15,3165,156,2.2,12,1,15.6,1920,1080,141,0,5,0,6,313,4,0,0,2,1024.0,0,6.0,0,51950.0
8102,9,2601,156,1.52,14,1,14.0,1366,768,112,0,3,0,3,129,4,0,0,4,1024.0,0,6.0,0,38900.0
8103,15,5872,402,1.2,14,1,14.0,1920,1080,157,0,7,0,8,160,16,0,0,4,1024.0,0,5.0,0,99990.0
8104,15,4496,402,2.2,14,1,14.0,1366,768,112,0,3,0,4,160,4,0,0,4,500.0,0,6.0,0,52000.0
8105,6,893,460,1.36,12,1,14.0,1920,1080,157,0,7,0,6,238,8,0,0,2,1024.0,0,6.0,0,94920.0
8106,2,7725,156,1.9,12,1,15.6,1920,1080,141,0,3,0,4,160,4,0,0,4,1024.0,0,6.0,0,39990.0
8107,9,2629,9,2.2,12,1,15.6,1366,768,100,0,5,0,6,160,8,0,0,4,1024.0,0,6.0,0,49999.0
8108,9,2628,9,1.78,12,1,15.6,1366,768,100,0,1,0,4,161,4,0,0,4,1024.0,0,6.0,0,36346.0
8109,2,5497,326,2.6,12,1,17.3,1920,1080,127,0,7,0,12,318,16,0,0,6,1024.0,0,6.0,0,183990.0
8110,15,5898,156,1.4,14,1,14.0,1366,768,112,0,5,0,6,160,8,0,0,4,1024.0,0,12.0,0,72990.0
8111,2,4885,315,2.1,14,1,15.6,1920,1080,141,1,7,0,12,249,32,0,0,6,1024.0,0,6.0,0,64989.0
8112,2,7898,447,2.5,12,1,15.6,1920,1080,141,0,3,0,4,160,4,0,0,4,1024.0,0,6.0,0,36491.0
8113,15,2649,156,1.85,12,1,15.6,1920,1080,141,0,5,0,6,160,8,0,0,4,1024.0,0,6.0,0,57999.0
8114,9,2160,156,1.75,12,1,15.6,1920,1080,141,0,3,0,4,312,8,0,0,2,1024.0,0,6.0,0,43990.0
8115,9,1544,156,3.1,12,1,15.6,1920,1080,141,0,3,0,4,160,4,0,0,4,1024.0,0,6.0,0,35994.0
8116,6,5924,19,2.5,12,1,15.6,1920,1080,141,0,7,0,12,304,16,0,0,6,1024.0,0,12.0,0,210407.0
8117,0,7963,35,2.2,7,1,14.0,1366,768,112,0,3,0,3,125,4,0,0,4,500.0,0,4.5,0,27990.0
8118,2,4884,315,1.6,12,1,14.0,1920,1080,157,1,7,0,12,307,32,0,0,6,1024.0,0,6.0,0,64989.0
8119,9,2563,232,3.78,12,1,17.3,1920,1080,127,0,7,0,9,205,12,0,0,4,1024.0,0,6.0,0,279079.0
8120,6,1472,183,1.45,12,1,15.0,1920,1080,147,0,7,1,12,160,8,0,0,4,1024.0,0,6.0,0,64989.0
8121,15,3112,157,1.5,12,1,14.0,1920,1080,157,1,5,0,8,4,8,0,0,4,1024.0,0,6.0,0,61990.0
8122,15,3110,157,1.5,12,1,14.0,1920,1080,157,0,3,0,4,160,4,0,0,4,1024.0,0,6.0,0,66100.0
8123,15,6663,156,1.85,12,1,15.6,1920,1080,141,0,3,0,4,160,8,0,0,4,1024.0,0,6.0,0,39990.0
8124,6,809,166,1.66,12,1,14.0,1920,1080,157,0,3,0,4,160,4,0,0,4,1024.0,0,5.0,0,37641.0
8125,2,7775,427,1.75,12,1,15.6,1920,1080,141,0,5,0,6,314,8,0,0,2,1024.0,0,6.0,0,49990.0
8126,6,1271,118,2.34,12,1,15.6,1920,1080,141,0,5,0,8,297,8,0,0,4,1024.0,0,6.0,0,81090.0
8127,2,6070,424,1.5,12,1,14.0,1920,1080,157,1,5,0,6,86,8,0,0,4,1024.0,0,6.0,0,42990.0
8128,15,752,385,1.5,0,1,14.0,1920,1080,157,0,3,0,4,160,4,0,0,4,1024.0,0,6.0,0,38500.0
8129,15,753,385,1.5,12,1,15.6,1920,1080,141,0,5,0,6,160,8,0,1,4,1024.0,0,6.0,0,57990.0
8130,9,3047,277,1.49,14,1,13.3,1366,768,118,0,7,0,8,166,8,0,0,4,1024.0,0,6.0,0,85899.0
8131,2,4666,374,2.3,12,1,15.6,1920,1080,141,0,7,0,9,289,8,0,0,4,1024.0,0,6.0,0,86000.0
8132,15,2789,156,2.21,12,1,15.6,1920,1080,141,0,5,0,8,166,4,0,0,4,1024.0,0,6.0,0,33494.0
8133,2,4247,49,1.5,3,1,14.0,1920,1080,157,0,4,1,4,164,4,0,0,4,1024.0,0,6.0,0,64625.0
8134,9,931,156,1.47,12,1,14.0,1366,768,112,0,2,0,2,127,4,0,0,4,1024.0,0,6.0,0,23994.0
8135,9,3054,277,1.6,0,1,14.0,1366,768,112,0,5,0,6,166,8,0,0,4,1024.0,0,6.0,0,61999.0
8136,9,3055,277,1.6,14,1,14.0,1366,768,112,0,3,0,4,166,4,0,0,4,1024.0,0,6.0,0,59999.0
8137,2,5144,302,2.85,12,1,17.3,1920,1080,127,0,7,0,12,209,16,0,0,4,1024.0,0,6.0,0,98100.0
8138,9,8029,338,1.3,12,1,13.3,3840,2160,331,0,7,1,8,147,16,0,1,4,1024.0,0,6.0,0,159990.0
8139,9,2630,9,1.78,0,1,15.6,1366,768,100,0,5,0,6,233,8,0,0,2,1024.0,0,9.0,0,46999.0
8140,15,2742,156,2.2,12,1,14.0,1366,768,112,0,3,0,3,123,4,0,0,4,1024.0,0,4.0,0,30999.0
8141,9,1210,156,1.43,12,1,14.0,1920,1080,157,0,3,0,3,129,4,0,1,4,1024.0,0,6.0,0,25994.0
8142,9,1621,156,2.04,12,1,15.6,1366,768,100,0,5,0,6,166,8,0,0,4,1024.0,0,6.0,0,66757.0
8143,3,6280,201,1.3,12,1,13.3,1920,1080,166,0,7,0,8,166,8,0,0,4,1024.0,0,6.0,0,84180.0
8144,25,6298,229,2.2,12,1,13.3,1920,1080,166,0,7,1,8,166,8,0,0,4,1024.0,0,6.0,0,64989.0
8145,9,1205,156,1.47,12,1,14.0,1366,768,112,0,5,0,6,160,8,0,0,4,1024.0,0,6.0,0,48240.0
8146,15,5896,402,1.69,14,1,14.0,1366,768,112,0,5,0,6,166,8,0,0,4,1024.0,0,6.0,0,83900.0
8147,15,6458,402,2.5,14,1,15.6,1920,1080,141,0,7,0,12,330,64,0,0,6,1024.0,0,6.0,0,221990.0
8148,9,3402,94,1.78,14,1,14.0,1920,1080,157,0,5,0,6,53,8,0,0,2,1024.0,0,6.0,0,110590.0
8149,11,6196,214,1.33,12,1,13.9,3000,2000,259,0,5,1,6,166,8,0,0,4,1024.0,0,12.0,0,77899.0
8150,15,7303,156,1.8,0,1,15.6,1920,1080,141,0,5,0,6,129,4,0,0,4,1024.0,0,6.0,0,36990.0
8151,11,6198,156,1.0,12,1,13.0,3000,2000,277,0,5,0,6,160,8,0,0,4,1024.0,0,6.0,0,97330.0
8152,15,6640,156,1.85,0,1,15.6,1366,768,100,0,3,0,3,129,4,0,0,4,1024.0,0,5.5,0,25290.0
8153,9,2631,9,1.9,0,1,15.6,1366,768,100,0,1,0,4,161,4,0,0,4,1024.0,0,6.0,0,19421.0
8154,2,7713,447,1.68,12,1,15.6,1920,1080,141,0,5,0,6,234,8,0,0,2,1024.0,0,6.0,0,48990.0
8155,15,7434,156,2.2,0,1,14.0,1366,768,112,0,3,0,4,166,4,0,0,4,1024.0,0,5.0,0,36490.0
8156,6,3024,168,2.27,12,1,15.6,1366,768,100,1,4,0,12,43,4,0,0,4,1024.0,0,6.0,0,26740.0
8157,15,7305,156,1.8,12,1,15.6,1366,768,100,0,3,0,3,129,4,0,0,4,1024.0,0,6.0,0,26990.0
8158,15,5884,156,2.19,12,1,15.6,1920,1080,141,0,5,0,8,287,8,0,0,3,1024.0,0,6.0,0,55990.0
8159,15,4357,402,1.77,12,1,14.0,1920,1080,157,0,5,0,6,160,8,0,0,4,1024.0,0,6.0,0,64990.0
8160,0,3943,225,2.3,12,1,15.6,1920,1080,141,0,7,0,8,293,8,0,0,4,1024.0,0,10.0,0,73490.0
8161,0,6803,362,1.5,12,1,14.0,1920,1080,157,1,4,0,12,83,4,0,0,4,1024.0,0,6.0,0,33490.0
8162,9,1204,156,1.43,12,1,14.0,1920,1080,157,0,3,0,4,166,8,0,1,4,1024.0,0,6.0,0,39990.0
8163,0,3574,28,1.9,12,1,15.6,1920,1080,141,0,5,0,6,314,8,0,0,2,1024.0,0,6.0,0,54990.0
8164,15,7444,399,2.2,14,1,14.0,1920,1080,157,0,5,0,6,166,8,0,1,4,1024.0,0,6.0,0,113985.0
8165,2,4613,377,2.3,12,1,15.6,1920,1080,141,1,7,0,8,297,16,0,0,4,1024.0,0,6.0,0,99990.0
8166,6,1467,120,2.2,12,1,15.6,1920,1080,141,0,7,0,12,318,16,0,0,6,1024.0,0,6.0,0,139490.0
8167,16,5387,156,2.2,12,1,15.6,1920,1080,141,0,7,0,12,209,8,0,1,4,1024.0,0,6.0,0,85940.0
8168,0,479,363,0.99,12,1,14.0,1920,1080,157,0,5,0,6,160,8,0,0,4,1024.0,0,12.0,0,74990.0
8169,0,3885,225,2.3,12,1,15.6,1920,1080,141,1,7,0,4,293,8,0,0,4,1024.0,0,6.0,0,60490.0
8170,2,6462,242,1.26,14,1,14.0,1920,1080,157,0,5,0,6,166,8,0,0,4,1024.0,0,6.0,0,76500.0
8171,6,1465,463,2.0,12,1,15.6,1920,1080,141,0,7,0,12,293,8,0,0,4,1024.0,0,10.0,0,145990.0
8172,15,6765,156,1.8,12,1,15.6,1920,1080,141,0,7,0,8,160,8,0,0,4,1024.0,0,6.0,0,67994.0
8173,2,5057,302,2.4,12,1,15.6,1920,1080,141,0,7,0,12,304,16,0,0,6,1024.0,0,6.0,0,119000.0
8174,0,6818,362,1.19,12,1,14.0,1920,1080,157,0,5,0,6,160,8,0,0,4,1024.0,0,13.0,0,49994.0
8175,2,7247,518,1.26,12,1,14.0,1920,1080,157,0,7,0,8,237,16,0,0,2,1024.0,0,6.0,0,89590.0
8176,9,1811,232,2.36,12,1,15.6,1920,1080,141,0,5,0,8,293,8,0,0,4,1024.0,0,6.0,0,97073.0
8177,15,5863,402,1.43,14,1,13.3,1920,1080,166,0,5,0,6,160,16,0,1,4,1024.0,0,6.0,0,104590.0
8178,2,7770,427,1.7,12,1,15.6,1920,1080,141,0,3,0,4,160,4,0,0,4,1024.0,0,6.0,0,39900.0
8179,9,1214,156,1.47,12,1,14.0,1920,1080,157,0,3,0,4,160,4,0,1,4,1024.0,0,6.0,0,43150.0
8180,15,7316,156,1.6,0,1,14.0,1366,768,112,0,5,0,6,166,4,0,0,4,1024.0,0,6.0,0,50099.0
8181,2,6739,441,1.4,12,1,14.0,1920,1080,157,0,5,0,6,237,8,0,0,2,1024.0,0,6.0,0,84000.0
8182,2,4610,377,2.3,12,1,15.6,1920,1080,141,1,5,0,11,293,8,0,0,4,1024.0,0,6.0,0,73990.0
8183,15,4359,402,1.77,12,1,14.0,1920,1080,157,0,5,0,6,160,8,0,0,4,1024.0,0,6.0,0,60490.0
8184,0,3667,30,1.8,12,1,15.6,1920,1080,141,1,5,0,12,86,8,0,0,4,1024.0,0,7.0,0,44990.0
8185,15,7931,189,2.3,12,1,15.6,1920,1080,141,0,7,0,12,209,8,0,0,4,1024.0,0,6.0,0,79994.0
8186,0,3688,30,1.8,12,1,15.6,1920,1080,141,0,3,0,4,160,4,0,0,4,1024.0,0,6.0,0,38399.0
8187,2,7611,424,1.5,12,1,14.0,1920,1080,157,0,2,0,4,162,4,0,0,4,1024.0,0,6.0,0,24720.0
8188,15,2820,156,1.87,12,1,15.6,1920,1080,141,0,5,0,6,166,8,0,0,4,1024.0,0,6.0,0,46990.0
8189,15,2816,156,2.48,12,1,15.6,1920,1080,141,0,3,0,3,9,8,0,0,2,1024.0,0,6.0,0,26240.0
8190,15,7922,189,2.41,12,1,15.6,1920,1080,141,0,5,0,6,201,8,0,0,4,2048.0,0,6.0,0,48494.0
8191,15,7934,189,2.3,12,1,15.6,1920,1080,141,0,7,0,12,209,8,0,0,4,1024.0,0,6.0,0,94998.0
8192,0,3336,56,2.1,14,1,15.6,3840,2160,282,0,7,0,12,338,32,0,0,16,1024.0,0,6.0,0,300000.0
8193,0,3335,56,2.1,12,1,15.6,3840,2160,282,0,7,0,12,251,32,0,0,8,1024.0,0,6.0,0,260999.0
8194,0,3334,56,2.1,12,1,15.6,3840,2160,282,0,7,0,12,251,32,0,0,8,1024.0,0,6.0,0,255999.0
8195,15,7596,402,1.22,14,1,13.3,1920,1080,166,0,5,0,6,160,8,0,0,4,1024.0,0,6.0,0,115900.0
8196,15,4338,402,1.77,0,1,14.0,1920,1080,157,0,5,0,6,160,8,0,0,4,1024.0,0,6.0,0,59073.0
8197,15,7935,189,2.3,12,1,15.6,1920,1080,141,0,7,0,12,293,16,0,0,4,1024.0,0,5.0,0,105999.0
